estimate,se,z,p,term,n,lambda,moran_ols_p,pseudo_r2,aic_sar,aic_ols,class,grain,response,thermal,moment,trait,p_adj
-0.319410898630353,0.0702592539615039,-4.54617549462399,5.46294910530598e-06,ax_thermal,1995,0.938520843245235,0,,1658.01474816123,4124.00582795456,Amphibia,50km,SES.body_mass.mean,Ectotherm,mean,body_mass,3.44586020488531e-05
0.00615606457188683,0.0482516312056577,0.127582517275913,0.898479367246104,ax_water,1995,0.938520843245235,0,,1658.01474816123,4124.00582795456,Amphibia,50km,SES.body_mass.mean,Ectotherm,mean,body_mass,0.931750515684612
-0.0499199595519514,0.0318985706898996,-1.56495913366294,0.117592491774482,ax_productivity,1995,0.938520843245235,0,,1658.01474816123,4124.00582795456,Amphibia,50km,SES.body_mass.mean,Ectotherm,mean,body_mass,0.204508681346926
-0.00536691306380515,0.0220157908500399,-0.243775619979395,0.807404603223008,ax_structure,1995,0.938520843245235,0,,1658.01474816123,4124.00582795456,Amphibia,50km,SES.body_mass.mean,Ectotherm,mean,body_mass,0.874599438101541
0.00441994548962435,0.0193780506951957,0.22809030480657,0.819576037101133,ax_human,1995,0.938520843245235,0,,1658.01474816123,4124.00582795456,Amphibia,50km,SES.body_mass.mean,Ectotherm,mean,body_mass,0.881958465121954
-0.588294467656347,0.0721789434949447,-8.15049984345574,4.44089209850063e-16,ax_thermal,1995,0.926447900844681,0,,2002.30477792417,4388.79599870874,Amphibia,50km,SES.body_length.mean,Ectotherm,mean,body_length,1.25570052440363e-14
-0.0325657844419284,0.0515658496378836,-0.631537823397047,0.527688926369609,ax_water,1995,0.926447900844681,0,,2002.30477792417,4388.79599870874,Amphibia,50km,SES.body_length.mean,Ectotherm,mean,body_length,0.645346636276032
-0.0142484152561225,0.0345246172900297,-0.412703061598811,0.679824181459038,ax_productivity,1995,0.926447900844681,0,,2002.30477792417,4388.79599870874,Amphibia,50km,SES.body_length.mean,Ectotherm,mean,body_length,0.776400875761018
0.0772333030776276,0.0239720407642826,3.22180759815419,0.00127384645105066,ax_structure,1995,0.926447900844681,0,,2002.30477792417,4388.79599870874,Amphibia,50km,SES.body_length.mean,Ectotherm,mean,body_length,0.00440477653948715
0.0026760123037905,0.0210412305643037,0.127179458236171,0.898798363300644,ax_human,1995,0.926447900844681,0,,2002.30477792417,4388.79599870874,Amphibia,50km,SES.body_length.mean,Ectotherm,mean,body_length,0.931750515684612
0.733536175494856,0.0725145665086982,10.1157079303076,0,ax_thermal,1995,0.960873764755991,0,,1379.20107480446,4787.81455732888,Amphibia,50km,SES.nocturnality.mean,Ectotherm,mean,nocturnality,0
0.211386223960931,0.0463155579269606,4.56404356165344,5.01776600758674e-06,ax_water,1995,0.960873764755991,0,,1379.20107480446,4787.81455732888,Amphibia,50km,SES.nocturnality.mean,Ectotherm,mean,nocturnality,3.20199854180633e-05
0.0933787965352821,0.0300301717397692,3.10949925110218,0.00187404759621646,ax_productivity,1995,0.960873764755991,0,,1379.20107480446,4787.81455732888,Amphibia,50km,SES.nocturnality.mean,Ectotherm,mean,nocturnality,0.00611021482663019
0.0909883571702022,0.0205108318145058,4.43611248890711,9.15979957993862e-06,ax_structure,1995,0.960873764755991,0,,1379.20107480446,4787.81455732888,Amphibia,50km,SES.nocturnality.mean,Ectotherm,mean,nocturnality,5.42313043721998e-05
-0.0237075846790414,0.0181494109504117,-1.30624540619064,0.191469116124932,ax_human,1995,0.960873764755991,0,,1379.20107480446,4787.81455732888,Amphibia,50km,SES.nocturnality.mean,Ectotherm,mean,nocturnality,0.299341611482258
0.316988885846526,0.0830444173111938,3.8171004880276,0.000135029184822333,ax_thermal,1995,0.952511601217882,0,,2062.91330317559,4755.99996437963,Amphibia,50km,SES.verticality.mean,Ectotherm,mean,verticality,0.000593694002972187
0.00756782997804705,0.0544563990276882,0.138970444487143,0.889473504267384,ax_water,1995,0.952511601217882,0,,2062.91330317559,4755.99996437963,Amphibia,50km,SES.verticality.mean,Ectotherm,mean,verticality,0.92677036022777
-0.0524285721444421,0.0355428274224712,-1.47508163943354,0.140190596030003,ax_productivity,1995,0.952511601217882,0,,2062.91330317559,4755.99996437963,Amphibia,50km,SES.verticality.mean,Ectotherm,mean,verticality,0.236292474295175
0.0904165552940047,0.0243668288441773,3.71064104698264,0.000206735071245578,ax_structure,1995,0.952511601217882,0,,2062.91330317559,4755.99996437963,Amphibia,50km,SES.verticality.mean,Ectotherm,mean,verticality,0.000858343080614553
-0.0337899564003919,0.0215190266677357,-1.57023628076331,0.11636015192077,ax_human,1995,0.952511601217882,0,,2062.91330317559,4755.99996437963,Amphibia,50km,SES.verticality.mean,Ectotherm,mean,verticality,0.202580306953357
-0.203087340110475,0.0843370960060429,-2.40804283913124,0.016038298943188,ax_thermal,1995,0.980567191566308,0,,1726.35925521988,5181.24102519341,Amphibia,50km,SES.habitat_breadth.mean,Ectotherm,mean,habitat_breadth,0.038680603333571
-0.130598831336772,0.0512230305652617,-2.54961156916283,0.0107842998594618,ax_water,1995,0.980567191566308,0,,1726.35925521988,5181.24102519341,Amphibia,50km,SES.habitat_breadth.mean,Ectotherm,mean,habitat_breadth,0.0276780152887596
-0.119981872684218,0.0327948010386184,-3.65856382366615,0.000253632581642238,ax_productivity,1995,0.980567191566308,0,,1726.35925521988,5181.24102519341,Amphibia,50km,SES.habitat_breadth.mean,Ectotherm,mean,habitat_breadth,0.00103730033389843
-0.21790547326549,0.0222393088533136,-9.79821246706698,0,ax_structure,1995,0.980567191566308,0,,1726.35925521988,5181.24102519341,Amphibia,50km,SES.habitat_breadth.mean,Ectotherm,mean,habitat_breadth,0
0.0267114134137481,0.0197591404456404,1.35185098194095,0.176422991128593,ax_human,1995,0.980567191566308,0,,1726.35925521988,5181.24102519341,Amphibia,50km,SES.habitat_breadth.mean,Ectotherm,mean,habitat_breadth,0.280906510146497
-0.751228471064446,0.0976450914634087,-7.69345862455319,1.4210854715202e-14,ax_thermal,1995,0.95473816175333,0,,2669.80245943083,5607.35154918955,Amphibia,50km,SES.range_size.mean,Ectotherm,mean,range_size,3.23691690735157e-13
-0.365013195983652,0.0635732470824562,-5.74161636749843,9.37770816555883e-09,ax_water,1995,0.95473816175333,0,,2669.80245943083,5607.35154918955,Amphibia,50km,SES.range_size.mean,Ectotherm,mean,range_size,9.55244806926489e-08
-0.0111163452207799,0.0414171056962399,-0.268399856385646,0.788391550045596,ax_productivity,1995,0.95473816175333,0,,2669.80245943083,5607.35154918955,Amphibia,50km,SES.range_size.mean,Ectotherm,mean,range_size,0.858952474776981
-0.243012737837184,0.0283650348624642,-8.5673343613184,0,ax_structure,1995,0.95473816175333,0,,2669.80245943083,5607.35154918955,Amphibia,50km,SES.range_size.mean,Ectotherm,mean,range_size,0
0.0772256151131475,0.0250632332984344,3.08123114817638,0.00206146548409669,ax_human,1995,0.95473816175333,0,,2669.80245943083,5607.35154918955,Amphibia,50km,SES.range_size.mean,Ectotherm,mean,range_size,0.00662902626258544
0.531739475483209,0.0759452644878582,7.00161463745012,2.53019827312073e-12,ax_thermal,1995,0.950341317413598,0,,1745.48955324349,4685.75857823421,Amphibia,50km,SES.body_mass.var,Ectotherm,var,body_mass,4.46185501926667e-11
0.0410123925659247,0.0501544398315655,0.817722074130572,0.4135159030034,ax_water,1995,0.950341317413598,0,,1745.48955324349,4685.75857823421,Amphibia,50km,SES.body_mass.var,Ectotherm,var,body_mass,0.534652535532706
0.0372252745272652,0.0327954103806259,1.13507573453803,0.256343587588357,ax_productivity,1995,0.950341317413598,0,,1745.48955324349,4685.75857823421,Amphibia,50km,SES.body_mass.var,Ectotherm,var,body_mass,0.375025409139077
-0.0577599406870447,0.0225060420314853,-2.56641930225849,0.0102754531685485,ax_structure,1995,0.950341317413598,0,,1745.48955324349,4685.75857823421,Amphibia,50km,SES.body_mass.var,Ectotherm,var,body_mass,0.0265800365874125
0.0189759831906004,0.0198654129247285,0.955227221427604,0.339462802653595,ax_human,1995,0.950341317413598,0,,1745.48955324349,4685.75857823421,Amphibia,50km,SES.body_mass.var,Ectotherm,var,body_mass,0.462391192983302
0.130163619156352,0.074008129699389,1.75877460604745,0.0786157996118519,ax_thermal,1995,0.919045118212862,0,,2248.04871289871,4393.8309500861,Amphibia,50km,SES.body_length.var,Ectotherm,var,body_length,0.147180264113513
0.0108151281384789,0.0541169068888466,0.199847492405518,0.841599856901565,ax_water,1995,0.919045118212862,0,,2248.04871289871,4393.8309500861,Amphibia,50km,SES.body_length.var,Ectotherm,var,body_length,0.89818896436042
-0.0100051932144577,0.0365397525251111,-0.273816666042877,0.784225515279483,ax_productivity,1995,0.919045118212862,0,,2248.04871289871,4393.8309500861,Amphibia,50km,SES.body_length.var,Ectotherm,var,body_length,0.856848664262726
0.0727788257574645,0.0254658489782069,2.85789905609458,0.00426456031759792,ax_structure,1995,0.919045118212862,0,,2248.04871289871,4393.8309500861,Amphibia,50km,SES.body_length.var,Ectotherm,var,body_length,0.0124890695015368
-0.00888893978011924,0.0223158294964242,-0.398324417272661,0.690391064044942,ax_human,1995,0.919045118212862,0,,2248.04871289871,4393.8309500861,Amphibia,50km,SES.body_length.var,Ectotherm,var,body_length,0.782475013844993
-0.768534487823706,0.0785648581342685,-9.78216604821291,0,ax_thermal,1995,0.956991733092329,0,,1763.42396399906,5068.13626046835,Amphibia,50km,SES.nocturnality.var,Ectotherm,var,nocturnality,0
-0.306055779514091,0.0507861801687096,-6.02635950365604,1.67693947616954e-09,ax_water,1995,0.956991733092329,0,,1763.42396399906,5068.13626046835,Amphibia,50km,SES.nocturnality.var,Ectotherm,var,nocturnality,1.88368543898496e-08
-0.146094812468427,0.0330269095912304,-4.42350841409694,9.71108479919103e-06,ax_productivity,1995,0.956991733092329,0,,1763.42396399906,5068.13626046835,Amphibia,50km,SES.nocturnality.var,Ectotherm,var,nocturnality,5.72884139232852e-05
-0.0961058763583517,0.022595956711298,-4.25323333666587,2.10705817789147e-05,ax_structure,1995,0.956991733092329,0,,1763.42396399906,5068.13626046835,Amphibia,50km,SES.nocturnality.var,Ectotherm,var,nocturnality,0.00011557108400475
0.00989331256146368,0.0199763477485109,0.49525131850997,0.62042272973975,ax_human,1995,0.956991733092329,0,,1763.42396399906,5068.13626046835,Amphibia,50km,SES.nocturnality.var,Ectotherm,var,nocturnality,0.727820655774815
0.403071327370126,0.0862885935440088,4.67120057026485,2.9944436752416e-06,ax_thermal,1995,0.957499358192258,0,,2128.957509778,4821.41499313548,Amphibia,50km,SES.verticality.var,Ectotherm,var,verticality,1.98019662395009e-05
-0.0516046206999566,0.0556901144597246,-0.926638797578291,0.354114103901069,ax_water,1995,0.957499358192258,0,,2128.957509778,4821.41499313548,Amphibia,50km,SES.verticality.var,Ectotherm,var,verticality,0.476803883741997
0.0539333472010996,0.0362015790880228,1.48980648247312,0.136275126160477,ax_productivity,1995,0.957499358192258,0,,2128.957509778,4821.41499313548,Amphibia,50km,SES.verticality.var,Ectotherm,var,verticality,0.230641080395442
0.0775170980258506,0.0247623720207708,3.1304391179015,0.00174545175414287,ax_structure,1995,0.957499358192258,0,,2128.957509778,4821.41499313548,Amphibia,50km,SES.verticality.var,Ectotherm,var,verticality,0.00578291086221072
0.0424068231030668,0.0218942217659867,1.93689565933542,0.0527580991702654,ax_human,1995,0.957499358192258,0,,2128.957509778,4821.41499313548,Amphibia,50km,SES.verticality.var,Ectotherm,var,verticality,0.106062476083211
-0.354450177693053,0.089284922870499,-3.96987717855965,7.1909689993932e-05,ax_thermal,1995,0.966251997768661,0,,2126.25800342493,6046.22974262862,Amphibia,50km,SES.habitat_breadth.var,Ectotherm,var,habitat_breadth,0.00033791372948438
-0.128606833862928,0.056134217275498,-2.29105953738956,0.0219599704504971,ax_water,1995,0.966251997768661,0,,2126.25800342493,6046.22974262862,Amphibia,50km,SES.habitat_breadth.var,Ectotherm,var,habitat_breadth,0.0504402682616461
-0.152136160200951,0.0362566115621894,-4.19609427483312,2.71557248920917e-05,ax_productivity,1995,0.966251997768661,0,,2126.25800342493,6046.22974262862,Amphibia,50km,SES.habitat_breadth.var,Ectotherm,var,habitat_breadth,0.000141832448480989
-0.0971707083339517,0.0247084913823835,-3.932684793667,8.40023572941107e-05,ax_structure,1995,0.966251997768661,0,,2126.25800342493,6046.22974262862,Amphibia,50km,SES.habitat_breadth.var,Ectotherm,var,habitat_breadth,0.000385893181967343
-0.0480629928913061,0.0218904629213447,-2.19561336203819,0.0281196290265058,ax_human,1995,0.966251997768661,0,,2126.25800342493,6046.22974262862,Amphibia,50km,SES.habitat_breadth.var,Ectotherm,var,habitat_breadth,0.0616929233175205
0.0376804563159444,0.0847503483384146,0.444605326759053,0.656604997317239,ax_thermal,1995,0.9567842427703,0,,2069.34645246286,5680.13403560922,Amphibia,50km,SES.range_size.var,Ectotherm,var,range_size,0.758332532112868
-0.0564756270461056,0.0548204485886439,-1.03019272005382,0.302919546457266,ax_water,1995,0.9567842427703,0,,2069.34645246286,5680.13403560922,Amphibia,50km,SES.range_size.var,Ectotherm,var,range_size,0.425696706246714
0.0637867255513939,0.035656280520719,1.78893380408338,0.0736254769165923,ax_productivity,1995,0.9567842427703,0,,2069.34645246286,5680.13403560922,Amphibia,50km,SES.range_size.var,Ectotherm,var,range_size,0.139914000165946
0.0404951152401551,0.0243971475400673,1.65982991141281,0.096948674550889,ax_structure,1995,0.9567842427703,0,,2069.34645246286,5680.13403560922,Amphibia,50km,SES.range_size.var,Ectotherm,var,range_size,0.176075112141149
-0.0158994035916512,0.0215676665007484,-0.737187010523347,0.461008631545516,ax_human,1995,0.9567842427703,0,,2069.34645246286,5680.13403560922,Amphibia,50km,SES.range_size.var,Ectotherm,var,range_size,0.582925332100729
0.0929802711389847,0.0731295652532585,1.2714456980153,0.20357013405694,ax_thermal,1995,0.940249876166751,0,,1784.37284839457,4742.52298569217,Amphibia,50km,SES.body_mass.skew,Ectotherm,skew,body_mass,0.314068692242127
0.229609709371643,0.0499353526174562,4.59813934089206,4.26280867982243e-06,ax_water,1995,0.940249876166751,0,,1784.37284839457,4742.52298569217,Amphibia,50km,SES.body_mass.skew,Ectotherm,skew,body_mass,2.76324357111019e-05
0.0192919134440235,0.0329557243503038,0.585388845924295,0.558286287022968,ax_productivity,1995,0.940249876166751,0,,1784.37284839457,4742.52298569217,Amphibia,50km,SES.body_mass.skew,Ectotherm,skew,body_mass,0.672238994653207
-0.031944609247485,0.0227260896379591,-1.40563597857717,0.159832246668193,ax_structure,1995,0.940249876166751,0,,1784.37284839457,4742.52298569217,Amphibia,50km,SES.body_mass.skew,Ectotherm,skew,body_mass,0.261340861949986
0.00279775836612989,0.0200114172339135,0.139808107213342,0.888811607582691,ax_human,1995,0.940249876166751,0,,1784.37284839457,4742.52298569217,Amphibia,50km,SES.body_mass.skew,Ectotherm,skew,body_mass,0.926669444650739
0.250076955238047,0.0919577192479366,2.71947757385967,0.00653851286036011,ax_thermal,1995,0.941822071017241,0,,2668.27458942897,5437.49739279332,Amphibia,50km,SES.body_length.skew,Ectotherm,skew,body_length,0.0181920917705189
0.00562718315947272,0.0624645905886936,0.0900859688095237,0.928218899148808,ax_water,1995,0.941822071017241,0,,2668.27458942897,5437.49739279332,Amphibia,50km,SES.body_length.skew,Ectotherm,skew,body_length,0.953808893862184
-0.0946999900789975,0.0411622305517775,-2.30065253533517,0.0214112789879199,ax_productivity,1995,0.941822071017241,0,,2668.27458942897,5437.49739279332,Amphibia,50km,SES.body_length.skew,Ectotherm,skew,body_length,0.0492489446566462
0.0782263549898135,0.0283634254391008,2.75800097409861,0.00581560246118684,ax_structure,1995,0.941822071017241,0,,2668.27458942897,5437.49739279332,Amphibia,50km,SES.body_length.skew,Ectotherm,skew,body_length,0.0164725181974895
-0.0522670513727198,0.0249846752739823,-2.09196440616333,0.0364416998514303,ax_human,1995,0.941822071017241,0,,2668.27458942897,5437.49739279332,Amphibia,50km,SES.body_length.skew,Ectotherm,skew,body_length,0.0776160879952542
-1.16067820614858,0.0977595386323404,-11.8727872736155,0,ax_thermal,1990,0.946349550918216,0,,2795.09438924703,5780.25922763129,Amphibia,50km,SES.nocturnality.skew,Ectotherm,skew,nocturnality,0
-0.219978202505203,0.065009988192001,-3.38376007476755,0.000715004542844566,ax_water,1990,0.946349550918216,0,,2795.09438924703,5780.25922763129,Amphibia,50km,SES.nocturnality.skew,Ectotherm,skew,nocturnality,0.00265897381012492
-0.137524804045499,0.0426913444874118,-3.22137439560026,0.00127577369283927,ax_productivity,1990,0.946349550918216,0,,2795.09438924703,5780.25922763129,Amphibia,50km,SES.nocturnality.skew,Ectotherm,skew,nocturnality,0.00440477653948715
-0.103602953609235,0.0293852984657401,-3.52567300720202,0.000422408172466193,ax_structure,1990,0.946349550918216,0,,2795.09438924703,5780.25922763129,Amphibia,50km,SES.nocturnality.skew,Ectotherm,skew,nocturnality,0.00163770544407697
0.0309756429057232,0.0258950650323906,1.19619869141003,0.231619031413049,ax_human,1990,0.946349550918216,0,,2795.09438924703,5780.25922763129,Amphibia,50km,SES.nocturnality.skew,Ectotherm,skew,nocturnality,0.34619165336162
0.171817557873253,0.0805220291790446,2.13379567833802,0.0328595098258364,ax_thermal,1994,0.94945863819278,0,,1994.72285568457,5026.21194320939,Amphibia,50km,SES.verticality.skew,Ectotherm,skew,verticality,0.0708141867468748
0.0799344859270384,0.0533362680441327,1.49868914452165,0.133954294192185,ax_water,1994,0.94945863819278,0,,1994.72285568457,5026.21194320939,Amphibia,50km,SES.verticality.skew,Ectotherm,skew,verticality,0.227417228235179
0.0081568965261262,0.0348799798633558,0.233856113394597,0.815096684951992,ax_productivity,1994,0.94945863819278,0,,1994.72285568457,5026.21194320939,Amphibia,50km,SES.verticality.skew,Ectotherm,skew,verticality,0.879446423237676
0.0904963498087918,0.0239657572624575,3.77606886432731,0.000159322959644381,ax_structure,1994,0.94945863819278,0,,1994.72285568457,5026.21194320939,Amphibia,50km,SES.verticality.skew,Ectotherm,skew,verticality,0.000691242470414776
-0.00541567285569388,0.0211436810685726,-0.256136707611599,0.797845278575532,ax_human,1994,0.94945863819278,0,,1994.72285568457,5026.21194320939,Amphibia,50km,SES.verticality.skew,Ectotherm,skew,verticality,0.865387736021079
0.521652982055413,0.104206896522917,5.00593530237887,5.5591428349544e-07,ax_thermal,1995,0.947763479388146,0,,3055.14879148727,5757.38627005277,Amphibia,50km,SES.habitat_breadth.skew,Ectotherm,skew,habitat_breadth,4.28027899029353e-06
0.0202407394042904,0.0694041113195777,0.291636028751813,0.770564925354317,ax_water,1995,0.947763479388146,0,,3055.14879148727,5757.38627005277,Amphibia,50km,SES.habitat_breadth.skew,Ectotherm,skew,habitat_breadth,0.84530199169303
0.138560417227993,0.0454851271614173,3.04627964952743,0.0023169223359687,ax_productivity,1995,0.947763479388146,0,,3055.14879148727,5757.38627005277,Amphibia,50km,SES.habitat_breadth.skew,Ectotherm,skew,habitat_breadth,0.00736386168796252
0.212894240815924,0.0312524825086222,6.81207455302755,9.62008250837698e-12,ax_structure,1995,0.947763479388146,0,,3055.14879148727,5757.38627005277,Amphibia,50km,SES.habitat_breadth.skew,Ectotherm,skew,habitat_breadth,1.49914294814513e-10
-0.03889292824047,0.0275686291045154,-1.41076758271233,0.158313156008444,ax_human,1995,0.947763479388146,0,,3055.14879148727,5757.38627005277,Amphibia,50km,SES.habitat_breadth.skew,Ectotherm,skew,habitat_breadth,0.259633575853848
0.81487726707901,0.11718238567451,6.95392283053908,3.5527136788005e-12,ax_thermal,1995,0.972656780180112,0,,3124.01656335292,6119.06963713555,Amphibia,50km,SES.range_size.skew,Ectotherm,skew,range_size,5.95093135766732e-11
0.284159844975767,0.0724293180529324,3.92327102635564,8.73547864312929e-05,ax_water,1995,0.972656780180112,0,,3124.01656335292,6119.06963713555,Amphibia,50km,SES.range_size.skew,Ectotherm,skew,range_size,0.000395750966152819
0.128117232948034,0.0465860597332307,2.75011953536489,0.00595735282277343,ax_productivity,1995,0.972656780180112,0,,3124.01656335292,6119.06963713555,Amphibia,50km,SES.range_size.skew,Ectotherm,skew,range_size,0.0168449286712904
0.229153358195272,0.0316714634479409,7.23532585009645,4.64517313503166e-13,ax_structure,1995,0.972656780180112,0,,3124.01656335292,6119.06963713555,Amphibia,50km,SES.range_size.skew,Ectotherm,skew,range_size,9.17841438729146e-12
-0.0222861612681018,0.0280975961565142,-0.793169677005803,0.427678971794551,ax_human,1995,0.972656780180112,0,,3124.01656335292,6119.06963713555,Amphibia,50km,SES.range_size.skew,Ectotherm,skew,range_size,0.548821215761396
-0.299224816751599,0.0738117380021452,-4.05389203466396,5.03724714393528e-05,ax_thermal,1995,0.92577094883085,0,,2104.91403759911,4430.80064246956,Amphibia,50km,SES.body_mass.kurt,Ectotherm,kurt,body_mass,0.000248080640121737
0.174162675542722,0.0528465477931834,3.29563013698289,0.000982012089693729,ax_water,1995,0.92577094883085,0,,2104.91403759911,4430.80064246956,Amphibia,50km,SES.body_mass.kurt,Ectotherm,kurt,body_mass,0.00348593036168337
-0.0278860778262921,0.0354087004864105,-0.787548750539277,0.430960702088239,ax_productivity,1995,0.92577094883085,0,,2104.91403759911,4430.80064246956,Amphibia,50km,SES.body_mass.kurt,Ectotherm,kurt,body_mass,0.551806828766185
-0.0218856305412463,0.0245942589594866,-0.889867451477108,0.373537062838427,ax_structure,1995,0.92577094883085,0,,2104.91403759911,4430.80064246956,Amphibia,50km,SES.body_mass.kurt,Ectotherm,kurt,body_mass,0.495231029147147
0.0251610471872071,0.0215840924336056,1.16572180482476,0.243726941262762,ax_human,1995,0.92577094883085,0,,2104.91403759911,4430.80064246956,Amphibia,50km,SES.body_mass.kurt,Ectotherm,kurt,body_mass,0.359776942998137
-0.0933571574042849,0.0979462025313134,-0.953147288935869,0.340515449090694,ax_thermal,1995,0.912320751839833,0,,3497.81199721453,5576.79976284868,Amphibia,50km,SES.body_length.kurt,Ectotherm,kurt,body_length,0.463365777353459
-0.0195621799672203,0.073088032097892,-0.267652301008999,0.788966968786787,ax_water,1995,0.912320751839833,0,,3497.81199721453,5576.79976284868,Amphibia,50km,SES.body_length.kurt,Ectotherm,kurt,body_length,0.858952474776981
-0.081810190238788,0.0497477972969339,-1.64449874535109,0.100073223249852,ax_productivity,1995,0.912320751839833,0,,3497.81199721453,5576.79976284868,Amphibia,50km,SES.body_length.kurt,Ectotherm,kurt,body_length,0.180153771821906
-0.0224099103799714,0.0347884458135275,-0.644176819513371,0.519460780644227,ax_structure,1995,0.912320751839833,0,,3497.81199721453,5576.79976284868,Amphibia,50km,SES.body_length.kurt,Ectotherm,kurt,body_length,0.638617451466666
-0.0342976405545462,0.0304414958590822,-1.12667395562014,0.259880357899936,ax_human,1995,0.912320751839833,0,,3497.81199721453,5576.79976284868,Amphibia,50km,SES.body_length.kurt,Ectotherm,kurt,body_length,0.378175498629897
1.51233077131098,0.142699778876465,10.5979895919825,0,ax_thermal,1990,0.943818217856498,0,,4348.62082693724,6913.02960152962,Amphibia,50km,SES.nocturnality.kurt,Ectotherm,kurt,nocturnality,0
0.295073834001735,0.0957112939065469,3.08295731838969,0.00204954548298208,ax_water,1990,0.943818217856498,0,,4348.62082693724,6913.02960152962,Amphibia,50km,SES.nocturnality.kurt,Ectotherm,kurt,nocturnality,0.00660632240740378
0.262879597066708,0.0630005370144204,4.17265644904799,3.01068732766474e-05,ax_productivity,1990,0.943818217856498,0,,4348.62082693724,6913.02960152962,Amphibia,50km,SES.nocturnality.kurt,Ectotherm,kurt,nocturnality,0.000156294652233038
0.111334334519679,0.043416688213743,2.56432121150222,0.0103377823949913,ax_structure,1990,0.943818217856498,0,,4348.62082693724,6913.02960152962,Amphibia,50km,SES.nocturnality.kurt,Ectotherm,kurt,nocturnality,0.026699154531946
-0.0185948351123087,0.0382355438690578,-0.486323280139259,0.626737975948346,ax_human,1990,0.943818217856498,0,,4348.62082693724,6913.02960152962,Amphibia,50km,SES.nocturnality.kurt,Ectotherm,kurt,nocturnality,0.733654732730397
-0.168416810203988,0.0788070316657521,-2.13707846424545,0.032591610246558,ax_thermal,1994,0.925207002405469,0,,2376.65780163837,4760.6387552395,Amphibia,50km,SES.verticality.kurt,Ectotherm,kurt,verticality,0.0703292642162567
-0.126506535899493,0.0565289387925013,-2.23790749661613,0.0252270880720276,ax_water,1994,0.925207002405469,0,,2376.65780163837,4760.6387552395,Amphibia,50km,SES.verticality.kurt,Ectotherm,kurt,verticality,0.0562125332039745
0.0863013627214045,0.0378743309182687,2.27862408731759,0.0226894208235662,ax_productivity,1994,0.925207002405469,0,,2376.65780163837,4760.6387552395,Amphibia,50km,SES.verticality.kurt,Ectotherm,kurt,verticality,0.0514670126564987
0.00804048753407292,0.0263355896563126,0.30530880982745,0.760130966792351,ax_structure,1994,0.925207002405469,0,,2376.65780163837,4760.6387552395,Amphibia,50km,SES.verticality.kurt,Ectotherm,kurt,verticality,0.836093082186087
0.0372331591096813,0.0231041441638504,1.61153595846834,0.107062956310527,ax_human,1994,0.925207002405469,0,,2376.65780163837,4760.6387552395,Amphibia,50km,SES.verticality.kurt,Ectotherm,kurt,verticality,0.189819727945151
0.321833308386635,0.127160834468067,2.53091535403107,0.0113765299464503,ax_thermal,1995,0.934953851120698,0,,4094.57268453639,6415.16643864485,Amphibia,50km,SES.habitat_breadth.kurt,Ectotherm,kurt,habitat_breadth,0.0289263707165559
-0.0422797832798671,0.0883662976057605,-0.478460503895899,0.632322479046515,ax_water,1995,0.934953851120698,0,,4094.57268453639,6415.16643864485,Amphibia,50km,SES.habitat_breadth.kurt,Ectotherm,kurt,habitat_breadth,0.738218969309608
0.109422302939946,0.0586283765705563,1.8663710193009,0.0619894748485055,ax_productivity,1995,0.934953851120698,0,,4094.57268453639,6415.16643864485,Amphibia,50km,SES.habitat_breadth.kurt,Ectotherm,kurt,habitat_breadth,0.1205963686258
0.155506493256506,0.0405356950744874,3.83628535222478,0.000124909268034434,ax_structure,1995,0.934953851120698,0,,4094.57268453639,6415.16643864485,Amphibia,50km,SES.habitat_breadth.kurt,Ectotherm,kurt,habitat_breadth,0.00055215956759157
0.00243231622187317,0.0356492499443057,0.0682290995090541,0.945603262880728,ax_human,1995,0.934953851120698,0,,4094.57268453639,6415.16643864485,Amphibia,50km,SES.habitat_breadth.kurt,Ectotherm,kurt,habitat_breadth,0.965622260974093
-0.308298644116065,0.0951231601421209,-3.24104711886616,0.00119091497349744,ax_thermal,1995,0.926392838012797,0,,3104.72726622191,5408.75949802407,Amphibia,50km,SES.range_size.kurt,Ectotherm,kurt,range_size,0.00417329178746965
-0.0210252575554741,0.0679695596323394,-0.309333437927269,0.757067897626593,ax_water,1995,0.926392838012797,0,,3104.72726622191,5408.75949802407,Amphibia,50km,SES.range_size.kurt,Ectotherm,kurt,range_size,0.833842412429559
-0.112999053378657,0.045510085932822,-2.4829452870174,0.0130301099346666,ax_productivity,1995,0.926392838012797,0,,3104.72726622191,5408.75949802407,Amphibia,50km,SES.range_size.kurt,Ectotherm,kurt,range_size,0.0326250080806919
-0.195322499419891,0.0316006339233859,-6.18096775822412,6.37098374056677e-10,ax_structure,1995,0.926392838012797,0,,3104.72726622191,5408.75949802407,Amphibia,50km,SES.range_size.kurt,Ectotherm,kurt,range_size,7.62657907629891e-09
-0.0112669813593697,0.0277368118375438,-0.406210397408366,0.684588015106443,ax_human,1995,0.926392838012797,0,,3104.72726622191,5408.75949802407,Amphibia,50km,SES.range_size.kurt,Ectotherm,kurt,range_size,0.778588311216758
-0.151632794391705,0.0782912830402653,-1.93677748662925,0.0527725490755489,ax_thermal,2619,0.948425703367177,0,,3129.98544281047,6980.45567409398,Amphibia,50km,SES.FDis,Ectotherm,multivariate,SES.FDis,0.106062476083211
-0.373764374524544,0.056771394009892,-6.58367441989214,4.58961757487941e-11,ax_water,2619,0.948425703367177,0,,3129.98544281047,6980.45567409398,Amphibia,50km,SES.FDis,Ectotherm,multivariate,SES.FDis,6.54519375895847e-10
-0.0789166611338929,0.0356564723644902,-2.21324926165396,0.0268804655527117,ax_productivity,2619,0.948425703367177,0,,3129.98544281047,6980.45567409398,Amphibia,50km,SES.FDis,Ectotherm,multivariate,SES.FDis,0.0592526391215689
-0.110750783727169,0.0203905171862101,-5.431484778722,5.58870836275816e-08,ax_structure,2619,0.948425703367177,0,,3129.98544281047,6980.45567409398,Amphibia,50km,SES.FDis,Ectotherm,multivariate,SES.FDis,5.00845995351004e-07
0.0113936884143113,0.020264482022639,0.562249180688783,0.573946257542052,ax_human,2619,0.948425703367177,0,,3129.98544281047,6980.45567409398,Amphibia,50km,SES.FDis,Ectotherm,multivariate,SES.FDis,0.686904851635416
-0.374835947690261,0.0933586730296442,-4.01500937755659,5.94434312766179e-05,ax_thermal,1995,0.955181273371426,0,,2482.96416081433,5543.67533021104,Amphibia,50km,SES.FRic,Ectotherm,multivariate,SES.FRic,0.000288423749389507
-0.237419201254206,0.0606965295897219,-3.91157785888321,9.16950853404597e-05,ax_water,1995,0.955181273371426,0,,2482.96416081433,5543.67533021104,Amphibia,50km,SES.FRic,Ectotherm,multivariate,SES.FRic,0.000414269807047807
-0.0923388749048117,0.0395287720487507,-2.33599148465656,0.0194916853447642,ax_productivity,1995,0.955181273371426,0,,2482.96416081433,5543.67533021104,Amphibia,50km,SES.FRic,Ectotherm,multivariate,SES.FRic,0.0457315650435097
-0.0623654981228566,0.0270663416089516,-2.30417169131681,0.0212130076355641,ax_structure,1995,0.955181273371426,0,,2482.96416081433,5543.67533021104,Amphibia,50km,SES.FRic,Ectotherm,multivariate,SES.FRic,0.0489990598905988
0.047226250094004,0.0239182276993689,1.97448785451817,0.0483262971220773,ax_human,1995,0.955181273371426,0,,2482.96416081433,5543.67533021104,Amphibia,50km,SES.FRic,Ectotherm,multivariate,SES.FRic,0.098707804356472
-0.0513830560453254,0.0815378354354144,-0.630174394143999,0.528580490348698,ax_thermal,2404,0.953989999948741,0,,2735.39370611529,6435.62766408839,Amphibia,50km,SES.RaoQ,Ectotherm,multivariate,SES.RaoQ,0.64595529371972
-0.443135055535508,0.0562647223452065,-7.87589518022853,3.33066907387547e-15,ax_water,2404,0.953989999948741,0,,2735.39370611529,6435.62766408839,Amphibia,50km,SES.RaoQ,Ectotherm,multivariate,SES.RaoQ,8.40353427870119e-14
-0.122306498870752,0.0358985280127067,-3.40700595933796,0.000656796929614956,ax_productivity,2404,0.953989999948741,0,,2735.39370611529,6435.62766408839,Amphibia,50km,SES.RaoQ,Ectotherm,multivariate,SES.RaoQ,0.00245923964513362
-0.122373299689894,0.0218400468042579,-5.60316105485802,2.1047748433034e-08,ax_structure,2404,0.953989999948741,0,,2735.39370611529,6435.62766408839,Amphibia,50km,SES.RaoQ,Ectotherm,multivariate,SES.RaoQ,2.00687833896371e-07
-0.00744778184029556,0.0201547769462745,-0.369529360714271,0.711733192669948,ax_human,2404,0.953989999948741,0,,2735.39370611529,6435.62766408839,Amphibia,50km,SES.RaoQ,Ectotherm,multivariate,SES.RaoQ,0.801127272463085
-0.14816013644252,0.0796843173054432,-1.85933871874183,0.0629791421088011,ax_thermal,2619,0.950703172763074,0,,3168.97012167546,7351.20092542004,Amphibia,50km,SES.trait_vol,Ectotherm,multivariate,SES.trait_vol,0.12223170776146
-0.38017495381832,0.0574105212878124,-6.62204322988837,3.54267726265789e-11,ax_water,2619,0.950703172763074,0,,3168.97012167546,7351.20092542004,Amphibia,50km,SES.trait_vol,Ectotherm,multivariate,SES.trait_vol,5.14158469978667e-10
-0.0893475252086326,0.0359653433699179,-2.48426726500725,0.0129818335105618,ax_productivity,2619,0.950703172763074,0,,3168.97012167546,7351.20092542004,Amphibia,50km,SES.trait_vol,Ectotherm,multivariate,SES.trait_vol,0.0325538332680755
-0.106843539898615,0.0205432597404823,-5.20090488307804,1.98320583510991e-07,ax_structure,2619,0.950703172763074,0,,3168.97012167546,7351.20092542004,Amphibia,50km,SES.trait_vol,Ectotherm,multivariate,SES.trait_vol,1.6344007887338e-06
0.00261690042588335,0.0204261876803837,0.128114970195662,0.898057989173594,ax_human,2619,0.950703172763074,0,,3168.97012167546,7351.20092542004,Amphibia,50km,SES.trait_vol,Ectotherm,multivariate,SES.trait_vol,0.931750515684612
0.130676261635257,0.0758020922488689,1.72391365143628,0.0847234325013697,ax_thermal,2404,0.931208905453164,0,,2924.25841799536,6092.94455409015,Amphibia,50km,SES.trait_dens,Ectotherm,multivariate,SES.trait_dens,0.157001615030787
-0.1752396108217,0.056209195516949,-3.11763243024638,0.00182310020003773,ax_water,2404,0.931208905453164,0,,2924.25841799536,6092.94455409015,Amphibia,50km,SES.trait_dens,Ectotherm,multivariate,SES.trait_dens,0.00597976865612376
-0.034597219015339,0.036800425516003,-0.940130950396052,0.347150394776203,ax_productivity,2404,0.931208905453164,0,,2924.25841799536,6092.94455409015,Amphibia,50km,SES.trait_dens,Ectotherm,multivariate,SES.trait_dens,0.470129353784453
-0.0413339624887232,0.0226627853806791,-1.82386947563657,0.0681718073550413,ax_structure,2404,0.931208905453164,0,,2924.25841799536,6092.94455409015,Amphibia,50km,SES.trait_dens,Ectotherm,multivariate,SES.trait_dens,0.130666540092619
0.00427250179361071,0.020825930778795,0.205152981587789,0.837452603314234,ax_human,2404,0.931208905453164,0,,2924.25841799536,6092.94455409015,Amphibia,50km,SES.trait_dens,Ectotherm,multivariate,SES.trait_dens,0.895904937661673
-0.210922019069402,0.0756612265512729,-2.78771609559445,0.00530810392844283,ax_thermal,3772,0.989721816668942,0,,4220.86959497272,14238.7971897396,Aves,50km,SES.body_mass.mean,Endotherm,mean,body_mass,0.0151660112241224
0.0701900686767788,0.0571664900538384,1.22781840568968,0.219515144706141,ax_water,3772,0.989721816668942,0,,4220.86959497272,14238.7971897396,Aves,50km,SES.body_mass.mean,Endotherm,mean,body_mass,0.334576986355085
-0.0342927690764125,0.0349179649078197,-0.982095295843911,0.326052902772723,ax_productivity,3772,0.989721816668942,0,,4220.86959497272,14238.7971897396,Aves,50km,SES.body_mass.mean,Endotherm,mean,body_mass,0.447470092508173
-0.181097279797434,0.0136156187402095,-13.3007014409576,0,ax_structure,3772,0.989721816668942,0,,4220.86959497272,14238.7971897396,Aves,50km,SES.body_mass.mean,Endotherm,mean,body_mass,0
0.018789666106823,0.0186388757070855,1.00809010168356,0.313411209081109,ax_human,3772,0.989721816668942,0,,4220.86959497272,14238.7971897396,Aves,50km,SES.body_mass.mean,Endotherm,mean,body_mass,0.436698711039099
-0.135313786850332,0.0719772942121673,-1.87995100859819,0.0601147551275461,ax_thermal,3772,0.986994786280729,0,,3872.21143429101,13527.5355125668,Aves,50km,SES.body_length.mean,Endotherm,mean,body_length,0.118069698693623
0.109402412782911,0.054493781724211,2.0076127829885,0.0446844551184955,ax_water,3772,0.986994786280729,0,,3872.21143429101,13527.5355125668,Aves,50km,SES.body_length.mean,Endotherm,mean,body_length,0.0926453936717227
-0.0109289077115754,0.0333703133080776,-0.327503898770106,0.743286794624388,ax_productivity,3772,0.986994786280729,0,,3872.21143429101,13527.5355125668,Aves,50km,SES.body_length.mean,Endotherm,mean,body_length,0.821422064140159
-0.181352093701581,0.0130205047338114,-13.9281922943163,0,ax_structure,3772,0.986994786280729,0,,3872.21143429101,13527.5355125668,Aves,50km,SES.body_length.mean,Endotherm,mean,body_length,0
0.0143729135128468,0.0178202292633754,0.806550426508056,0.419925544489251,ax_human,3772,0.986994786280729,0,,3872.21143429101,13527.5355125668,Aves,50km,SES.body_length.mean,Endotherm,mean,body_length,0.540988132727708
0.112530986990843,0.0463394598370928,2.42840523792137,0.0151653876600779,ax_thermal,3772,0.979131321864837,0,,668.986629470655,9545.90934395672,Aves,50km,SES.nocturnality.mean,Endotherm,mean,nocturnality,0.0370107675037616
0.0240852890162914,0.035358456846793,0.681174778657682,0.4957609049301,ax_water,3772,0.979131321864837,0,,668.986629470655,9545.90934395672,Aves,50km,SES.nocturnality.mean,Endotherm,mean,nocturnality,0.615945366731336
0.0496209125898646,0.0218404575831086,2.27197220575824,0.0230881891270782,ax_productivity,3772,0.979131321864837,0,,668.986629470655,9545.90934395672,Aves,50km,SES.nocturnality.mean,Endotherm,mean,nocturnality,0.0522270760943563
-0.0359868994039375,0.0085431320721385,-4.21237774390737,2.5269649112758e-05,ax_structure,3772,0.979131321864837,0,,668.986629470655,9545.90934395672,Aves,50km,SES.nocturnality.mean,Endotherm,mean,nocturnality,0.000134117231536968
0.0260025133734561,0.0116808528524094,2.2260800390181,0.0260088207111897,ax_human,3772,0.979131321864837,0,,668.986629470655,9545.90934395672,Aves,50km,SES.nocturnality.mean,Endotherm,mean,nocturnality,0.0577191691019636
0.270232148272315,0.0699448704955614,3.86350201748481,0.000111772969762169,ax_thermal,3772,0.993904721488487,0,,3601.48230368452,13574.4257397715,Aves,50km,SES.verticality.mean,Endotherm,mean,verticality,0.000500840629535404
0.183094372594618,0.0527221454528995,3.47281718188402,0.000515026047393397,ax_water,3772,0.993904721488487,0,,3601.48230368452,13574.4257397715,Aves,50km,SES.verticality.mean,Endotherm,mean,verticality,0.00195519147621567
0.0459718518546661,0.0320949577764391,1.4323699122737,0.152037984583538,ax_productivity,3772,0.993904721488487,0,,3601.48230368452,13574.4257397715,Aves,50km,SES.verticality.mean,Endotherm,mean,verticality,0.252115565942368
0.0842178152106143,0.0125052724916545,6.73458457357228,1.64399605040444e-11,ax_structure,3772,0.993904721488487,0,,3601.48230368452,13574.4257397715,Aves,50km,SES.verticality.mean,Endotherm,mean,verticality,2.49643844691044e-10
0.0119046972899061,0.0171228027684771,0.695254010156706,0.486896130077933,ax_human,3772,0.993904721488487,0,,3601.48230368452,13574.4257397715,Aves,50km,SES.verticality.mean,Endotherm,mean,verticality,0.608156628581729
-0.179480313556309,0.0881609991648928,-2.03582440372092,0.0417679909991942,ax_thermal,3772,0.990862028905876,0,,5365.0071514727,15836.2025402287,Aves,50km,SES.habitat_breadth.mean,Endotherm,mean,habitat_breadth,0.0873718179064776
-0.126217683699184,0.0665616212343884,-1.89625314645994,0.0579265785635692,ax_water,3772,0.990862028905876,0,,5365.0071514727,15836.2025402287,Aves,50km,SES.habitat_breadth.mean,Endotherm,mean,habitat_breadth,0.115151016780913
-0.132520268719333,0.0406165800867012,-3.26271361194005,0.00110350973578877,ax_productivity,3772,0.990862028905876,0,,5365.0071514727,15836.2025402287,Aves,50km,SES.habitat_breadth.mean,Endotherm,mean,habitat_breadth,0.00390033613511547
-0.217984934011525,0.0158339705420845,-13.7669154702638,0,ax_structure,3772,0.990862028905876,0,,5365.0071514727,15836.2025402287,Aves,50km,SES.habitat_breadth.mean,Endotherm,mean,habitat_breadth,0
0.0523662631765576,0.021677294883918,2.41571946393584,0.0157041554964665,ax_human,3772,0.990862028905876,0,,5365.0071514727,15836.2025402287,Aves,50km,SES.habitat_breadth.mean,Endotherm,mean,habitat_breadth,0.0381552815025261
-0.295893171613466,0.116008633457294,-2.55061337070566,0.0107533543693321,ax_thermal,3772,0.990321857961312,0,,7440.07582867977,17321.5975069802,Aves,50km,SES.range_size.mean,Endotherm,mean,range_size,0.0276418513569039
-0.393822526877089,0.0876165236326024,-4.49484310206695,6.96212622441905e-06,ax_water,3772,0.990321857961312,0,,7440.07582867977,17321.5975069802,Aves,50km,SES.range_size.mean,Endotherm,mean,range_size,4.26040560001763e-05
-0.107528042307372,0.0534891370589007,-2.01027812785548,0.0444017604631515,ax_productivity,3772,0.990321857961312,0,,7440.07582867977,17321.5975069802,Aves,50km,SES.range_size.mean,Endotherm,mean,range_size,0.0922926326483757
-0.322469717248745,0.0208544772176292,-15.4628530786736,0,ax_structure,3772,0.990321857961312,0,,7440.07582867977,17321.5975069802,Aves,50km,SES.range_size.mean,Endotherm,mean,range_size,0
0.103676580094708,0.028549566249528,3.63145902773293,0.000281823405051895,ax_human,3772,0.990321857961312,0,,7440.07582867977,17321.5975069802,Aves,50km,SES.range_size.mean,Endotherm,mean,range_size,0.00113281956932625
-0.371038444081403,0.058448575868809,-6.34811778672279,2.17965201443349e-10,ax_thermal,3772,0.988530497972903,0,,2284.87350350225,9446.82267503106,Aves,50km,SES.body_mass.var,Endotherm,var,body_mass,2.88276556747655e-09
-0.0352658707765827,0.0441985578774177,-0.797896412692711,0.424930605315679,ax_water,3772,0.988530497972903,0,,2284.87350350225,9446.82267503106,Aves,50km,SES.body_mass.var,Endotherm,var,body_mass,0.546577406053108
-0.0482891187400578,0.0270261805455861,-1.78675335416363,0.0739773615129,ax_productivity,3772,0.988530497972903,0,,2284.87350350225,9446.82267503106,Aves,50km,SES.body_mass.var,Endotherm,var,body_mass,0.140257656510007
-0.0692353392897542,0.0105411725548404,-6.56808708230109,5.09656761238375e-11,ax_structure,3772,0.988530497972903,0,,2284.87350350225,9446.82267503106,Aves,50km,SES.body_mass.var,Endotherm,var,body_mass,7.20549214164599e-10
-0.00344015444820487,0.0144288628453785,-0.238421730462753,0.811554014843782,ax_human,3772,0.988530497972903,0,,2284.87350350225,9446.82267503106,Aves,50km,SES.body_mass.var,Endotherm,var,body_mass,0.877934422390371
-0.240719547596885,0.0571018116306061,-4.21562014799302,2.49092730717493e-05,ax_thermal,3772,0.9825483952014,0,,2186.41470273398,8664.14904898057,Aves,50km,SES.body_length.var,Endotherm,var,body_length,0.000132633791680743
-0.00487108207733068,0.043408362449467,-0.112215292226268,0.91065270430956,ax_water,3772,0.9825483952014,0,,2186.41470273398,8664.14904898057,Aves,50km,SES.body_length.var,Endotherm,var,body_length,0.942252640421249
-0.0434232182369838,0.0267064854920158,-1.62594281639812,0.103961820620175,ax_productivity,3772,0.9825483952014,0,,2186.41470273398,8664.14904898057,Aves,50km,SES.body_length.var,Endotherm,var,body_length,0.185323245453356
-0.0807318009737413,0.0104339116863102,-7.73744338661262,1.02140518265514e-14,ax_structure,3772,0.9825483952014,0,,2186.41470273398,8664.14904898057,Aves,50km,SES.body_length.var,Endotherm,var,body_length,2.3593021120485e-13
-0.0107807183909811,0.0142731017933445,-0.755317137583094,0.450058718309675,ax_human,3772,0.9825483952014,0,,2186.41470273398,8664.14904898057,Aves,50km,SES.body_length.var,Endotherm,var,body_length,0.572159821433074
0.11385908292977,0.0462716318472127,2.46066711685745,0.0138678969620181,ax_thermal,3772,0.979243538362766,0,,655.88526952188,9551.1503860811,Aves,50km,SES.nocturnality.var,Endotherm,var,nocturnality,0.0343983987783478
0.0246614046236021,0.0353021117561146,0.698581569113373,0.484813565308264,ax_water,3772,0.979243538362766,0,,655.88526952188,9551.1503860811,Aves,50km,SES.nocturnality.var,Endotherm,var,nocturnality,0.60601695663533
0.0504551913063354,0.0218027090390213,2.31417073979355,0.0206583583153146,ax_productivity,3772,0.979243538362766,0,,655.88526952188,9551.1503860811,Aves,50km,SES.nocturnality.var,Endotherm,var,nocturnality,0.0479718131372922
-0.0360518067525024,0.00852800245462108,-4.2274620515578,2.36342019328539e-05,ax_structure,3772,0.979243538362766,0,,655.88526952188,9551.1503860811,Aves,50km,SES.nocturnality.var,Endotherm,var,nocturnality,0.000127921092969902
0.0253183472116645,0.0116603735550694,2.17131527494308,0.029907348436313,ax_human,3772,0.979243538362766,0,,655.88526952188,9551.1503860811,Aves,50km,SES.nocturnality.var,Endotherm,var,nocturnality,0.0648783749147532
0.114962253957136,0.0668276781051992,1.72027904031267,0.085381731491343,ax_thermal,3772,0.991931260011877,0,,3267.55319835085,12418.0554930169,Aves,50km,SES.verticality.var,Endotherm,var,verticality,0.158042934137475
0.160471578672808,0.0504231235469836,3.18249976170721,0.00146009635938626,ax_water,3772,0.991931260011877,0,,3267.55319835085,12418.0554930169,Aves,50km,SES.verticality.var,Endotherm,var,verticality,0.00492707413455447
-0.00510526659584823,0.0307416586049775,-0.166069978898979,0.868101879429414,ax_productivity,3772,0.991931260011877,0,,3267.55319835085,12418.0554930169,Aves,50km,SES.verticality.var,Endotherm,var,verticality,0.915554393739061
0.0866395143484581,0.0119819075462187,7.23086153137614,4.79838391242993e-13,ax_structure,3772,0.991931260011877,0,,3267.55319835085,12418.0554930169,Aves,50km,SES.verticality.var,Endotherm,var,verticality,9.36827335283938e-12
0.011474671931797,0.0164046924499879,0.699474980514218,0.484255243487485,ax_human,3772,0.991931260011877,0,,3267.55319835085,12418.0554930169,Aves,50km,SES.verticality.var,Endotherm,var,verticality,0.60601695663533
-0.0484780639278571,0.0511540257473438,-0.947688148090169,0.343288236309684,ax_thermal,3772,0.981284012028208,0,,1377.02421398956,10643.6695611004,Aves,50km,SES.habitat_breadth.var,Endotherm,var,habitat_breadth,0.465668079030506
0.0740941170314811,0.0389383547983261,1.90285689817245,0.0570592204390676,ax_water,3772,0.981284012028208,0,,1377.02421398956,10643.6695611004,Aves,50km,SES.habitat_breadth.var,Endotherm,var,habitat_breadth,0.113702456281982
-0.0777930867433935,0.0239907599882,-3.24262702730787,0.00118433139785634,ax_productivity,3772,0.981284012028208,0,,1377.02421398956,10643.6695611004,Aves,50km,SES.habitat_breadth.var,Endotherm,var,habitat_breadth,0.00416803324567468
-0.058746719449357,0.00937689888583863,-6.26504776947938,3.72711195240072e-10,ax_structure,3772,0.981284012028208,0,,1377.02421398956,10643.6695611004,Aves,50km,SES.habitat_breadth.var,Endotherm,var,habitat_breadth,4.70189507841322e-09
-0.00755300487193281,0.0128249713410395,-0.588929571153382,0.555908519789568,ax_human,3772,0.981284012028208,0,,1377.02421398956,10643.6695611004,Aves,50km,SES.habitat_breadth.var,Endotherm,var,habitat_breadth,0.669867724066782
-0.072801480680091,0.0588869249845379,-1.23629278824131,0.216349750829093,ax_thermal,3772,0.979093605252268,0,,2477.41071330521,11549.8338926661,Aves,50km,SES.range_size.var,Endotherm,var,range_size,0.330366472401966
0.314084266035235,0.044934533727984,6.98981918754467,2.75246492265069e-12,ax_water,3772,0.979093605252268,0,,2477.41071330521,11549.8338926661,Aves,50km,SES.range_size.var,Endotherm,var,range_size,4.80217284377354e-11
-0.0606464903759085,0.0277567371887032,-2.18492865222614,0.0288940783114471,ax_productivity,3772,0.979093605252268,0,,2477.41071330521,11549.8338926661,Aves,50km,SES.range_size.var,Endotherm,var,range_size,0.0629299979160335
0.0732676652646255,0.010857505256892,6.74811234543195,1.4978018825218e-11,ax_structure,3772,0.979093605252268,0,,2477.41071330521,11549.8338926661,Aves,50km,SES.range_size.var,Endotherm,var,range_size,2.29569634330444e-10
-0.090488073571464,0.0148451598162512,-6.09545971154889,1.09123399205657e-09,ax_human,3772,0.979093605252268,0,,2477.41071330521,11549.8338926661,Aves,50km,SES.range_size.var,Endotherm,var,range_size,1.26923669998069e-08
-0.0768009838029609,0.0612311273888919,-1.25428008723703,0.209740219070143,ax_thermal,3772,0.986804607004891,0,,2654.60865726208,12676.0596368004,Aves,50km,SES.body_mass.skew,Endotherm,skew,body_mass,0.321470989976668
-0.261886845656879,0.0463651038727275,-5.6483610254764,1.61984723412445e-08,ax_water,3772,0.986804607004891,0,,2654.60865726208,12676.0596368004,Aves,50km,SES.body_mass.skew,Endotherm,skew,body_mass,1.57192275974207e-07
-0.0179448492340234,0.0283978755903894,-0.631908157245974,0.527446892767336,ax_productivity,3772,0.986804607004891,0,,2654.60865726208,12676.0596368004,Aves,50km,SES.body_mass.skew,Endotherm,skew,body_mass,0.645346636276032
0.108392577486832,0.0110808917727784,9.78193630165327,0,ax_structure,3772,0.986804607004891,0,,2654.60865726208,12676.0596368004,Aves,50km,SES.body_mass.skew,Endotherm,skew,body_mass,0
-0.0196642940719698,0.0151653507533011,-1.29665936461703,0.194748416782807,ax_human,3772,0.986804607004891,0,,2654.60865726208,12676.0596368004,Aves,50km,SES.body_mass.skew,Endotherm,skew,body_mass,0.303311874191646
-0.0532140827226929,0.0585482539835799,-0.908892735513804,0.363406748766466,ax_thermal,3772,0.988708820493667,0,,2295.94938663618,12069.3517114958,Aves,50km,SES.body_length.skew,Endotherm,skew,body_length,0.486123220209628
-0.179290151220201,0.0442681471515504,-4.05009386560516,5.1197092667099e-05,ax_water,3772,0.988708820493667,0,,2295.94938663618,12069.3517114958,Aves,50km,SES.body_length.skew,Endotherm,skew,body_length,0.000251386922077971
-0.00543837814841163,0.0270642680770933,-0.200943108194179,0.840743059651647,ax_productivity,3772,0.988708820493667,0,,2295.94938663618,12069.3517114958,Aves,50km,SES.body_length.skew,Endotherm,skew,body_length,0.89818896436042
0.110766484036946,0.0105555921183253,10.493630560492,0,ax_structure,3772,0.988708820493667,0,,2295.94938663618,12069.3517114958,Aves,50km,SES.body_length.skew,Endotherm,skew,body_length,0
-0.0291309180985626,0.0144488057881026,-2.01614711456288,0.0437845946210436,ax_human,3772,0.988708820493667,0,,2295.94938663618,12069.3517114958,Aves,50km,SES.body_length.skew,Endotherm,skew,body_length,0.0913571694383097
-0.144737965345223,0.0533510167799116,-2.7129373361769,0.00666897164256075,ax_thermal,3772,0.9681820157736,0,,1971.64468982978,9115.72062287303,Aves,50km,SES.nocturnality.skew,Endotherm,skew,nocturnality,0.0184881936039131
-0.00824749833151835,0.0413161325928446,-0.199619320927117,0.841778315989003,ax_water,3772,0.9681820157736,0,,1971.64468982978,9115.72062287303,Aves,50km,SES.nocturnality.skew,Endotherm,skew,nocturnality,0.89818896436042
-0.0779966386078209,0.0258881072682535,-3.01283665891897,0.00258818182929788,ax_productivity,3772,0.9681820157736,0,,1971.64468982978,9115.72062287303,Aves,50km,SES.nocturnality.skew,Endotherm,skew,nocturnality,0.00810041641230633
0.0265140298704632,0.0101786670880843,2.60486266433667,0.0091911092728747,ax_structure,3772,0.9681820157736,0,,1971.64468982978,9115.72062287303,Aves,50km,SES.nocturnality.skew,Endotherm,skew,nocturnality,0.024156120524863
-0.0194887943780985,0.0138854817558121,-1.40353750203452,0.160456617063751,ax_human,3772,0.9681820157736,0,,1971.64468982978,9115.72062287303,Aves,50km,SES.nocturnality.skew,Endotherm,skew,nocturnality,0.262100450183817
-0.135902424001626,0.113079136806921,-1.2018346428809,0.2294276004769,ax_thermal,3772,0.989957610136859,0,,7250.16808160839,16442.6015457752,Aves,50km,SES.verticality.skew,Endotherm,skew,verticality,0.343904066974032
-0.315757206075648,0.0854243949521146,-3.69633529453324,0.00021873405266204,ax_water,3772,0.989957610136859,0,,7250.16808160839,16442.6015457752,Aves,50km,SES.verticality.skew,Endotherm,skew,verticality,0.000903586514775176
-0.0270774830583165,0.0521673881827557,-0.519050004256629,0.603725871374741,ax_productivity,3772,0.989957610136859,0,,7250.16808160839,16442.6015457752,Aves,50km,SES.verticality.skew,Endotherm,skew,verticality,0.713850345389023
-0.116090065607212,0.0203406934526505,-5.70728160657105,1.14794769245918e-08,ax_structure,3772,0.989957610136859,0,,7250.16808160839,16442.6015457752,Aves,50km,SES.verticality.skew,Endotherm,skew,verticality,1.13411699736931e-07
-0.0257182232480362,0.0278455151199248,-0.923603788160254,0.355692640818516,ax_human,3772,0.989957610136859,0,,7250.16808160839,16442.6015457752,Aves,50km,SES.verticality.skew,Endotherm,skew,verticality,0.477752605194402
0.398320112509745,0.0509237074850099,7.82189931137666,5.10702591327572e-15,ax_thermal,3772,0.966120035662931,0,,1672.89373224131,7991.15845926537,Aves,50km,SES.habitat_breadth.skew,Endotherm,skew,habitat_breadth,1.25007798474212e-13
0.196575918957602,0.0395623762525437,4.96875914891393,6.73827024177953e-07,ax_water,3772,0.966120035662931,0,,1672.89373224131,7991.15845926537,Aves,50km,SES.habitat_breadth.skew,Endotherm,skew,habitat_breadth,5.11609407246224e-06
0.0403394493758181,0.0248604527739418,1.62263534548739,0.10466738003607,ax_productivity,3772,0.966120035662931,0,,1672.89373224131,7991.15845926537,Aves,50km,SES.habitat_breadth.skew,Endotherm,skew,habitat_breadth,0.186176250823379
0.0713681530858854,0.00978623791512413,7.29270570620295,3.03757019537443e-13,ax_structure,3772,0.966120035662931,0,,1672.89373224131,7991.15845926537,Aves,50km,SES.habitat_breadth.skew,Endotherm,skew,habitat_breadth,6.15014212396798e-12
-0.027460817069135,0.0133427943607182,-2.05810089901264,0.0395804487425804,ax_human,3772,0.966120035662931,0,,1672.89373224131,7991.15845926537,Aves,50km,SES.habitat_breadth.skew,Endotherm,skew,habitat_breadth,0.0834343649586527
0.0120040806042141,0.0565418673637276,0.212304282895243,0.831869654324666,ax_thermal,3772,0.978740368122713,0,,2177.36680594812,9822.9421580673,Aves,50km,SES.range_size.skew,Endotherm,skew,range_size,0.8910948615888
0.0576188508785828,0.0431629276679348,1.33491526158424,0.18190408218843,ax_water,3772,0.978740368122713,0,,2177.36680594812,9822.9421580673,Aves,50km,SES.range_size.skew,Endotherm,skew,range_size,0.287401440066499
0.0390045008570387,0.026673786543961,1.46227836054531,0.143664945921647,ax_productivity,3772,0.978740368122713,0,,2177.36680594812,9822.9421580673,Aves,50km,SES.range_size.skew,Endotherm,skew,range_size,0.240910543263294
0.0511743749665837,0.0104353087266826,4.90396367821234,9.39218639972594e-07,ax_structure,3772,0.978740368122713,0,,2177.36680594812,9822.9421580673,Aves,50km,SES.range_size.skew,Endotherm,skew,range_size,7.03341812582217e-06
-0.0156068699762414,0.0142670927903354,-1.09390681098069,0.273995851285214,ax_human,3772,0.978740368122713,0,,2177.36680594812,9822.9421580673,Aves,50km,SES.range_size.skew,Endotherm,skew,range_size,0.39366774392395
0.00190720528748421,0.0593196154994821,0.0321513427122746,0.974351358988055,ax_thermal,3772,0.979694470470895,0,,2521.75116974473,10727.9803913877,Aves,50km,SES.body_mass.kurt,Endotherm,kurt,body_mass,0.98334537153256
-0.146079064714438,0.0452334269928648,-3.22944942326569,0.00124028817104604,ax_water,3772,0.979694470470895,0,,2521.75116974473,10727.9803913877,Aves,50km,SES.body_mass.kurt,Endotherm,kurt,body_mass,0.00430947584854982
0.0161016936696926,0.0279212503096558,0.576682401078731,0.564154023176122,ax_productivity,3772,0.979694470470895,0,,2521.75116974473,10727.9803913877,Aves,50km,SES.body_mass.kurt,Endotherm,kurt,body_mass,0.677315225482314
0.101440815061254,0.010919384180528,9.28997582502389,0,ax_structure,3772,0.979694470470895,0,,2521.75116974473,10727.9803913877,Aves,50km,SES.body_mass.kurt,Endotherm,kurt,body_mass,0
0.00886337273960003,0.014931169104212,0.593615454874175,0.552769341778945,ax_human,3772,0.979694470470895,0,,2521.75116974473,10727.9803913877,Aves,50km,SES.body_mass.kurt,Endotherm,kurt,body_mass,0.667556495226414
0.0811951806300273,0.0563657980083105,1.44050441045927,0.149724743118074,ax_thermal,3772,0.976378644253508,0,,2199.77423044653,9520.00996032411,Aves,50km,SES.body_length.kurt,Endotherm,kurt,body_length,0.249541238530123
-0.0673333287536796,0.0431528133119206,-1.56034621119544,0.118678088524141,ax_water,3772,0.976378644253508,0,,2199.77423044653,9520.00996032411,Aves,50km,SES.body_length.kurt,Endotherm,kurt,body_length,0.205959857332901
0.00595420967923316,0.0267457227794958,0.222622874256285,0.823829032098723,ax_productivity,3772,0.976378644253508,0,,2199.77423044653,9520.00996032411,Aves,50km,SES.body_length.kurt,Endotherm,kurt,body_length,0.884592865793258
0.120620118977114,0.0104735013754825,11.5166948141597,0,ax_structure,3772,0.976378644253508,0,,2199.77423044653,9520.00996032411,Aves,50km,SES.body_length.kurt,Endotherm,kurt,body_length,0
0.000275751579618346,0.014313474717753,0.0192651739047215,0.984629565967677,ax_human,3772,0.976378644253508,0,,2199.77423044653,9520.00996032411,Aves,50km,SES.body_length.kurt,Endotherm,kurt,body_length,0.988850268332511
-0.136410054780641,0.0613040530156707,-2.22513925377449,0.0260718912987199,ax_thermal,3772,0.95501458840441,0,,3383.38362707175,9493.72668668266,Aves,50km,SES.nocturnality.kurt,Endotherm,kurt,nocturnality,0.0577809482836495
0.0244728566323213,0.0485246015879458,0.504339156457921,0.614023065948071,ax_water,3772,0.95501458840441,0,,3383.38362707175,9493.72668668266,Aves,50km,SES.nocturnality.kurt,Endotherm,kurt,nocturnality,0.722898656248985
-0.0910238278178072,0.0309765217588672,-2.93847800364323,0.00329828061844539,ax_productivity,3772,0.95501458840441,0,,3383.38362707175,9493.72668668266,Aves,50km,SES.nocturnality.kurt,Endotherm,kurt,nocturnality,0.0100542383164506
0.02907154881838,0.0122865956065502,2.36611912276834,0.0179756595531519,ax_structure,3772,0.95501458840441,0,,3383.38362707175,9493.72668668266,Aves,50km,SES.nocturnality.kurt,Endotherm,kurt,nocturnality,0.0424930761062749
-0.0191503479912936,0.0166910865847937,-1.14733980283466,0.251241209785459,ax_human,3772,0.95501458840441,0,,3383.38362707175,9493.72668668266,Aves,50km,SES.nocturnality.kurt,Endotherm,kurt,nocturnality,0.368217680114525
0.0248155665759452,0.232673881358741,0.106653855735892,0.915063591505918,ax_thermal,3772,0.982470964599329,0,,12785.4528106325,20877.8818732589,Aves,50km,SES.verticality.kurt,Endotherm,kurt,verticality,0.945623371184439
-0.57171603750244,0.176890885861758,-3.23202653837825,0.00122915640098742,ax_water,3772,0.982470964599329,0,,12785.4528106325,20877.8818732589,Aves,50km,SES.verticality.kurt,Endotherm,kurt,verticality,0.00429339912772373
0.0213462166122435,0.10883946702418,0.196125699581946,0.844511781512028,ax_productivity,3772,0.982470964599329,0,,12785.4528106325,20877.8818732589,Aves,50km,SES.verticality.kurt,Endotherm,kurt,verticality,0.900082117045738
-0.176651344421412,0.0425233845358413,-4.15421647052856,3.26404063772934e-05,ax_structure,3772,0.982470964599329,0,,12785.4528106325,20877.8818732589,Aves,50km,SES.verticality.kurt,Endotherm,kurt,verticality,0.000167282082683629
-0.0415894215936373,0.0581694109136466,-0.714970651076,0.474627178619754,ax_human,3772,0.982470964599329,0,,12785.4528106325,20877.8818732589,Aves,50km,SES.verticality.kurt,Endotherm,kurt,verticality,0.597840685819045
0.299974492482575,0.048743519920114,6.15414096015645,7.54855289386569e-10,ax_thermal,3772,0.956101909651187,0,,1621.60687223631,7603.78960758559,Aves,50km,SES.habitat_breadth.kurt,Endotherm,kurt,habitat_breadth,8.90620629204297e-09
0.172056562662613,0.038508568750009,4.46800720586566,7.89516470289797e-06,ax_water,3772,0.956101909651187,0,,1621.60687223631,7603.78960758559,Aves,50km,SES.habitat_breadth.kurt,Endotherm,kurt,habitat_breadth,4.77788565046224e-05
0.055980090228176,0.0245446467219084,2.28074540499328,0.0225635166760962,ax_productivity,3772,0.956101909651187,0,,1621.60687223631,7603.78960758559,Aves,50km,SES.habitat_breadth.kurt,Endotherm,kurt,habitat_breadth,0.0513573505590314
0.0479228252436047,0.00972737970519069,4.92659140446962,8.36764778799903e-07,ax_structure,3772,0.956101909651187,0,,1621.60687223631,7603.78960758559,Aves,50km,SES.habitat_breadth.kurt,Endotherm,kurt,habitat_breadth,6.29492769372404e-06
-0.00868976807419983,0.0132197962183427,-0.657329956580011,0.510968778504302,ax_human,3772,0.956101909651187,0,,1621.60687223631,7603.78960758559,Aves,50km,SES.habitat_breadth.kurt,Endotherm,kurt,habitat_breadth,0.630182519741828
0.0163587273524279,0.0613535462797474,0.266630510286051,0.789753661972457,ax_thermal,3772,0.980073467367744,0,,2769.35395060316,10504.6389925072,Aves,50km,SES.range_size.kurt,Endotherm,kurt,range_size,0.858952474776981
-0.0466481054570191,0.0467643311300718,-0.99751465122575,0.318514765791682,ax_water,3772,0.980073467367744,0,,2769.35395060316,10504.6389925072,Aves,50km,SES.range_size.kurt,Endotherm,kurt,range_size,0.440813684302412
-0.0355487833817949,0.0288532493491367,-1.2320547662289,0.217928626884503,ax_productivity,3772,0.980073467367744,0,,2769.35395060316,10504.6389925072,Aves,50km,SES.range_size.kurt,Endotherm,kurt,range_size,0.332467858688916
-0.037468567876524,0.0112822903766551,-3.32100722687057,0.000896932148261476,ax_structure,3772,0.980073467367744,0,,2769.35395060316,10504.6389925072,Aves,50km,SES.range_size.kurt,Endotherm,kurt,range_size,0.00325276740892796
0.0290253750173871,0.0154282973690355,1.88130772457374,0.059930070848135,ax_human,3772,0.980073467367744,0,,2769.35395060316,10504.6389925072,Aves,50km,SES.range_size.kurt,Endotherm,kurt,range_size,0.117848100948371
-0.566995223369081,0.0727232770562039,-7.79661267094552,6.43929354282591e-15,ax_thermal,3772,0.994602511636921,0,,3893.05318566338,15594.3593237298,Aves,50km,SES.diet_breadth.mean,Endotherm,mean,diet_breadth,1.55300608974037e-13
-0.136979872318469,0.0547997285006505,-2.49964509070228,0.0124317780862491,ax_water,3772,0.994602511636921,0,,3893.05318566338,15594.3593237298,Aves,50km,SES.diet_breadth.mean,Endotherm,mean,diet_breadth,0.0313181506320253
-0.0656927304196206,0.0333432000907867,-1.97019872839897,0.0488155992378607,ax_productivity,3772,0.994602511636921,0,,3893.05318566338,15594.3593237298,Aves,50km,SES.diet_breadth.mean,Endotherm,mean,diet_breadth,0.0992039439282424
-0.106014751033689,0.0129903067980501,-8.16106599188262,2.22044604925031e-16,ax_structure,3772,0.994602511636921,0,,3893.05318566338,15594.3593237298,Aves,50km,SES.diet_breadth.mean,Endotherm,mean,diet_breadth,6.38865179082546e-15
0.0106334728284226,0.0177873810164459,0.597809920335717,0.549966770582124,ax_human,3772,0.994602511636921,0,,3893.05318566338,15594.3593237298,Aves,50km,SES.diet_breadth.mean,Endotherm,mean,diet_breadth,0.666134050040387
-0.318823767529318,0.066796410941791,-4.77306734050657,1.81441089419643e-06,ax_thermal,3772,0.991031798570371,0,,3270.16664820803,13408.1785794235,Aves,50km,SES.diet_vert.mean,Endotherm,mean,diet_vert,1.27163840447955e-05
0.0179303563827714,0.0504260865591554,0.355576996079938,0.722157373639412,ax_water,3772,0.991031798570371,0,,3270.16664820803,13408.1785794235,Aves,50km,SES.diet_vert.mean,Endotherm,mean,diet_vert,0.807870458914486
-0.0501368159552659,0.0307661263886317,-1.62961093385457,0.103183752055734,ax_productivity,3772,0.991031798570371,0,,3270.16664820803,13408.1785794235,Aves,50km,SES.diet_vert.mean,Endotherm,mean,diet_vert,0.184538008038609
-0.159123313744001,0.0119934699864369,-13.2674958893423,0,ax_structure,3772,0.991031798570371,0,,3270.16664820803,13408.1785794235,Aves,50km,SES.diet_vert.mean,Endotherm,mean,diet_vert,0
0.0254141903847873,0.0164196777754048,1.54778861877883,0.121673197558347,ax_human,3772,0.991031798570371,0,,3270.16664820803,13408.1785794235,Aves,50km,SES.diet_vert.mean,Endotherm,mean,diet_vert,0.209825493160557
-0.415834209741152,0.0649358669547201,-6.40376773642082,1.51588741559294e-10,ax_thermal,3772,0.993565380844196,0,,3042.26982199809,13401.3368648265,Aves,50km,SES.diet_plant.mean,Endotherm,mean,diet_plant,2.0545912079111e-09
-0.197215532579562,0.0489542428307206,-4.02856874452162,5.61174520219421e-05,ax_water,3772,0.993565380844196,0,,3042.26982199809,13401.3368648265,Aves,50km,SES.diet_plant.mean,Endotherm,mean,diet_plant,0.000273093831798175
-0.0401885751676547,0.0298086067995337,-1.34822051355595,0.177587468654308,ax_productivity,3772,0.993565380844196,0,,3042.26982199809,13401.3368648265,Aves,50km,SES.diet_plant.mean,Endotherm,mean,diet_plant,0.282486371089296
0.0179683218541475,0.0116150393048984,1.54698760653954,0.121866234181079,ax_structure,3772,0.993565380844196,0,,3042.26982199809,13401.3368648265,Aves,50km,SES.diet_plant.mean,Endotherm,mean,diet_plant,0.209937630311943
-0.00608922420243166,0.0159036384929593,-0.382882458320932,0.701806918336096,ax_human,3772,0.993565380844196,0,,3042.26982199809,13401.3368648265,Aves,50km,SES.diet_plant.mean,Endotherm,mean,diet_plant,0.793220776065608
-0.509209032743519,0.0706282068276632,-7.20971203454192,5.60662627435704e-13,ax_thermal,3772,0.992252382316051,0,,3682.8680700157,12787.8597639361,Aves,50km,SES.litter_size.mean,Endotherm,mean,litter_size,1.08174906940536e-11
-0.318254788451272,0.0532812480582624,-5.97311061676453,2.32771957264788e-09,ax_water,3772,0.992252382316051,0,,3682.8680700157,12787.8597639361,Aves,50km,SES.litter_size.mean,Endotherm,mean,litter_size,2.57936493185306e-08
-0.072082184618943,0.0324758843316089,-2.21956033230433,0.0264486274980083,ax_productivity,3772,0.992252382316051,0,,3682.8680700157,12787.8597639361,Aves,50km,SES.litter_size.mean,Endotherm,mean,litter_size,0.0585367734098968
-0.0423835230047322,0.012657115837867,-3.34859248723402,0.000812231663159357,ax_structure,3772,0.992252382316051,0,,3682.8680700157,12787.8597639361,Aves,50km,SES.litter_size.mean,Endotherm,mean,litter_size,0.0029667258966177
0.0164377591403233,0.0173294270874874,0.948546022747173,0.342851555008192,ax_human,3772,0.992252382316051,0,,3682.8680700157,12787.8597639361,Aves,50km,SES.litter_size.mean,Endotherm,mean,litter_size,0.46546072037536
-0.276585956178591,0.0554882078551517,-4.98458982313144,6.20933952255598e-07,ax_thermal,3772,0.989043506849621,0,,1887.73277655322,11397.3983599474,Aves,50km,SES.diet_breadth.var,Endotherm,var,diet_breadth,4.73642642650782e-06
-0.150028007555953,0.0419443456695015,-3.57683509329463,0.000347779415317717,ax_water,3772,0.989043506849621,0,,1887.73277655322,11397.3983599474,Aves,50km,SES.diet_breadth.var,Endotherm,var,diet_breadth,0.00137046120460226
-0.111962548633712,0.0256357038417227,-4.36744586085795,1.25707942777442e-05,ax_productivity,3772,0.989043506849621,0,,1887.73277655322,11397.3983599474,Aves,50km,SES.diet_breadth.var,Endotherm,var,diet_breadth,7.23372021596509e-05
-0.0974747010777015,0.0099976624846091,-9.74974912663424,0,ax_structure,3772,0.989043506849621,0,,1887.73277655322,11397.3983599474,Aves,50km,SES.diet_breadth.var,Endotherm,var,diet_breadth,0
-3.11255902399684e-05,0.0136854508753505,-0.00227435621401631,0.998185327855528,ax_human,3772,0.989043506849621,0,,1887.73277655322,11397.3983599474,Aves,50km,SES.diet_breadth.var,Endotherm,var,diet_breadth,0.999356292643432
-0.269123997016365,0.058253699529402,-4.61986104213917,3.83997133890368e-06,ax_thermal,3772,0.987877776668991,0,,2266.46705100385,11820.578034001,Aves,50km,SES.diet_vert.var,Endotherm,var,diet_vert,2.51902119832081e-05
-0.01192714853076,0.0440728719090087,-0.27062335659415,0.786680729976641,ax_water,3772,0.987877776668991,0,,2266.46705100385,11820.578034001,Aves,50km,SES.diet_vert.var,Endotherm,var,diet_vert,0.858387489794871
-0.0594932138604767,0.0269658589901929,-2.20624211830646,0.0273670517040914,ax_productivity,3772,0.987877776668991,0,,2266.46705100385,11820.578034001,Aves,50km,SES.diet_vert.var,Endotherm,var,diet_vert,0.0601634916819167
-0.125718408802589,0.0105192790029825,-11.9512381758241,0,ax_structure,3772,0.987877776668991,0,,2266.46705100385,11820.578034001,Aves,50km,SES.diet_vert.var,Endotherm,var,diet_vert,0
0.0110057048167951,0.0143981147290939,0.764385131239176,0.444637766779179,ax_human,3772,0.987877776668991,0,,2266.46705100385,11820.578034001,Aves,50km,SES.diet_vert.var,Endotherm,var,diet_vert,0.567034166032545
-0.308559977582195,0.0548063090698043,-5.63000834792937,1.80200898647342e-08,ax_thermal,3772,0.988590463808091,0,,1798.87560832786,10843.8673409178,Aves,50km,SES.diet_plant.var,Endotherm,var,diet_plant,1.73840866930377e-07
-0.0651940573481057,0.0414424625458765,-1.57312218780282,0.115690528244237,ax_water,3772,0.988590463808091,0,,1798.87560832786,10843.8673409178,Aves,50km,SES.diet_plant.var,Endotherm,var,diet_plant,0.202058004601223
-0.0856613841576294,0.025339496730038,-3.38054796708272,0.000723414470104711,ax_productivity,3772,0.988590463808091,0,,1798.87560832786,10843.8673409178,Aves,50km,SES.diet_plant.var,Endotherm,var,diet_plant,0.00268081045532012
-0.0396429377330348,0.00988316802695502,-4.01115691091298,6.04219344351176e-05,ax_structure,3772,0.988590463808091,0,,1798.87560832786,10843.8673409178,Aves,50km,SES.diet_plant.var,Endotherm,var,diet_plant,0.000292306703461926
-0.00471168143290522,0.013528244661425,-0.348284759096669,0.72762633866957,ax_human,3772,0.988590463808091,0,,1798.87560832786,10843.8673409178,Aves,50km,SES.diet_plant.var,Endotherm,var,diet_plant,0.811773602325234
-0.109186775978702,0.0554096745501263,-1.97053631635981,0.0487769371037048,ax_thermal,3772,0.981518309743686,0,,1976.00767798803,10018.9133210876,Aves,50km,SES.litter_size.var,Endotherm,var,litter_size,0.0992039439282424
0.0819144007011497,0.0421671960121151,1.94260962188747,0.0520633434644953,ax_water,3772,0.981518309743686,0,,1976.00767798803,10018.9133210876,Aves,50km,SES.litter_size.var,Endotherm,var,litter_size,0.104894205505863
-0.0642550066756174,0.0259731285342446,-2.4739032339096,0.0133645890024188,ax_productivity,3772,0.981518309743686,0,,1976.00767798803,10018.9133210876,Aves,50km,SES.litter_size.var,Endotherm,var,litter_size,0.0333606179055811
-0.0728702346312671,0.0101508967674782,-7.17869921253968,7.03881397612349e-13,ax_structure,3772,0.981518309743686,0,,1976.00767798803,10018.9133210876,Aves,50km,SES.litter_size.var,Endotherm,var,litter_size,1.34228545591192e-11
-0.000850937767119287,0.0138840364995389,-0.0612889318713293,0.951129105319145,ax_human,3772,0.981518309743686,0,,1976.00767798803,10018.9133210876,Aves,50km,SES.litter_size.var,Endotherm,var,litter_size,0.968852007902732
0.187851733045888,0.0557894806109939,3.36715328747603,0.000759484600145077,ax_thermal,3772,0.987099949264573,0,,1949.04641776727,11564.7045971689,Aves,50km,SES.diet_breadth.skew,Endotherm,skew,diet_breadth,0.00279899942525377
-0.0477360625834046,0.0422344384180284,-1.13026393558077,0.258365026237517,ax_water,3772,0.987099949264573,0,,1949.04641776727,11564.7045971689,Aves,50km,SES.diet_breadth.skew,Endotherm,skew,diet_breadth,0.377309566366454
0.0495253734762056,0.0258604061353994,1.9151042414764,0.0554792110246698,ax_productivity,3772,0.987099949264573,0,,1949.04641776727,11564.7045971689,Aves,50km,SES.diet_breadth.skew,Endotherm,skew,diet_breadth,0.110688450219536
0.0400443960636045,0.0100900005352982,3.96872090576367,7.22594524786846e-05,ax_structure,3772,0.987099949264573,0,,1949.04641776727,11564.7045971689,Aves,50km,SES.diet_breadth.skew,Endotherm,skew,diet_breadth,0.000338587148757265
0.00437868230222563,0.0138095927584179,0.317075411188829,0.751186382004206,ax_human,3772,0.987099949264573,0,,1949.04641776727,11564.7045971689,Aves,50km,SES.diet_breadth.skew,Endotherm,skew,diet_breadth,0.828477247133085
0.181353152979679,0.0797188228656989,2.27491007092768,0.0229113250864361,ax_thermal,3772,0.987848558207786,0,,4633.31969829015,13894.3904759411,Aves,50km,SES.diet_vert.skew,Endotherm,skew,diet_vert,0.0518985816875072
-0.059397750092012,0.0603140507178357,-0.984807841374966,0.324718468217804,ax_water,3772,0.987848558207786,0,,4633.31969829015,13894.3904759411,Aves,50km,SES.diet_vert.skew,Endotherm,skew,diet_vert,0.446760308621811
0.0564812977821017,0.0369040030379319,1.53049244343621,0.125894882493848,ax_productivity,3772,0.987848558207786,0,,4633.31969829015,13894.3904759411,Aves,50km,SES.diet_vert.skew,Endotherm,skew,diet_vert,0.215519423058361
0.204447519508444,0.0143962135120828,14.2014786969401,0,ax_structure,3772,0.987848558207786,0,,4633.31969829015,13894.3904759411,Aves,50km,SES.diet_vert.skew,Endotherm,skew,diet_vert,0
-0.0117247867073309,0.0197045647891323,-0.59502896069024,0.551824112574983,ax_human,3772,0.987848558207786,0,,4633.31969829015,13894.3904759411,Aves,50km,SES.diet_vert.skew,Endotherm,skew,diet_vert,0.667397894264729
0.494220562953839,0.0646714133370938,7.64202508421704,2.1316282072803e-14,ax_thermal,3772,0.993176532279755,0,,3013.23221220641,13154.5357690192,Aves,50km,SES.diet_plant.skew,Endotherm,skew,diet_plant,4.59982928939433e-13
0.210061185203178,0.0487640617528226,4.30770484763853,1.64957301007629e-05,ax_water,3772,0.993176532279755,0,,3013.23221220641,13154.5357690192,Aves,50km,SES.diet_plant.skew,Endotherm,skew,diet_plant,9.29656266847118e-05
0.0395054169860675,0.0297014056060781,1.33008577136104,0.183490013013212,ax_productivity,3772,0.993176532279755,0,,3013.23221220641,13154.5357690192,Aves,50km,SES.diet_plant.skew,Endotherm,skew,diet_plant,0.289628124486686
-0.0305302513286382,0.0115739844405729,-2.6378341430643,0.00834373791805398,ax_structure,3772,0.993176532279755,0,,3013.23221220641,13154.5357690192,Aves,50km,SES.diet_plant.skew,Endotherm,skew,diet_plant,0.0224323445665714
0.0121627161053983,0.0158471619275913,0.767501219522587,0.442783568392561,ax_human,3772,0.993176532279755,0,,3013.23221220641,13154.5357690192,Aves,50km,SES.diet_plant.skew,Endotherm,skew,diet_plant,0.565108990010739
-0.0628697637415413,0.0526812325697192,-1.19339963540789,0.232712897713334,ax_thermal,3772,0.977944248334739,0,,1658.88343145779,9209.19107093326,Aves,50km,SES.litter_size.skew,Endotherm,skew,litter_size,0.347269474294693
-0.113870453225275,0.0402539690357404,-2.82880063638377,0.00467227945195003,ax_water,3772,0.977944248334739,0,,1658.88343145779,9209.19107093326,Aves,50km,SES.litter_size.skew,Endotherm,skew,litter_size,0.0135141768980565
-0.0294653049720484,0.024900340556676,-1.18332939684026,0.236678626625788,ax_productivity,3772,0.977944248334739,0,,1658.88343145779,9209.19107093326,Aves,50km,SES.litter_size.skew,Endotherm,skew,litter_size,0.351547127367554
-0.0175583865233292,0.00974455663341422,-1.80186612730242,0.0715664706401991,ax_structure,3772,0.977944248334739,0,,1658.88343145779,9209.19107093326,Aves,50km,SES.litter_size.skew,Endotherm,skew,litter_size,0.136432774088749
0.00903672043624153,0.0133209434550422,0.678384415243576,0.497527987932631,ax_human,3772,0.977944248334739,0,,1658.88343145779,9209.19107093326,Aves,50km,SES.litter_size.skew,Endotherm,skew,litter_size,0.617469653879002
0.131536088922112,0.0624385973848113,2.10664708099464,0.0351481824644611,ax_thermal,3772,0.983698310000152,0,,2843.05305962988,11200.5131655197,Aves,50km,SES.diet_breadth.kurt,Endotherm,kurt,diet_breadth,0.0753503519499557
-0.0549449301125429,0.0474111708860039,-1.15890261906109,0.246495881229847,ax_water,3772,0.983698310000152,0,,2843.05305962988,11200.5131655197,Aves,50km,SES.diet_breadth.kurt,Endotherm,kurt,diet_breadth,0.362884421200133
0.088115024702976,0.0291322559882646,3.02465503318629,0.00248916861090875,ax_productivity,3772,0.983698310000152,0,,2843.05305962988,11200.5131655197,Aves,50km,SES.diet_breadth.kurt,Endotherm,kurt,diet_breadth,0.00783690550270927
0.0713825768657494,0.0113774784080132,6.27402437568894,3.51833451261996e-10,ax_structure,3772,0.983698310000152,0,,2843.05305962988,11200.5131655197,Aves,50km,SES.diet_breadth.kurt,Endotherm,kurt,diet_breadth,4.54336110291081e-09
0.00543757888836161,0.0155660874637548,0.349322133838889,0.726847483429847,ax_human,3772,0.983698310000152,0,,2843.05305962988,11200.5131655197,Aves,50km,SES.diet_breadth.kurt,Endotherm,kurt,diet_breadth,0.811456686742647
0.141037439345053,0.0979044007385308,1.44056281720896,0.149708231379423,ax_thermal,3772,0.983535249139722,0,,6238.80221109282,14704.7958431852,Aves,50km,SES.diet_vert.kurt,Endotherm,kurt,diet_vert,0.249541238530123
-0.0838665498308448,0.0743530060532573,-1.12795103093442,0.259340600505622,ax_water,3772,0.983535249139722,0,,6238.80221109282,14704.7958431852,Aves,50km,SES.diet_vert.kurt,Endotherm,kurt,diet_vert,0.377725208551705
0.0681139218279872,0.0456950271324605,1.49062001058756,0.136061287585708,ax_productivity,3772,0.983535249139722,0,,6238.80221109282,14704.7958431852,Aves,50km,SES.diet_vert.kurt,Endotherm,kurt,diet_vert,0.230517057479918
0.237659500755335,0.0178468990577513,13.3165711301602,0,ax_structure,3772,0.983535249139722,0,,6238.80221109282,14704.7958431852,Aves,50km,SES.diet_vert.kurt,Endotherm,kurt,diet_vert,0
-0.00351815287268318,0.0244167401334703,-0.144087738717444,0.885431186772187,ax_human,3772,0.983535249139722,0,,6238.80221109282,14704.7958431852,Aves,50km,SES.diet_vert.kurt,Endotherm,kurt,diet_vert,0.926266300508493
0.700485617128766,0.0714518931664387,9.80359772269529,0,ax_thermal,3772,0.992142470845467,0,,3770.99635233582,13697.9905553695,Aves,50km,SES.diet_plant.kurt,Endotherm,kurt,diet_plant,0
0.181188425857366,0.0539058740118419,3.36120003949037,0.000776045985489748,ax_water,3772,0.992142470845467,0,,3770.99635233582,13697.9905553695,Aves,50km,SES.diet_plant.kurt,Endotherm,kurt,diet_plant,0.00285362200942419
0.12374812826436,0.032859463476403,3.76598139994666,0.0001658961427633,ax_productivity,3772,0.992142470845467,0,,3770.99635233582,13697.9905553695,Aves,50km,SES.diet_plant.kurt,Endotherm,kurt,diet_plant,0.000712224277831968
0.0171570243777068,0.0128068606235405,1.33967448245437,0.180351197056577,ax_structure,3772,0.992142470845467,0,,3770.99635233582,13697.9905553695,Aves,50km,SES.diet_plant.kurt,Endotherm,kurt,diet_plant,0.28577387746163
0.0248089302175718,0.0175343498028346,1.4148759718231,0.157104864157812,ax_human,3772,0.992142470845467,0,,3770.99635233582,13697.9905553695,Aves,50km,SES.diet_plant.kurt,Endotherm,kurt,diet_plant,0.258686724115272
-0.0353225297334561,0.0536549538510119,-0.65832746462776,0.510327733583167,ax_thermal,3772,0.975619601168372,0,,1843.517218835,10372.6643218242,Aves,50km,SES.litter_size.kurt,Endotherm,kurt,litter_size,0.630182519741828
-0.162003036322499,0.0411173268103987,-3.94001869502684,8.14752595625912e-05,ax_water,3772,0.975619601168372,0,,1843.517218835,10372.6643218242,Aves,50km,SES.litter_size.kurt,Endotherm,kurt,litter_size,0.000376304533469063
0.0146543960691223,0.0255087521635851,0.574485022832364,0.565639632714524,ax_productivity,3772,0.975619601168372,0,,1843.517218835,10372.6643218242,Aves,50km,SES.litter_size.kurt,Endotherm,kurt,litter_size,0.678602046563146
0.03412132206737,0.00999238369631008,3.41473297106977,0.000638445686183209,ax_structure,3772,0.975619601168372,0,,1843.517218835,10372.6643218242,Aves,50km,SES.litter_size.kurt,Endotherm,kurt,litter_size,0.00240149294802858
0.0309308418913675,0.0136540296219128,2.26532699487687,0.0234926206680766,ax_human,3772,0.975619601168372,0,,1843.517218835,10372.6643218242,Aves,50km,SES.litter_size.kurt,Endotherm,kurt,litter_size,0.0529229366698428
0.0541050153995055,0.0539040610681189,1.00372799984648,0.315509737112392,ax_thermal,3772,0.986180504291703,0,,1700.67172677321,9892.22683153553,Aves,50km,SES.FDis,Endotherm,multivariate,SES.FDis,0.438133758564202
0.253351836219279,0.0408382818822548,6.20378293459417,5.51217960165218e-10,ax_water,3772,0.986180504291703,0,,1700.67172677321,9892.22683153553,Aves,50km,SES.FDis,Endotherm,multivariate,SES.FDis,6.74624966172356e-09
-0.0218268338206247,0.0250283635998476,-0.872083935234089,0.383162589391546,ax_productivity,3772,0.986180504291703,0,,1700.67172677321,9892.22683153553,Aves,50km,SES.FDis,Endotherm,multivariate,SES.FDis,0.505947380517017
6.66221533815232e-05,0.00976771580327017,0.00682064821738758,0.994557952287848,ax_structure,3772,0.986180504291703,0,,1700.67172677321,9892.22683153553,Aves,50km,SES.FDis,Endotherm,multivariate,SES.FDis,0.996380599726372
-0.00403516683033063,0.0133673256495865,-0.301867923031819,0.762752749420875,ax_human,3772,0.986180504291703,0,,1700.67172677321,9892.22683153553,Aves,50km,SES.FDis,Endotherm,multivariate,SES.FDis,0.838414550301766
0.197756443658468,0.0453187019960596,4.36368287149228,1.27890936587605e-05,ax_thermal,3772,0.974282435986988,0,,598.035634068454,7639.53045160797,Aves,50km,SES.FRic,Endotherm,multivariate,SES.FRic,7.33360615397453e-05
0.137897793448159,0.0347901694887652,3.96369996106776,7.37969942690153e-05,ax_water,3772,0.974282435986988,0,,598.035634068454,7639.53045160797,Aves,50km,SES.FRic,Endotherm,multivariate,SES.FRic,0.000343826905117003
0.0811412451606262,0.0216207342254812,3.75293661697192,0.000174775057255383,ax_productivity,3772,0.974282435986988,0,,598.035634068454,7639.53045160797,Aves,50km,SES.FRic,Endotherm,multivariate,SES.FRic,0.000742567600774166
-0.0132337329581845,0.00847443919573308,-1.56160574788804,0.11838089457116,ax_structure,3772,0.974282435986988,0,,598.035634068454,7639.53045160797,Aves,50km,SES.FRic,Endotherm,multivariate,SES.FRic,0.205661723619387
0.0195611952629021,0.0115768131149071,1.68968740090601,0.0910877748976577,ax_human,3772,0.974282435986988,0,,598.035634068454,7639.53045160797,Aves,50km,SES.FRic,Endotherm,multivariate,SES.FRic,0.167775323518476
0.050050705319317,0.0541276674511282,0.924678776607319,0.355133022331141,ax_thermal,3772,0.983850134820643,0,,1763.26942599158,9580.98437332165,Aves,50km,SES.RaoQ,Endotherm,multivariate,SES.RaoQ,0.477391931658255
0.260137466355674,0.0410944606808284,6.3302319107216,2.44793074699601e-10,ax_water,3772,0.983850134820643,0,,1763.26942599158,9580.98437332165,Aves,50km,SES.RaoQ,Endotherm,multivariate,SES.RaoQ,3.21168514005876e-09
-0.0147095991994843,0.0252467429758414,-0.582633538653279,0.560140022668709,ax_productivity,3772,0.983850134820643,0,,1763.26942599158,9580.98437332165,Aves,50km,SES.RaoQ,Endotherm,multivariate,SES.RaoQ,0.673482138692582
-0.000663718546535466,0.00985954811208925,-0.0673173393942517,0.946329073359121,ax_structure,3772,0.983850134820643,0,,1763.26942599158,9580.98437332165,Aves,50km,SES.RaoQ,Endotherm,multivariate,SES.RaoQ,0.965762091044778
-0.00240067054322008,0.0134895764850049,-0.177964856486686,0.858750575576302,ax_human,3772,0.983850134820643,0,,1763.26942599158,9580.98437332165,Aves,50km,SES.RaoQ,Endotherm,multivariate,SES.RaoQ,0.910375529376299
0.0615142670972872,0.0502985432612389,1.22298307483373,0.221336088991811,ax_thermal,3772,0.980792064186614,0,,1258.08422722082,8583.07281774679,Aves,50km,SES.trait_vol,Endotherm,multivariate,SES.trait_vol,0.335792031402932
0.232185264017289,0.0383075693826745,6.06108055820165,1.3521008757067e-09,ax_water,3772,0.980792064186614,0,,1258.08422722082,8583.07281774679,Aves,50km,SES.trait_vol,Endotherm,multivariate,SES.trait_vol,1.55066114416712e-08
-0.0105373254167837,0.0236155686566719,-0.446202484893652,0.655450988133068,ax_productivity,3772,0.980792064186614,0,,1258.08422722082,8583.07281774679,Aves,50km,SES.trait_vol,Endotherm,multivariate,SES.trait_vol,0.757533206862743
0.0015475061281014,0.00923184555553895,0.16762695159831,0.86687676689754,ax_structure,3772,0.980792064186614,0,,1258.08422722082,8583.07281774679,Aves,50km,SES.trait_vol,Endotherm,multivariate,SES.trait_vol,0.915439728082399
0.00239596954029237,0.012625695033169,0.189769318362111,0.849489899376616,ax_human,3772,0.980792064186614,0,,1258.08422722082,8583.07281774679,Aves,50km,SES.trait_vol,Endotherm,multivariate,SES.trait_vol,0.903910322847945
0.152754401195171,0.0542446643209733,2.8160262969147,0.00486216866845934,ax_thermal,3772,0.969135274982544,0,,2073.3610941369,8840.58332701431,Aves,50km,SES.trait_dens,Endotherm,multivariate,SES.trait_dens,0.0139404835948834
0.156001342625377,0.0419478388992515,3.71893634377813,0.000200063457296285,ax_water,3772,0.969135274982544,0,,2073.3610941369,8840.58332701431,Aves,50km,SES.trait_dens,Endotherm,multivariate,SES.trait_dens,0.000832751446613976
0.055943405586033,0.0262494270872655,2.13122387014584,0.0330707034079485,ax_productivity,3772,0.969135274982544,0,,2073.3610941369,8840.58332701431,Aves,50km,SES.trait_dens,Endotherm,multivariate,SES.trait_dens,0.0711757921115952
0.00994612991758444,0.0103153041518955,0.964211018029634,0.334940141530462,ax_structure,3772,0.969135274982544,0,,2073.3610941369,8840.58332701431,Aves,50km,SES.trait_dens,Endotherm,multivariate,SES.trait_dens,0.456989876963359
0.00630478517246365,0.0140752732372641,0.447933412459219,0.654201253666511,ax_human,3772,0.969135274982544,0,,2073.3610941369,8840.58332701431,Aves,50km,SES.trait_dens,Endotherm,multivariate,SES.trait_dens,0.75662204232234
-0.276160341066374,0.0655881307915055,-4.21052311956022,2.54780047472813e-05,ax_thermal,3783,0.983406102763156,0,,3427.91670924819,13434.9381502337,Mammalia,50km,SES.body_mass.mean,Endotherm,mean,body_mass,0.000134786863824327
-0.122866173983866,0.048903720083885,-2.51240956256728,0.011990983503948,ax_water,3783,0.983406102763156,0,,3427.91670924819,13434.9381502337,Mammalia,50km,SES.body_mass.mean,Endotherm,mean,body_mass,0.0303475508433252
-0.000677402262405337,0.029804126721084,-0.022728472091958,0.981866864253579,ax_productivity,3783,0.983406102763156,0,,3427.91670924819,13434.9381502337,Mammalia,50km,SES.body_mass.mean,Endotherm,mean,body_mass,0.987284891094954
0.107128742107077,0.0122438698587366,8.74958190041815,0,ax_structure,3783,0.983406102763156,0,,3427.91670924819,13434.9381502337,Mammalia,50km,SES.body_mass.mean,Endotherm,mean,body_mass,0
-0.0236166918477255,0.0164737945124041,-1.43359150376333,0.151688869491174,ax_human,3783,0.983406102763156,0,,3427.91670924819,13434.9381502337,Mammalia,50km,SES.body_mass.mean,Endotherm,mean,body_mass,0.251791240855795
-0.313169665806137,0.0660854312228,-4.73886089583526,2.14922974750564e-06,ax_thermal,3783,0.984261653409426,0,,3474.07109506035,13595.0368934393,Mammalia,50km,SES.body_length.mean,Endotherm,mean,body_length,1.47478526607082e-05
-0.143170269746497,0.049235442558485,-2.90787006893317,0.00363899497746889,ax_water,3783,0.984261653409426,0,,3474.07109506035,13595.0368934393,Mammalia,50km,SES.body_length.mean,Endotherm,mean,body_length,0.0110313341276321
0.0028066356489026,0.0299825340718373,0.0936090205777131,0.92541974369788,ax_productivity,3783,0.984261653409426,0,,3474.07109506035,13595.0368934393,Mammalia,50km,SES.body_length.mean,Endotherm,mean,body_length,0.953188838145664
0.0972539846724108,0.0123141741298433,7.89772693214699,2.88657986402541e-15,ax_structure,3783,0.984261653409426,0,,3474.07109506035,13595.0368934393,Mammalia,50km,SES.body_length.mean,Endotherm,mean,body_length,7.51427139206614e-14
-0.0150946404822606,0.0165696891992725,-0.910979095668453,0.362306388186755,ax_human,3783,0.984261653409426,0,,3474.07109506035,13595.0368934393,Mammalia,50km,SES.body_length.mean,Endotherm,mean,body_length,0.485046919694922
0.568619319313109,0.0604900981836753,9.40020493249198,0,ax_thermal,3783,0.977677391145927,0,,2903.61253654832,10484.330225118,Mammalia,50km,SES.nocturnality.mean,Endotherm,mean,nocturnality,0
0.231706002877475,0.0453780153307853,5.10612906246434,3.28825145556877e-07,ax_water,3783,0.977677391145927,0,,2903.61253654832,10484.330225118,Mammalia,50km,SES.nocturnality.mean,Endotherm,mean,nocturnality,2.63060116445502e-06
0.00392211601448416,0.0278139771816644,0.141012412172025,0.887860136828872,ax_productivity,3783,0.977677391145927,0,,2903.61253654832,10484.330225118,Mammalia,50km,SES.nocturnality.mean,Endotherm,mean,nocturnality,0.926266300508493
0.00800404087780508,0.0114481694240289,0.699154649214501,0.484455388829335,ax_structure,3783,0.977677391145927,0,,2903.61253654832,10484.330225118,Mammalia,50km,SES.nocturnality.mean,Endotherm,mean,nocturnality,0.60601695663533
-0.0251022493912785,0.0153928644289644,-1.63077181034897,0.10293847770499,ax_human,3783,0.977677391145927,0,,2903.61253654832,10484.330225118,Mammalia,50km,SES.nocturnality.mean,Endotherm,mean,nocturnality,0.18430033126221
0.246146637870827,0.0656852551640861,3.74736517740452,0.000178701832015626,ax_thermal,3783,0.991324238941592,0,,3361.86902567299,11612.2341595308,Mammalia,50km,SES.verticality.mean,Endotherm,mean,verticality,0.000755337640478421
0.135951744203629,0.0486803743035649,2.79274237613398,0.00522632973340143,ax_water,3783,0.991324238941592,0,,3361.86902567299,11612.2341595308,Mammalia,50km,SES.verticality.mean,Endotherm,mean,verticality,0.014958430650573
0.126112549058228,0.0294726078377941,4.27897489602218,1.87756035567865e-05,ax_productivity,3783,0.991324238941592,0,,3361.86902567299,11612.2341595308,Mammalia,50km,SES.verticality.mean,Endotherm,mean,verticality,0.000105092115471433
-0.00236817532777407,0.0120856834612206,-0.195948812938288,0.84465023056914,ax_structure,3783,0.991324238941592,0,,3361.86902567299,11612.2341595308,Mammalia,50km,SES.verticality.mean,Endotherm,mean,verticality,0.900082117045738
0.00470036102382663,0.0162694124012457,0.288907854070177,0.772651893227436,ax_human,3783,0.991324238941592,0,,3361.86902567299,11612.2341595308,Mammalia,50km,SES.verticality.mean,Endotherm,mean,verticality,0.847024802735959
-0.16925303941594,0.0579906692803392,-2.91862538433096,0.00351578451848145,ax_thermal,3783,0.978846049959953,0,,2564.51069414115,11220.5011065679,Mammalia,50km,SES.habitat_breadth.mean,Endotherm,mean,habitat_breadth,0.0106973777556764
-0.0706407409005299,0.0434444646070482,-1.62600095407942,0.103949452398997,ax_water,3783,0.978846049959953,0,,2564.51069414115,11220.5011065679,Mammalia,50km,SES.habitat_breadth.mean,Endotherm,mean,habitat_breadth,0.185323245453356
0.00748041862877644,0.0265963486228259,0.281257353588624,0.778513017434654,ax_productivity,3783,0.978846049959953,0,,2564.51069414115,11220.5011065679,Mammalia,50km,SES.habitat_breadth.mean,Endotherm,mean,habitat_breadth,0.851742060435512
0.0287388374378274,0.0109422800371097,2.62640302938348,0.00862925760527866,ax_structure,3783,0.978846049959953,0,,2564.51069414115,11220.5011065679,Mammalia,50km,SES.habitat_breadth.mean,Endotherm,mean,habitat_breadth,0.0230113536140764
0.0260480067889974,0.0147149812433504,1.770169214505,0.076698956116372,ax_human,3783,0.978846049959953,0,,2564.51069414115,11220.5011065679,Mammalia,50km,SES.habitat_breadth.mean,Endotherm,mean,habitat_breadth,0.144250330310608
-0.352077255501579,0.0804398204007518,-4.37690255581785,1.20377758454637e-05,ax_thermal,3783,0.982097514489171,0,,4990.18762240185,13556.1057641735,Mammalia,50km,SES.range_size.mean,Endotherm,mean,range_size,6.95139168540863e-05
-0.670244780106197,0.0600538753789594,-11.160724863745,0,ax_water,3783,0.982097514489171,0,,4990.18762240185,13556.1057641735,Mammalia,50km,SES.range_size.mean,Endotherm,mean,range_size,0
0.202775877613833,0.036645109361508,5.5335045016083,3.13894923387181e-08,ax_productivity,3783,0.982097514489171,0,,4990.18762240185,13556.1057641735,Mammalia,50km,SES.range_size.mean,Endotherm,mean,range_size,2.90840493985863e-07
-0.111278487236645,0.0150601348797294,-7.38894360012824,1.48103751484996e-13,ax_structure,3783,0.982097514489171,0,,4990.18762240185,13556.1057641735,Mammalia,50km,SES.range_size.mean,Endotherm,mean,range_size,3.07455889158726e-12
0.144712383868051,0.0202603487508262,7.14264031916774,9.15489906105904e-13,ax_human,3783,0.982097514489171,0,,4990.18762240185,13556.1057641735,Mammalia,50km,SES.range_size.mean,Endotherm,mean,range_size,1.72575108737205e-11
-0.0802286007637954,0.0592475485028972,-1.35412523878304,0.17569642534456,ax_thermal,3783,0.966895440446329,0,,2967.98127277533,10379.60511458,Mammalia,50km,SES.body_mass.var,Endotherm,var,body_mass,0.280293908137236
0.218985374714174,0.0450970306360027,4.85587125417853,1.1985856145369e-06,ax_water,3783,0.966895440446329,0,,2967.98127277533,10379.60511458,Mammalia,50km,SES.body_mass.var,Endotherm,var,body_mass,8.65938505656612e-06
0.0146045016997538,0.0279822425388102,0.521920345715608,0.601725791761625,ax_productivity,3783,0.966895440446329,0,,2967.98127277533,10379.60511458,Mammalia,50km,SES.body_mass.var,Endotherm,var,body_mass,0.713027672318688
0.129465576896243,0.0115746348810384,11.1852838752032,0,ax_structure,3783,0.966895440446329,0,,2967.98127277533,10379.60511458,Mammalia,50km,SES.body_mass.var,Endotherm,var,body_mass,0
-0.054256324538685,0.0155322407205971,-3.49314213671285,0.000477372344834803,ax_human,3783,0.966895440446329,0,,2967.98127277533,10379.60511458,Mammalia,50km,SES.body_mass.var,Endotherm,var,body_mass,0.00183346755393227
0.00406305383546534,0.0588267748933785,0.0690681044954356,0.944935409304278,ax_thermal,3783,0.958231504838162,0,,3131.03901168552,9714.73482017851,Mammalia,50km,SES.body_length.var,Endotherm,var,body_length,0.965622260974093
0.207038312325496,0.0453989813716883,4.56041757039529,5.10519997876102e-06,ax_water,3783,0.958231504838162,0,,3131.03901168552,9714.73482017851,Mammalia,50km,SES.body_length.var,Endotherm,var,body_length,3.24516587797212e-05
0.0507748901621056,0.0284705703648192,1.78341668296353,0.0745184995197881,ax_productivity,3783,0.958231504838162,0,,3131.03901168552,9714.73482017851,Mammalia,50km,SES.body_length.var,Endotherm,var,body_length,0.140920005645632
0.10219819692329,0.0118384425723133,8.63274001618275,0,ax_structure,3783,0.958231504838162,0,,3131.03901168552,9714.73482017851,Mammalia,50km,SES.body_length.var,Endotherm,var,body_length,0
-0.0561514406998162,0.015850208845395,-3.54263096767524,0.000396156654060453,ax_human,3783,0.958231504838162,0,,3131.03901168552,9714.73482017851,Mammalia,50km,SES.body_length.var,Endotherm,var,body_length,0.00154322307044927
-0.0174655300685008,0.0571538092609703,-0.305588206531456,0.759918201020302,ax_thermal,3783,0.964460010723031,0,,2753.84588951784,9805.59553916873,Mammalia,50km,SES.nocturnality.var,Endotherm,var,nocturnality,0.836093082186087
-0.0492626808281627,0.0436657410013511,-1.12817691165801,0.259245212621033,ax_water,3783,0.964460010723031,0,,2753.84588951784,9805.59553916873,Mammalia,50km,SES.nocturnality.var,Endotherm,var,nocturnality,0.377725208551705
0.0184252969358248,0.0271740001732485,0.678048753159413,0.497740781968318,ax_productivity,3783,0.964460010723031,0,,2753.84588951784,9805.59553916873,Mammalia,50km,SES.nocturnality.var,Endotherm,var,nocturnality,0.617469653879002
-0.0457876238303833,0.0112556188498253,-4.06797924141631,4.74226048390314e-05,ax_structure,3783,0.964460010723031,0,,2753.84588951784,9805.59553916873,Mammalia,50km,SES.nocturnality.var,Endotherm,var,nocturnality,0.000235675975563671
0.012678222881216,0.0150954389733503,0.839871096401919,0.400980665085589,ax_human,3783,0.964460010723031,0,,2753.84588951784,9805.59553916873,Mammalia,50km,SES.nocturnality.var,Endotherm,var,nocturnality,0.521911341857433
0.0957844531430993,0.0648101063158594,1.47792464151012,0.139427949908461,ax_thermal,3783,0.985162021978011,0,,3315.70878563761,10886.658888683,Mammalia,50km,SES.verticality.var,Endotherm,var,verticality,0.235491079145083
0.212384825029235,0.0482466712390388,4.40206172933614,1.07227037349222e-05,ax_water,3783,0.985162021978011,0,,3315.70878563761,10886.658888683,Mammalia,50km,SES.verticality.var,Endotherm,var,verticality,6.28044075902588e-05
-0.0120206631735022,0.029356488099924,-0.409472111670378,0.682193228953862,ax_productivity,3783,0.985162021978011,0,,3315.70878563761,10886.658888683,Mammalia,50km,SES.verticality.var,Endotherm,var,verticality,0.777482206729905
-0.0378581115668646,0.0120541178590251,-3.14067872984333,0.00168556823370514,ax_structure,3783,0.985162021978011,0,,3315.70878563761,10886.658888683,Mammalia,50km,SES.verticality.var,Endotherm,var,verticality,0.00561856077901712
-0.0457108423135861,0.0162210078548857,-2.8180026002403,0.00483234184974379,ax_human,3783,0.985162021978011,0,,3315.70878563761,10886.658888683,Mammalia,50km,SES.verticality.var,Endotherm,var,verticality,0.0138792305316634
0.0947008384677071,0.0474117433103535,1.99741312711923,0.0457803229710827,ax_thermal,3783,0.97304797315461,0,,1147.60005300949,7311.07565293959,Mammalia,50km,SES.habitat_breadth.var,Endotherm,var,habitat_breadth,0.0945588534919088
0.0600307346966793,0.0357741729577665,1.67804675086547,0.093337972715835,ax_water,3783,0.97304797315461,0,,1147.60005300949,7311.07565293959,Mammalia,50km,SES.habitat_breadth.var,Endotherm,var,habitat_breadth,0.17122088089148
-0.0449574847634708,0.0220387294920944,-2.03993087621488,0.0413572109587017,ax_productivity,3783,0.97304797315461,0,,1147.60005300949,7311.07565293959,Mammalia,50km,SES.habitat_breadth.var,Endotherm,var,habitat_breadth,0.0866230216759525
-0.0131752013477782,0.00908844874996059,-1.44966448183309,0.14715210495662,ax_structure,3783,0.97304797315461,0,,1147.60005300949,7311.07565293959,Mammalia,50km,SES.habitat_breadth.var,Endotherm,var,habitat_breadth,0.246506079804757
-0.0172670740568412,0.0122111185246779,-1.41404524261602,0.157348619042463,ax_human,3783,0.97304797315461,0,,1147.60005300949,7311.07565293959,Mammalia,50km,SES.habitat_breadth.var,Endotherm,var,habitat_breadth,0.258828219889307
0.187319439773699,0.0598254717108926,3.13109841705758,0.00174153787239795,ax_thermal,3783,0.931505170435967,0,,4039.19186148474,9104.59697225659,Mammalia,50km,SES.range_size.var,Endotherm,var,range_size,0.0057816237059365
0.412201979866939,0.0484209250284019,8.51288940938566,0,ax_water,3783,0.931505170435967,0,,4039.19186148474,9104.59697225659,Mammalia,50km,SES.range_size.var,Endotherm,var,range_size,0
-0.24062638672904,0.0313731282013674,-7.66982448114795,1.73194791841524e-14,ax_productivity,3783,0.931505170435967,0,,4039.19186148474,9104.59697225659,Mammalia,50km,SES.range_size.var,Endotherm,var,range_size,3.78719278160133e-13
0.0860295833307116,0.0133413868404469,6.44832387813661,1.13093978626466e-10,ax_structure,3783,0.931505170435967,0,,4039.19186148474,9104.59697225659,Mammalia,50km,SES.range_size.var,Endotherm,var,range_size,1.57181461819834e-09
-0.147066811318072,0.017674653620285,-8.32077473638775,0,ax_human,3783,0.931505170435967,0,,4039.19186148474,9104.59697225659,Mammalia,50km,SES.range_size.var,Endotherm,var,range_size,0
0.266250164355616,0.0595411429338991,4.47170059619445,7.76000218793982e-06,ax_thermal,3783,0.976288425142423,0,,2808.7268185025,11797.5086208387,Mammalia,50km,SES.body_mass.skew,Endotherm,skew,body_mass,4.71348281045234e-05
0.190957073019401,0.0447405878538734,4.2680948592603,1.9714949469174e-05,ax_water,3783,0.976288425142423,0,,2808.7268185025,11797.5086208387,Mammalia,50km,SES.body_mass.skew,Endotherm,skew,body_mass,0.000109601752981171
-0.038309326158571,0.0274639624544287,-1.39489435372402,0.163047700041604,ax_productivity,3783,0.976288425142423,0,,2808.7268185025,11797.5086208387,Mammalia,50km,SES.body_mass.skew,Endotherm,skew,body_mass,0.264494253061009
-0.0123689212424812,0.0113102018913453,-1.09360746707325,0.274127172903141,ax_structure,3783,0.976288425142423,0,,2808.7268185025,11797.5086208387,Mammalia,50km,SES.body_mass.skew,Endotherm,skew,body_mass,0.39366774392395
0.0211624342035066,0.0152042935715871,1.39187224344666,0.163961088377732,ax_human,3783,0.976288425142423,0,,2808.7268185025,11797.5086208387,Mammalia,50km,SES.body_mass.skew,Endotherm,skew,body_mass,0.265445394806989
0.327958308323207,0.062374816196488,5.25786412404167,1.45738132451001e-07,ax_thermal,3783,0.978411583813403,0,,3123.18292048013,12259.5963446622,Mammalia,50km,SES.body_length.skew,Endotherm,skew,body_length,1.23839656590488e-06
0.269605572261099,0.046752028469519,5.76671389642215,8.08321010126178e-09,ax_water,3783,0.978411583813403,0,,3123.18292048013,12259.5963446622,Mammalia,50km,SES.body_length.skew,Endotherm,skew,body_length,8.28529035379333e-08
-0.03027609618728,0.0286341155310236,-1.05734350881128,0.290354843205511,ax_productivity,3783,0.978411583813403,0,,3123.18292048013,12259.5963446622,Mammalia,50km,SES.body_length.skew,Endotherm,skew,body_length,0.412278738404363
-0.0220275227752006,0.0117825175909154,-1.86950900817533,0.0615520315434126,ax_structure,3783,0.978411583813403,0,,3123.18292048013,12259.5963446622,Mammalia,50km,SES.body_length.skew,Endotherm,skew,body_length,0.12017301396571
0.0191031185953633,0.0158440085330436,1.20569984265804,0.2279332457259,ax_human,3783,0.978411583813403,0,,3123.18292048013,12259.5963446622,Mammalia,50km,SES.body_length.skew,Endotherm,skew,body_length,0.342797802410532
-0.440793434961055,0.0676954915400341,-6.51141493965483,7.44462269608448e-11,ax_thermal,3783,0.986386418186595,0,,3631.50966434164,11896.3852863157,Mammalia,50km,SES.nocturnality.skew,Endotherm,skew,nocturnality,1.04351976252808e-09
-0.254357870195757,0.0503427803091991,-5.05251932121196,4.3602023347411e-07,ax_water,3783,0.986386418186595,0,,3631.50966434164,11896.3852863157,Mammalia,50km,SES.nocturnality.skew,Endotherm,skew,nocturnality,3.38897243079403e-06
-0.026396848518406,0.0305989846552977,-0.862670732894265,0.388318528222244,ax_productivity,3783,0.986386418186595,0,,3631.50966434164,11896.3852863157,Mammalia,50km,SES.nocturnality.skew,Endotherm,skew,nocturnality,0.511491947122677
0.0386235459549335,0.0125603964063781,3.0750260346338,0.0021048417935543,ax_structure,3783,0.986386418186595,0,,3631.50966434164,11896.3852863157,Mammalia,50km,SES.nocturnality.skew,Endotherm,skew,nocturnality,0.00674207136997862
0.0296556006293861,0.0169038971200596,1.75436471357804,0.079368033605385,ax_human,3783,0.986386418186595,0,,3631.50966434164,11896.3852863157,Mammalia,50km,SES.nocturnality.skew,Endotherm,skew,nocturnality,0.147913153537308
-0.479210912759881,0.173469552833347,-2.76250733879658,0.00573592722715421,ax_thermal,3783,0.958099577036936,0,,11316.4564829368,17059.2948344736,Mammalia,50km,SES.verticality.skew,Endotherm,skew,verticality,0.0163031553770068
-0.403458311875401,0.133902950844915,-3.01306512910744,0.00258623407346348,ax_water,3783,0.958099577036936,0,,11316.4564829368,17059.2948344736,Mammalia,50km,SES.verticality.skew,Endotherm,skew,verticality,0.00810041641230633
-0.141110819104774,0.0839869060304583,-1.68015260680753,0.0929276276603188,ax_productivity,3783,0.958099577036936,0,,11316.4564829368,17059.2948344736,Mammalia,50km,SES.verticality.skew,Endotherm,skew,verticality,0.170662160540787
0.0805953445917364,0.0349259508835626,2.30760630857061,0.0210210433192239,ax_structure,3783,0.958099577036936,0,,11316.4564829368,17059.2948344736,Mammalia,50km,SES.verticality.skew,Endotherm,skew,verticality,0.0486241340529299
0.0296010672282733,0.0467596871892824,0.633046733363478,0.526703125259509,ax_human,3783,0.958099577036936,0,,11316.4564829368,17059.2948344736,Mammalia,50km,SES.verticality.skew,Endotherm,skew,verticality,0.645103155657651
0.0811405387273431,0.0521487482434156,1.55594413021387,0.119721378327712,ax_thermal,3783,0.974458390706533,0,,1840.18536466935,9352.24943950781,Mammalia,50km,SES.habitat_breadth.skew,Endotherm,skew,habitat_breadth,0.207550803866225
-0.00341574289748979,0.0392758832992211,-0.086967945990346,0.930696990936329,ax_water,3783,0.974458390706533,0,,1840.18536466935,9352.24943950781,Mammalia,50km,SES.habitat_breadth.skew,Endotherm,skew,habitat_breadth,0.955756459070494
0.0154940431337636,0.0241577954875396,0.641368254887136,0.521283452962381,ax_productivity,3783,0.974458390706533,0,,1840.18536466935,9352.24943950781,Mammalia,50km,SES.habitat_breadth.skew,Endotherm,skew,habitat_breadth,0.639898849444839
-0.0624335973641226,0.0099561756059161,-6.27084131853035,3.59102525493427e-10,ax_structure,3783,0.974458390706533,0,,1840.18536466935,9352.24943950781,Mammalia,50km,SES.habitat_breadth.skew,Endotherm,skew,habitat_breadth,4.60100110788453e-09
-0.0115025402435516,0.0133802101921112,-0.859668127660156,0.389972008754407,ax_human,3783,0.974458390706533,0,,1840.18536466935,9352.24943950781,Mammalia,50km,SES.habitat_breadth.skew,Endotherm,skew,habitat_breadth,0.511868830218426
-0.0147924905065401,0.0562783091608499,-0.262845325794375,0.792669798514407,ax_thermal,3783,0.946628829904164,0,,3121.26183492727,9000.03489636795,Mammalia,50km,SES.range_size.skew,Endotherm,skew,range_size,0.860912893750747
-0.0752686306357131,0.0443180710205478,-1.69837334754068,0.0894373191493991,ax_water,3783,0.946628829904164,0,,3121.26183492727,9000.03489636795,Mammalia,50km,SES.range_size.skew,Endotherm,skew,range_size,0.164991229926901
-0.0649280506296673,0.0281978115559949,-2.30259183414762,0.0213018190378049,ax_productivity,3783,0.946628829904164,0,,3121.26183492727,9000.03489636795,Mammalia,50km,SES.range_size.skew,Endotherm,skew,range_size,0.0491349974992969
-0.0261793055986169,0.0118269497340137,-2.21352979317452,0.0268611415468212,ax_structure,3783,0.946628829904164,0,,3121.26183492727,9000.03489636795,Mammalia,50km,SES.range_size.skew,Endotherm,skew,range_size,0.0592526391215689
0.0176164961889886,0.0157720568386715,1.11694348867642,0.264018488531415,ax_human,3783,0.946628829904164,0,,3121.26183492727,9000.03489636795,Mammalia,50km,SES.range_size.skew,Endotherm,skew,range_size,0.382500283738092
0.141993125453745,0.0598592631188259,2.37211616140139,0.0176865292611843,ax_thermal,3783,0.957968830078971,0,,3269.66896727702,9713.96359549098,Mammalia,50km,SES.body_mass.kurt,Endotherm,kurt,body_mass,0.0420375478091917
0.0358186235419925,0.0462161037857161,0.775024733977315,0.438325044352001,ax_water,3783,0.957968830078971,0,,3269.66896727702,9713.96359549098,Mammalia,50km,SES.body_mass.kurt,Endotherm,kurt,body_mass,0.560290781556727
-0.0918415702591088,0.0289924902185364,-3.1677710181787,0.0015361245777763,ax_productivity,3783,0.957968830078971,0,,3269.66896727702,9713.96359549098,Mammalia,50km,SES.body_mass.kurt,Endotherm,kurt,body_mass,0.0051518288498019
-0.0362635781059179,0.0120575810688644,-3.00753342638178,0.00263377157993916,ax_structure,3783,0.957968830078971,0,,3269.66896727702,9713.96359549098,Mammalia,50km,SES.body_mass.kurt,Endotherm,kurt,body_mass,0.0082274007449528
0.0249971000571133,0.0161423434400252,1.54854220206545,0.121491809236743,ax_human,3783,0.957968830078971,0,,3269.66896727702,9713.96359549098,Mammalia,50km,SES.body_mass.kurt,Endotherm,kurt,body_mass,0.209754258278199
-0.0539285156034342,0.0667408428938737,-0.808028686260185,0.419074068557943,ax_thermal,3783,0.953665662270025,0,,4210.27601962424,10347.920526046,Mammalia,50km,SES.body_length.kurt,Endotherm,kurt,body_length,0.540360083936755
0.00792259790341236,0.051908644086482,0.152625791770114,0.878693384402055,ax_water,3783,0.953665662270025,0,,4210.27601962424,10347.920526046,Mammalia,50km,SES.body_length.kurt,Endotherm,kurt,body_length,0.92279746643078
-0.117503428980558,0.0327390851959986,-3.58908711948124,0.000331837941229374,ax_productivity,3783,0.953665662270025,0,,4210.27601962424,10347.920526046,Mammalia,50km,SES.body_length.kurt,Endotherm,kurt,body_length,0.00131770998454279
-0.0720325150616997,0.013656837713614,-5.27446518529636,1.33143789993184e-07,ax_structure,3783,0.953665662270025,0,,4210.27601962424,10347.920526046,Mammalia,50km,SES.body_length.kurt,Endotherm,kurt,body_length,1.14953962526698e-06
0.0147826777284886,0.0182585116369598,0.809632133353342,0.418151634106186,ax_human,3783,0.953665662270025,0,,4210.27601962424,10347.920526046,Mammalia,50km,SES.body_length.kurt,Endotherm,kurt,body_length,0.539975338530823
0.282085343879585,0.0927900091970043,3.04004004656024,0.00236546693533035,ax_thermal,3783,0.972596494369794,0,,6237.1146508663,13108.7784626943,Mammalia,50km,SES.nocturnality.kurt,Endotherm,kurt,nocturnality,0.00748912311571772
0.250555394077321,0.0700563102925944,3.57648573027699,0.000348244316876745,ax_water,3783,0.972596494369794,0,,6237.1146508663,13108.7784626943,Mammalia,50km,SES.nocturnality.kurt,Endotherm,kurt,nocturnality,0.00137046120460226
0.0233572920570399,0.0431803617438377,0.540923955098019,0.588559998754063,ax_productivity,3783,0.972596494369794,0,,6237.1146508663,13108.7784626943,Mammalia,50km,SES.nocturnality.kurt,Endotherm,kurt,nocturnality,0.700463278633283
-0.0026443591480025,0.0178105787118913,-0.148471264790345,0.881970861972084,ax_structure,3783,0.972596494369794,0,,6237.1146508663,13108.7784626943,Mammalia,50km,SES.nocturnality.kurt,Endotherm,kurt,nocturnality,0.924828781096047
-0.0232520193593103,0.0239281280327058,-0.971744188577084,0.331177827556471,ax_human,3783,0.972596494369794,0,,6237.1146508663,13108.7784626943,Mammalia,50km,SES.nocturnality.kurt,Endotherm,kurt,nocturnality,0.452987186982996
-0.959463967325954,0.254938038344564,-3.76351827901485,0.000167539474613454,ax_thermal,3783,0.966706316678888,0,,14013.4338446682,20404.2088544847,Mammalia,50km,SES.verticality.kurt,Endotherm,kurt,verticality,0.000716081117113678
-0.484094933632069,0.194104547667092,-2.49399068414583,0.0126315859613324,ax_water,3783,0.966706316678888,0,,14013.4338446682,20404.2088544847,Mammalia,50km,SES.verticality.kurt,Endotherm,kurt,verticality,0.031772700884333
0.0243954431988632,0.120467195930072,0.202506939839657,0.839520433596411,ax_productivity,3783,0.966706316678888,0,,14013.4338446682,20404.2088544847,Mammalia,50km,SES.verticality.kurt,Endotherm,kurt,verticality,0.897531623923151
0.143392983674177,0.0498354189547386,2.87733075554977,0.00401054980228466,ax_structure,3783,0.966706316678888,0,,14013.4338446682,20404.2088544847,Mammalia,50km,SES.verticality.kurt,Endotherm,kurt,verticality,0.0118723856962939
0.0849500492375992,0.0668722957697375,1.27033247864122,0.203966223707193,ax_human,3783,0.966706316678888,0,,14013.4338446682,20404.2088544847,Mammalia,50km,SES.verticality.kurt,Endotherm,kurt,verticality,0.314384029022365
0.0752211616027923,0.0453866589973597,1.65734079715293,0.0974505934835306,ax_thermal,3783,0.968205208838998,0,,921.444673966002,7272.2139876732,Mammalia,50km,SES.habitat_breadth.kurt,Endotherm,kurt,habitat_breadth,0.176790899682511
0.0682656759911177,0.0344794967661735,1.97989188920212,0.0477156779918808,ax_water,3783,0.968205208838998,0,,921.444673966002,7272.2139876732,Mammalia,50km,SES.habitat_breadth.kurt,Endotherm,kurt,habitat_breadth,0.0978171398833556
0.0221033429246573,0.0213607749374651,1.03476315767411,0.300779532572177,ax_productivity,3783,0.968205208838998,0,,921.444673966002,7272.2139876732,Mammalia,50km,SES.habitat_breadth.kurt,Endotherm,kurt,habitat_breadth,0.424143106980541
-0.0104309309412441,0.00882957422433904,-1.1813628467487,0.23745861077629,ax_structure,3783,0.968205208838998,0,,921.444673966002,7272.2139876732,Mammalia,50km,SES.habitat_breadth.kurt,Endotherm,kurt,habitat_breadth,0.351790534483392
0.00323301640920592,0.0118520245182772,0.272781785442668,0.785020961872852,ax_human,3783,0.968205208838998,0,,921.444673966002,7272.2139876732,Mammalia,50km,SES.habitat_breadth.kurt,Endotherm,kurt,habitat_breadth,0.857146722684073
0.111027944298823,0.0495478250403809,2.24082377396659,0.0250374923459651,ax_thermal,3783,0.938196418704029,0,,2408.88060192695,7946.04924846,Mammalia,50km,SES.range_size.kurt,Endotherm,kurt,range_size,0.055865969316167
0.0460432753367564,0.0396174303381039,1.16219742027216,0.245155282314534,ax_water,3783,0.938196418704029,0,,2408.88060192695,7946.04924846,Mammalia,50km,SES.range_size.kurt,Endotherm,kurt,range_size,0.361235097031299
0.0152012708188333,0.0254676125627956,0.596886370143707,0.55058324780072,ax_productivity,3783,0.938196418704029,0,,2408.88060192695,7946.04924846,Mammalia,50km,SES.range_size.kurt,Endotherm,kurt,range_size,0.666388580363971
0.00908137534176093,0.0107607973712374,0.843931451217042,0.398707711936844,ax_structure,3783,0.938196418704029,0,,2408.88060192695,7946.04924846,Mammalia,50km,SES.range_size.kurt,Endotherm,kurt,range_size,0.520061838345136
-0.0178994294179082,0.0143001436628644,-1.25169577592361,0.210680739868456,ax_human,3783,0.938196418704029,0,,2408.88060192695,7946.04924846,Mammalia,50km,SES.range_size.kurt,Endotherm,kurt,range_size,0.322611030237411
0.0553535538415511,0.0550062301807738,1.00631426039625,0.314264422817927,ax_thermal,3783,0.987451134569507,0,,2050.11168747803,12775.3275924606,Mammalia,50km,SES.diet_breadth.mean,Endotherm,mean,diet_breadth,0.43751583482292
-0.115684953217569,0.0408718997639622,-2.83042760149778,0.00464858305393356,ax_water,3783,0.987451134569507,0,,2050.11168747803,12775.3275924606,Mammalia,50km,SES.diet_breadth.mean,Endotherm,mean,diet_breadth,0.0134693925944365
-0.0652903169614265,0.0248200308339243,-2.63054938965615,0.00852469819034241,ax_productivity,3783,0.987451134569507,0,,2050.11168747803,12775.3275924606,Mammalia,50km,SES.diet_breadth.mean,Endotherm,mean,diet_breadth,0.0228390197826328
-0.0601050142880585,0.0101856636009518,-5.90094240717336,3.61431062856354e-09,ax_structure,3783,0.987451134569507,0,,2050.11168747803,12775.3275924606,Mammalia,50km,SES.diet_breadth.mean,Endotherm,mean,diet_breadth,3.84900612392481e-08
0.000424316929274008,0.0137089637651727,0.0309517872059721,0.975307989467088,ax_human,3783,0.987451134569507,0,,2050.11168747803,12775.3275924606,Mammalia,50km,SES.diet_breadth.mean,Endotherm,mean,diet_breadth,0.983461709729731
-0.0968772493323997,0.0536958693053627,-1.80418439231273,0.0712024052655649,ax_thermal,3783,0.976780425133904,0,,2018.01169735026,9767.60410241213,Mammalia,50km,SES.diet_vert.mean,Endotherm,mean,diet_vert,0.136097837570544
-0.207966520478828,0.040324200139176,-5.15736257039314,2.50452546035618e-07,ax_water,3783,0.976780425133904,0,,2018.01169735026,9767.60410241213,Mammalia,50km,SES.diet_vert.mean,Endotherm,mean,diet_vert,2.03337710642779e-06
-0.0128746650200956,0.0247398755394071,-0.520401365786506,0.602783858349378,ax_productivity,3783,0.976780425133904,0,,2018.01169735026,9767.60410241213,Mammalia,50km,SES.diet_vert.mean,Endotherm,mean,diet_vert,0.713250741481227
0.0287764760411995,0.0101863887784027,2.82499290643725,0.00472816627723915,ax_structure,3783,0.976780425133904,0,,2018.01169735026,9767.60410241213,Mammalia,50km,SES.diet_vert.mean,Endotherm,mean,diet_vert,0.0136517477018877
-0.00109848661271347,0.013694554070508,-0.0802133904512542,0.936067540439688,ax_human,3783,0.976780425133904,0,,2018.01169735026,9767.60410241213,Mammalia,50km,SES.diet_vert.mean,Endotherm,mean,diet_vert,0.95946922895068
0.0469151928228503,0.0572957803378031,0.818824572180513,0.412886509379911,ax_thermal,3783,0.98478209495466,0,,2387.84415784978,11737.3890685957,Mammalia,50km,SES.diet_plant.mean,Endotherm,mean,diet_plant,0.534438733530429
-0.0774423750977407,0.0426669880488267,-1.81504199474118,0.0695174561165723,ax_water,3783,0.98478209495466,0,,2387.84415784978,11737.3890685957,Mammalia,50km,SES.diet_plant.mean,Endotherm,mean,diet_plant,0.133032238076054
-0.0621473144249002,0.0259702988035282,-2.39301499359172,0.0167105581902451,ax_productivity,3783,0.98478209495466,0,,2387.84415784978,11737.3890685957,Mammalia,50km,SES.diet_plant.mean,Endotherm,mean,diet_plant,0.040124912784776
-0.0543344220427252,0.0106647871640877,-5.09474977856939,3.49202159855011e-07,ax_structure,3783,0.98478209495466,0,,2387.84415784978,11737.3890685957,Mammalia,50km,SES.diet_plant.mean,Endotherm,mean,diet_plant,2.78005602991368e-06
-0.00195574573599472,0.0143509566585176,-0.136279816219356,0.891600079335438,ax_human,3783,0.98478209495466,0,,2387.84415784978,11737.3890685957,Mammalia,50km,SES.diet_plant.mean,Endotherm,mean,diet_plant,0.927218852320938
0.0190159661652108,0.0662459628013603,0.287050944104029,0.774073313048625,ax_thermal,3783,0.993446139146851,0,,3415.96860208276,13615.9625953884,Mammalia,50km,SES.litter_size.mean,Endotherm,mean,litter_size,0.847991200854674
-0.0687972874974275,0.0490417577151527,-1.40283078549142,0.160667304450031,ax_water,3783,0.993446139146851,0,,3415.96860208276,13615.9625953884,Mammalia,50km,SES.litter_size.mean,Endotherm,mean,litter_size,0.26218346198811
-0.142213485593842,0.0296477849725517,-4.79676595487675,1.61247820273935e-06,ax_productivity,3783,0.993446139146851,0,,3415.96860208276,13615.9625953884,Mammalia,50km,SES.litter_size.mean,Endotherm,mean,litter_size,1.15478788318452e-05
-0.0477181131579487,0.0121535668915685,-3.92626408227967,8.62754310015923e-05,ax_structure,3783,0.993446139146851,0,,3415.96860208276,13615.9625953884,Mammalia,50km,SES.litter_size.mean,Endotherm,mean,litter_size,0.00039403122527716
0.0138194368923409,0.0163618096928325,0.844615427741751,0.398325592425008,ax_human,3783,0.993446139146851,0,,3415.96860208276,13615.9625953884,Mammalia,50km,SES.litter_size.mean,Endotherm,mean,litter_size,0.520061838345136
-0.0536329745592661,0.047680522280573,-1.12484033299103,0.260656699770971,ax_thermal,3783,0.986153163196944,0,,982.173957256181,9284.88667636755,Mammalia,50km,SES.diet_breadth.var,Endotherm,var,diet_breadth,0.378298219136631
-0.252883348769716,0.0354651136257832,-7.13048184303205,1.00008890058234e-12,ax_water,3783,0.986153163196944,0,,982.173957256181,9284.88667636755,Mammalia,50km,SES.diet_breadth.var,Endotherm,var,diet_breadth,1.8428604460169e-11
-0.0795053139023432,0.0215605008280268,-3.6875448551266,0.000226428189069594,ax_productivity,3783,0.986153163196944,0,,982.173957256181,9284.88667636755,Mammalia,50km,SES.diet_breadth.var,Endotherm,var,diet_breadth,0.000930682280887555
-0.00851354586495841,0.00885075109335791,-0.961900947745265,0.336099362461539,ax_structure,3783,0.986153163196944,0,,982.173957256181,9284.88667636755,Mammalia,50km,SES.diet_breadth.var,Endotherm,var,diet_breadth,0.458190319565191
-0.0145159426370817,0.0119112178497286,-1.21867829303555,0.222966319950997,ax_human,3783,0.986153163196944,0,,982.173957256181,9284.88667636755,Mammalia,50km,SES.diet_breadth.var,Endotherm,var,diet_breadth,0.337952647615189
-0.0704827437364506,0.0456291963273346,-1.54468518864154,0.12242242919653,ax_thermal,3783,0.976424626594697,0,,792.782848386914,8450.45649049167,Mammalia,50km,SES.diet_vert.var,Endotherm,var,diet_vert,0.210674484661395
-0.17839985614195,0.0342811271062094,-5.20402539826749,1.95017335835601e-07,ax_water,3783,0.976424626594697,0,,792.782848386914,8450.45649049167,Mammalia,50km,SES.diet_vert.var,Endotherm,var,diet_vert,1.61529510490094e-06
-0.03173476007901,0.021040343112402,-1.50828149091848,0.131482498321324,ax_productivity,3783,0.976424626594697,0,,792.782848386914,8450.45649049167,Mammalia,50km,SES.diet_vert.var,Endotherm,var,diet_vert,0.223916196518142
-0.0178832093970662,0.00866435916106945,-2.06399677859832,0.0390180218233664,ax_structure,3783,0.976424626594697,0,,792.782848386914,8450.45649049167,Mammalia,50km,SES.diet_vert.var,Endotherm,var,diet_vert,0.0824607677710322
-0.0118816130796096,0.0116477277603611,-1.02007990949483,0.307690564100976,ax_human,3783,0.976424626594697,0,,792.782848386914,8450.45649049167,Mammalia,50km,SES.diet_vert.var,Endotherm,var,diet_vert,0.430924445026132
0.324812823577713,0.056810317479678,5.71749706721677,1.08104540874621e-08,ax_thermal,3783,0.980672221990653,0,,2379.8240093167,10217.362022809,Mammalia,50km,SES.diet_plant.var,Endotherm,var,diet_plant,1.08767758916796e-07
-0.066772672719945,0.04247515398591,-1.57204074509289,0.11594110211142,ax_water,3783,0.980672221990653,0,,2379.8240093167,10217.362022809,Mammalia,50km,SES.diet_plant.var,Endotherm,var,diet_plant,0.202065257664962
-0.0367360645484738,0.0259547827578945,-1.41538709420714,0.156955031494864,ax_productivity,3783,0.980672221990653,0,,2379.8240093167,10217.362022809,Mammalia,50km,SES.diet_plant.var,Endotherm,var,diet_plant,0.258686724115272
-0.0176394345858877,0.0106715848523262,-1.652934857379,0.0983441220440613,ax_structure,3783,0.980672221990653,0,,2379.8240093167,10217.362022809,Mammalia,50km,SES.diet_plant.var,Endotherm,var,diet_plant,0.177625947304252
-0.01353494218152,0.0143541845024619,-0.942926585568032,0.345718455398478,ax_human,3783,0.980672221990653,0,,2379.8240093167,10217.362022809,Mammalia,50km,SES.diet_plant.var,Endotherm,var,diet_plant,0.468577080044218
-0.290497423488458,0.0615003575414464,-4.72350788030274,2.31810972439739e-06,ax_thermal,3783,0.981042791307242,0,,2974.38517490812,12650.5474522819,Mammalia,50km,SES.litter_size.var,Endotherm,var,litter_size,1.57746885809615e-05
-0.0450697755293688,0.0459638193386216,-0.980548966075551,0.326815211472875,ax_water,3783,0.981042791307242,0,,2974.38517490812,12650.5474522819,Mammalia,50km,SES.litter_size.var,Endotherm,var,litter_size,0.448141259879193
-0.0796461570862269,0.028076229765935,-2.83678249359755,0.00455706448439797,ax_productivity,3783,0.981042791307242,0,,2974.38517490812,12650.5474522819,Mammalia,50km,SES.litter_size.var,Endotherm,var,litter_size,0.0132745750522427
-0.0302277474858682,0.0115424328481282,-2.61883676375645,0.0088230156174065,ax_structure,3783,0.981042791307242,0,,2974.38517490812,12650.5474522819,Mammalia,50km,SES.litter_size.var,Endotherm,var,litter_size,0.0233388225313484
-0.0144158135223313,0.0155262084182075,-0.9284825460301,0.353157317463772,ax_human,3783,0.981042791307242,0,,2974.38517490812,12650.5474522819,Mammalia,50km,SES.litter_size.var,Endotherm,var,litter_size,0.475906327560054
-0.0692554581474299,0.0524827569466235,-1.31958498708185,0.186973618000907,ax_thermal,3783,0.977527169597384,0,,1831.89433924272,10763.1418353231,Mammalia,50km,SES.diet_breadth.skew,Endotherm,skew,diet_breadth,0.293914418935482
0.103124482667308,0.0393780877154729,2.61882911665075,0.00882321339599756,ax_water,3783,0.977527169597384,0,,1831.89433924272,10763.1418353231,Mammalia,50km,SES.diet_breadth.skew,Endotherm,skew,diet_breadth,0.0233388225313484
-0.0079711438606595,0.0241402156182521,-0.330201850170411,0.741247448937401,ax_productivity,3783,0.977527169597384,0,,1831.89433924272,10763.1418353231,Mammalia,50km,SES.diet_breadth.skew,Endotherm,skew,diet_breadth,0.820362998359885
0.048392004506055,0.00993662298629601,4.87006547121636,1.11561277593708e-06,ax_structure,3783,0.977527169597384,0,,1831.89433924272,10763.1418353231,Mammalia,50km,SES.diet_breadth.skew,Endotherm,skew,diet_breadth,8.16787925239648e-06
-0.0112698902528921,0.013360203244329,-0.843541826931106,0.398925483315964,ax_human,3783,0.977527169597384,0,,1831.89433924272,10763.1418353231,Mammalia,50km,SES.diet_breadth.skew,Endotherm,skew,diet_breadth,0.520061838345136
-0.0150429726799595,0.0460426816950871,-0.326717995697558,0.74388118797459,ax_thermal,3783,0.981108290467757,0,,783.242257026597,8660.09759185196,Mammalia,50km,SES.diet_vert.skew,Endotherm,skew,diet_vert,0.821525352375979
0.099854162598629,0.0344087906352053,2.90199570386712,0.00370793625313648,ax_water,3783,0.981108290467757,0,,783.242257026597,8660.09759185196,Mammalia,50km,SES.diet_vert.skew,Endotherm,skew,diet_vert,0.011198923490136
-0.00195538980379456,0.0210166736948092,-0.0930399278301355,0.925871840954904,ax_productivity,3783,0.981108290467757,0,,783.242257026597,8660.09759185196,Mammalia,50km,SES.diet_vert.skew,Endotherm,skew,diet_vert,0.953188838145664
-0.00147186047676319,0.00863999089961138,-0.17035440127945,0.864731430407841,ax_structure,3783,0.981108290467757,0,,783.242257026597,8660.09759185196,Mammalia,50km,SES.diet_vert.skew,Endotherm,skew,diet_vert,0.914351738148845
-0.00382870556333571,0.0116220985497541,-0.329433238493466,0.74182824790714,ax_human,3783,0.981108290467757,0,,783.242257026597,8660.09759185196,Mammalia,50km,SES.diet_vert.skew,Endotherm,skew,diet_vert,0.820362998359885
0.236846251688971,0.0577154248077427,4.10369069408977,4.06611003105351e-05,ax_thermal,3783,0.978179168396359,0,,2539.71997287789,11751.1660125625,Mammalia,50km,SES.diet_plant.skew,Endotherm,skew,diet_plant,0.000204046437949598
0.0524481815864882,0.0432712332705754,1.21207965713686,0.225481889986452,ax_water,3783,0.978179168396359,0,,2539.71997287789,11751.1660125625,Mammalia,50km,SES.diet_plant.skew,Endotherm,skew,diet_plant,0.34082055260625
0.00182388867932409,0.026508669930558,0.0688034776585149,0.945146049879042,ax_productivity,3783,0.978179168396359,0,,2539.71997287789,11751.1660125625,Mammalia,50km,SES.diet_plant.skew,Endotherm,skew,diet_plant,0.965622260974093
0.0518721130961428,0.0109088615028928,4.75504369382518,1.98403502049693e-06,ax_structure,3783,0.978179168396359,0,,2539.71997287789,11751.1660125625,Mammalia,50km,SES.diet_plant.skew,Endotherm,skew,diet_plant,1.37291874836075e-05
-0.0250496859444419,0.0146687397944014,-1.70769175099845,0.0876935535682215,ax_human,3783,0.978179168396359,0,,2539.71997287789,11751.1660125625,Mammalia,50km,SES.diet_plant.skew,Endotherm,skew,diet_plant,0.161956562896265
-0.170349019372448,0.0717784058324663,-2.37326278560782,0.0176317145470579,ax_thermal,3783,0.991656565178986,0,,4031.11506087993,13898.2031001692,Mammalia,50km,SES.litter_size.skew,Endotherm,skew,litter_size,0.0420222235554153
-0.0120465534227818,0.0531861000183387,-0.226498153063077,0.820813995553086,ax_water,3783,0.991656565178986,0,,4031.11506087993,13898.2031001692,Mammalia,50km,SES.litter_size.skew,Endotherm,skew,litter_size,0.882711444398073
0.104018974611816,0.0321928117584108,3.23112424576085,0.00123304328607188,ax_productivity,3783,0.991656565178986,0,,4031.11506087993,13898.2031001692,Mammalia,50km,SES.litter_size.skew,Endotherm,skew,litter_size,0.00429339912772373
0.0786176570140829,0.0132004121361071,5.95569715577591,2.5896549349369e-09,ax_structure,3783,0.991656565178986,0,,4031.11506087993,13898.2031001692,Mammalia,50km,SES.litter_size.skew,Endotherm,skew,litter_size,2.85035845187686e-08
-0.0237290641306539,0.0177702394056119,-1.33532608025305,0.181769646360163,ax_human,3783,0.991656565178986,0,,4031.11506087993,13898.2031001692,Mammalia,50km,SES.litter_size.skew,Endotherm,skew,litter_size,0.287401440066499
0.0383338902775488,0.0498849522940562,0.76844596445803,0.442222281654446,ax_thermal,3783,0.97634410876367,0,,1468.92104401073,8700.80734403095,Mammalia,50km,SES.diet_breadth.kurt,Endotherm,kurt,diet_breadth,0.564832197751784
0.210481718536906,0.0374821513101276,5.61551861832527,1.95973552941098e-08,ax_water,3783,0.97634410876367,0,,1468.92104401073,8700.80734403095,Mammalia,50km,SES.diet_breadth.kurt,Endotherm,kurt,diet_breadth,1.87951243756374e-07
0.0253334971840555,0.0230069964851826,1.10112144366046,0.270843805362086,ax_productivity,3783,0.97634410876367,0,,1468.92104401073,8700.80734403095,Mammalia,50km,SES.diet_breadth.kurt,Endotherm,kurt,diet_breadth,0.389977033181581
0.0379550959812986,0.00947452511573408,4.00601565964162,6.17515568546168e-05,ax_structure,3783,0.97634410876367,0,,1468.92104401073,8700.80734403095,Mammalia,50km,SES.diet_breadth.kurt,Endotherm,kurt,diet_breadth,0.000296986959652702
-0.00833150980077415,0.0127367016841655,-0.654134014234789,0.513025469080365,ax_human,3783,0.97634410876367,0,,1468.92104401073,8700.80734403095,Mammalia,50km,SES.diet_breadth.kurt,Endotherm,kurt,diet_breadth,0.632127550181667
-0.0319433546766783,0.0421149116691975,-0.758480866054895,0.448163163354564,ax_thermal,3783,0.980758423956618,0,,113.884078719109,7843.17154095363,Mammalia,50km,SES.diet_vert.kurt,Endotherm,kurt,diet_vert,0.570199835454992
0.0791712120477513,0.0314850254435918,2.51456719288963,0.0119178589948885,ax_water,3783,0.980758423956618,0,,113.884078719109,7843.17154095363,Mammalia,50km,SES.diet_vert.kurt,Endotherm,kurt,diet_vert,0.0302091016253743
-0.00279114523955871,0.0192375255585638,-0.145088578625238,0.884640935806633,ax_productivity,3783,0.980758423956618,0,,113.884078719109,7843.17154095363,Mammalia,50km,SES.diet_vert.kurt,Endotherm,kurt,diet_vert,0.926266300508493
0.0142504586815129,0.00790948731254012,1.80169183139336,0.0715939039891032,ax_structure,3783,0.980758423956618,0,,113.884078719109,7843.17154095363,Mammalia,50km,SES.diet_vert.kurt,Endotherm,kurt,diet_vert,0.136432774088749
-0.00359994544171708,0.0106390357868617,-0.338371400739408,0.73508332329392,ax_human,3783,0.980758423956618,0,,113.884078719109,7843.17154095363,Mammalia,50km,SES.diet_vert.kurt,Endotherm,kurt,diet_vert,0.816759248104355
0.290897503304559,0.0671079942967485,4.33476676442188,1.45914745566245e-05,ax_thermal,3783,0.973725340399579,0,,3762.72384342808,10493.6938984477,Mammalia,50km,SES.diet_plant.kurt,Endotherm,kurt,diet_plant,8.28028313939935e-05
0.119696871928109,0.0505905619211307,2.36599214127555,0.0179818261083871,ax_water,3783,0.973725340399579,0,,3762.72384342808,10493.6938984477,Mammalia,50km,SES.diet_plant.kurt,Endotherm,kurt,diet_plant,0.0424930761062749
-0.0490780375891696,0.0311426533712316,-1.57591060094148,0.115046407542266,ax_productivity,3783,0.973725340399579,0,,3762.72384342808,10493.6938984477,Mammalia,50km,SES.diet_plant.kurt,Endotherm,kurt,diet_plant,0.201361908611864
0.0297526686800881,0.0128389199502685,2.31738096314449,0.0204829884224016,ax_structure,3783,0.973725340399579,0,,3762.72384342808,10493.6938984477,Mammalia,50km,SES.diet_plant.kurt,Endotherm,kurt,diet_plant,0.0477160525749128
-0.02446503890755,0.01725223361597,-1.41807950507367,0.156167554124272,ax_human,3783,0.973725340399579,0,,3762.72384342808,10493.6938984477,Mammalia,50km,SES.diet_plant.kurt,Endotherm,kurt,diet_plant,0.258180230608676
0.744387892009599,0.130336597516894,5.71127301303927,1.12134186380786e-08,ax_thermal,3783,0.980927308346947,0,,8658.77432695495,17814.7449525865,Mammalia,50km,SES.litter_size.kurt,Endotherm,kurt,litter_size,1.12134186380786e-07
0.29294056461456,0.0974220678039472,3.0069220579887,0.00263907418986431,ax_water,3783,0.980927308346947,0,,8658.77432695495,17814.7449525865,Mammalia,50km,SES.litter_size.kurt,Endotherm,kurt,litter_size,0.00822829215090773
0.0772273037278,0.0595154433757068,1.29760108213061,0.194424450121093,ax_productivity,3783,0.980927308346947,0,,8658.77432695495,17814.7449525865,Mammalia,50km,SES.litter_size.kurt,Endotherm,kurt,litter_size,0.30309515037889
-0.115826599963301,0.0244683479062494,-4.73373193838389,2.20428808117568e-06,ax_structure,3783,0.980927308346947,0,,8658.77432695495,17814.7449525865,Mammalia,50km,SES.litter_size.kurt,Endotherm,kurt,litter_size,1.50626352213671e-05
0.0570035470692985,0.0329129644730938,1.73194812384338,0.0832827992895799,ax_human,3783,0.980927308346947,0,,8658.77432695495,17814.7449525865,Mammalia,50km,SES.litter_size.kurt,Endotherm,kurt,litter_size,0.154856905708516
0.113341617855262,0.0629158234898411,1.80148032034521,0.0716272063965935,ax_thermal,3783,0.977440208147864,0,,3205.22985905888,10487.4963533137,Mammalia,50km,SES.FDis,Endotherm,multivariate,SES.FDis,0.136432774088749
0.284868552844501,0.0472109210348369,6.03395457238161,1.5999506164377e-09,ax_water,3783,0.977440208147864,0,,3205.22985905888,10487.4963533137,Mammalia,50km,SES.FDis,Endotherm,multivariate,SES.FDis,1.80959931790195e-08
-0.0067280898338727,0.028944694987086,-0.232446389118093,0.816191322117612,ax_productivity,3783,0.977440208147864,0,,3205.22985905888,10487.4963533137,Mammalia,50km,SES.FDis,Endotherm,multivariate,SES.FDis,0.88004849985068
0.0606220288140538,0.0119146425989069,5.08802746795071,3.61806976600931e-07,ax_structure,3783,0.977440208147864,0,,3205.22985905888,10487.4963533137,Mammalia,50km,SES.FDis,Endotherm,multivariate,SES.FDis,2.85270885396888e-06
-0.0693962759356854,0.0160195364010132,-4.33197779252191,1.47775850130039e-05,ax_human,3783,0.977440208147864,0,,3205.22985905888,10487.4963533137,Mammalia,50km,SES.FDis,Endotherm,multivariate,SES.FDis,8.35697911080218e-05
-0.0602266833722066,0.0584026715503177,-1.03123165042745,0.302432201686033,ax_thermal,3783,0.965537968036659,0,,2891.37231622523,8914.76381444382,Mammalia,50km,SES.FRic,Endotherm,multivariate,SES.FRic,0.425376338563546
0.174814071442677,0.0445456114988041,3.92438369484208,8.69520547479574e-05,ax_water,3783,0.965537968036659,0,,2891.37231622523,8914.76381444382,Mammalia,50km,SES.FRic,Endotherm,multivariate,SES.FRic,0.000395017644838366
0.0512306948701784,0.0276853165604577,1.85046447846474,0.0642466331835034,ax_productivity,3783,0.965537968036659,0,,2891.37231622523,8914.76381444382,Mammalia,50km,SES.FRic,Endotherm,multivariate,SES.FRic,0.124378426402186
0.0265691791599692,0.0114603795796886,2.3183507121403,0.0204302684129833,ax_structure,3783,0.965537968036659,0,,2891.37231622523,8914.76381444382,Mammalia,50km,SES.FRic,Endotherm,multivariate,SES.FRic,0.0477160525749128
-0.0435324639063649,0.0153740688513495,-2.83155125212956,0.00463228091038315,ax_human,3783,0.965537968036659,0,,2891.37231622523,8914.76381444382,Mammalia,50km,SES.FRic,Endotherm,multivariate,SES.FRic,0.0134459127310236
0.0522258047062338,0.0634639509625753,0.822920790686847,0.410553038814633,ax_thermal,3783,0.977337722300686,0,,3272.65910600035,10717.1428052623,Mammalia,50km,SES.RaoQ,Endotherm,multivariate,SES.RaoQ,0.532483308773621
0.266564191628579,0.047628007818352,5.59679490784551,2.18350753034002e-08,ax_water,3783,0.977337722300686,0,,3272.65910600035,10717.1428052623,Mammalia,50km,SES.RaoQ,Endotherm,multivariate,SES.RaoQ,2.0699146530391e-07
-0.0144669532506683,0.0292035814337645,-0.495382844856897,0.620329901924376,ax_productivity,3783,0.977337722300686,0,,3272.65910600035,10717.1428052623,Mammalia,50km,SES.RaoQ,Endotherm,multivariate,SES.RaoQ,0.727820655774815
0.0474790915541006,0.0120216799707267,3.94945562265127,7.83291306087897e-05,ax_structure,3783,0.977337722300686,0,,3272.65910600035,10717.1428052623,Mammalia,50km,SES.RaoQ,Endotherm,multivariate,SES.RaoQ,0.000362880718074619
-0.0724250567860776,0.0161632158748352,-4.48085686331998,7.43439599704132e-06,ax_human,3783,0.977337722300686,0,,3272.65910600035,10717.1428052623,Mammalia,50km,SES.RaoQ,Endotherm,multivariate,SES.RaoQ,4.53249421380958e-05
0.071251378255945,0.0600188039191902,1.18715091943316,0.235168096440664,ax_thermal,3783,0.976612719149483,0,,2863.29216697172,9959.49845822149,Mammalia,50km,SES.trait_vol,Endotherm,multivariate,SES.trait_vol,0.349977929367231
0.2871095664274,0.0450817020003396,6.36864966689229,1.90699678270789e-10,ax_water,3783,0.976612719149483,0,,2863.29216697172,9959.49845822149,Mammalia,50km,SES.trait_vol,Endotherm,multivariate,SES.trait_vol,2.56350387183684e-09
-0.00960640539755909,0.0276636937576697,-0.347256786519903,0.72839841245528,ax_productivity,3783,0.976612719149483,0,,2863.29216697172,9959.49845822149,Mammalia,50km,SES.trait_vol,Endotherm,multivariate,SES.trait_vol,0.812082526462718
0.0517759851451649,0.0113909908309451,4.54534516914091,5.48453011561811e-06,ax_structure,3783,0.976612719149483,0,,2863.29216697172,9959.49845822149,Mammalia,50km,SES.trait_vol,Endotherm,multivariate,SES.trait_vol,3.44621815694012e-05
-0.0696279215951463,0.0153136394774613,-4.54679122475263,5.44699816917849e-06,ax_human,3783,0.976612719149483,0,,2863.29216697172,9959.49845822149,Mammalia,50km,SES.trait_vol,Endotherm,multivariate,SES.trait_vol,3.44586020488531e-05
0.00921562005870217,0.0642616961000643,0.143407669233507,0.885968226408537,ax_thermal,3783,0.948139657920423,0,,4080.95427404319,9749.51006088751,Mammalia,50km,SES.trait_dens,Endotherm,multivariate,SES.trait_dens,0.926266300508493
0.180459666402832,0.0504684567799702,3.57569218313115,0.000349302460206813,ax_water,3783,0.948139657920423,0,,4080.95427404319,9749.51006088751,Mammalia,50km,SES.trait_dens,Endotherm,multivariate,SES.trait_dens,0.0013704689826296
-0.0275431901295805,0.0320509519119087,-0.859356383713106,0.390143925471361,ax_productivity,3783,0.948139657920423,0,,4080.95427404319,9749.51006088751,Mammalia,50km,SES.trait_dens,Endotherm,multivariate,SES.trait_dens,0.511868830218426
-0.0121441214444185,0.0134265685766034,-0.904484371798491,0.365738617593129,ax_structure,3783,0.948139657920423,0,,4080.95427404319,9749.51006088751,Mammalia,50km,SES.trait_dens,Endotherm,multivariate,SES.trait_dens,0.488445710792127
-0.0603867027542233,0.0179155515216355,-3.37063040907773,0.00074996400061278,ax_human,3783,0.948139657920423,0,,4080.95427404319,9749.51006088751,Mammalia,50km,SES.trait_dens,Endotherm,multivariate,SES.trait_dens,0.00277013729956072
0.364915445813542,0.10030867667075,3.63792503226147,0.000274843393990087,ax_thermal,3218,0.954393052371484,0,,6148.8899434795,11110.8212682131,Reptilia,50km,SES.body_mass.mean,Ectotherm,mean,body_mass,0.00110747706669224
-0.0729191946545966,0.0616466392392619,-1.18285758241555,0.236865594964114,ax_water,3218,0.954393052371484,0,,6148.8899434795,11110.8212682131,Reptilia,50km,SES.body_mass.mean,Ectotherm,mean,body_mass,0.351547127367554
-0.262716620525083,0.0498095984548883,-5.27441755554445,1.33178371219955e-07,ax_productivity,3218,0.954393052371484,0,,6148.8899434795,11110.8212682131,Reptilia,50km,SES.body_mass.mean,Ectotherm,mean,body_mass,1.14953962526698e-06
-0.0234019424590093,0.0212020205694575,-1.10376001109634,0.269697255786608,ax_structure,3218,0.954393052371484,0,,6148.8899434795,11110.8212682131,Reptilia,50km,SES.body_mass.mean,Ectotherm,mean,body_mass,0.388667398497396
0.0673094877474923,0.0276634482493378,2.43315609611696,0.0149678465941283,ax_human,3218,0.954393052371484,0,,6148.8899434795,11110.8212682131,Reptilia,50km,SES.body_mass.mean,Ectotherm,mean,body_mass,0.0366377140512991
0.0393435164764906,0.0730152081703606,0.538840023364633,0.589997244497424,ax_thermal,3218,0.980129110797589,0,,3723.89782778948,10243.3792569149,Reptilia,50km,SES.body_length.mean,Ectotherm,mean,body_length,0.70115614563462
0.0760588573773302,0.0426666320894165,1.78263091443294,0.0746464040373196,ax_water,3218,0.980129110797589,0,,3723.89782778948,10243.3792569149,Reptilia,50km,SES.body_length.mean,Ectotherm,mean,body_length,0.140920005645632
-0.0910283708757355,0.0344545381098962,-2.64198494216905,0.00824217201429334,ax_productivity,3218,0.980129110797589,0,,3723.89782778948,10243.3792569149,Reptilia,50km,SES.body_length.mean,Ectotherm,mean,body_length,0.0221956684785568
0.00873728533936267,0.0144300841713676,0.605490947634203,0.544852837673488,ax_structure,3218,0.980129110797589,0,,3723.89782778948,10243.3792569149,Reptilia,50km,SES.body_length.mean,Ectotherm,mean,body_length,0.661405369196537
0.0461371797223,0.0189823121383646,2.43053529970427,0.0150765373588453,ax_human,3218,0.980129110797589,0,,3723.89782778948,10243.3792569149,Reptilia,50km,SES.body_length.mean,Ectotherm,mean,body_length,0.0368487649307098
0.0808141335225541,0.0561540250229331,1.43915121827064,0.15010768312081,ax_thermal,3218,0.975049830449726,0,,2087.07120121426,8542.33563957413,Reptilia,50km,SES.nocturnality.mean,Ectotherm,mean,nocturnality,0.249925482556476
0.212578503190492,0.0330737465206277,6.42740921588394,1.29797061987347e-10,ax_water,3218,0.975049830449726,0,,2087.07120121426,8542.33563957413,Reptilia,50km,SES.nocturnality.mean,Ectotherm,mean,nocturnality,1.78879984587604e-09
0.0365591764009086,0.0267150006562081,1.3684886955978,0.171159158057921,ax_productivity,3218,0.975049830449726,0,,2087.07120121426,8542.33563957413,Reptilia,50km,SES.nocturnality.mean,Ectotherm,mean,nocturnality,0.274658531521516
-0.00149803063351296,0.0112154188311428,-0.133568853385417,0.893743514844193,ax_structure,3218,0.975049830449726,0,,2087.07120121426,8542.33563957413,Reptilia,50km,SES.nocturnality.mean,Ectotherm,mean,nocturnality,0.92843727191482
-0.00590913817617845,0.0147362238685076,-0.400994055797884,0.688424500306296,ax_human,3218,0.975049830449726,0,,2087.07120121426,8542.33563957413,Reptilia,50km,SES.nocturnality.mean,Ectotherm,mean,nocturnality,0.780785740319727
0.0401018988426393,0.0471034775090428,0.851357499771449,0.394570792902076,ax_thermal,3218,0.975795679950904,0,,947.332810448907,7138.63125659031,Reptilia,50km,SES.verticality.mean,Ectotherm,mean,verticality,0.51684992041486
0.0915211465438282,0.0277088972100404,3.30295160612402,0.000956728972013821,ax_water,3218,0.975795679950904,0,,947.332810448907,7138.63125659031,Reptilia,50km,SES.verticality.mean,Ectotherm,mean,verticality,0.00342023419051767
0.0550617860990811,0.0223808430867787,2.46021947813076,0.0138852073117477,ax_productivity,3218,0.975795679950904,0,,947.332810448907,7138.63125659031,Reptilia,50km,SES.verticality.mean,Ectotherm,mean,verticality,0.0343983987783478
0.0376653195332777,0.00939232043577798,4.01022513987065,6.06608787045992e-05,ax_structure,3218,0.975795679950904,0,,947.332810448907,7138.63125659031,Reptilia,50km,SES.verticality.mean,Ectotherm,mean,verticality,0.000292599532575126
0.00410037211466008,0.0123431148818943,0.33219913724329,0.739738895184952,ax_human,3218,0.975795679950904,0,,947.332810448907,7138.63125659031,Reptilia,50km,SES.verticality.mean,Ectotherm,mean,verticality,0.820362998359885
-0.405749697952136,0.0637681374428452,-6.36289084522511,1.97991401051922e-10,ax_thermal,3218,0.977483919419796,0,,2878.37706929595,9025.96260847938,Reptilia,50km,SES.habitat_breadth.mean,Ectotherm,mean,habitat_breadth,2.63988534735897e-09
0.0706221040225688,0.0374108263900808,1.88774509512823,0.0590601792580248,ax_water,3218,0.977483919419796,0,,2878.37706929595,9025.96260847938,Reptilia,50km,SES.habitat_breadth.mean,Ectotherm,mean,habitat_breadth,0.116469212336348
-0.0959954827872328,0.0302147358130119,-3.17710812966608,0.00148751564239213,ax_productivity,3218,0.977483919419796,0,,2878.37706929595,9025.96260847938,Reptilia,50km,SES.habitat_breadth.mean,Ectotherm,mean,habitat_breadth,0.00499920960228925
-0.0142654557741998,0.0126694818718142,-1.12596994245962,0.26017824219406,ax_structure,3218,0.977483919419796,0,,2878.37706929595,9025.96260847938,Reptilia,50km,SES.habitat_breadth.mean,Ectotherm,mean,habitat_breadth,0.37827333084952
0.0462958682119956,0.0166566028227258,2.77943039794591,0.00544543218227722,ax_human,3218,0.977483919419796,0,,2878.37706929595,9025.96260847938,Reptilia,50km,SES.habitat_breadth.mean,Ectotherm,mean,habitat_breadth,0.0155313196155385
-0.401855242517168,0.0771660365252145,-5.20766985856347,1.91226762868979e-07,ax_thermal,3218,0.95170987565319,0,,4513.60550559084,9563.18358361071,Reptilia,50km,SES.range_size.mean,Ectotherm,mean,range_size,1.6000606689037e-06
-0.442661190857426,0.047729826422371,-9.27430967253529,0,ax_water,3218,0.95170987565319,0,,4513.60550559084,9563.18358361071,Reptilia,50km,SES.range_size.mean,Ectotherm,mean,range_size,0
-0.00348169052422913,0.0385633492497795,-0.0902849620679417,0.92806076987558,ax_productivity,3218,0.95170987565319,0,,4513.60550559084,9563.18358361071,Reptilia,50km,SES.range_size.mean,Ectotherm,mean,range_size,0.953808893862184
-0.0557623887589078,0.0164517250610861,-3.38945542500007,0.000700315936080997,ax_structure,3218,0.95170987565319,0,,4513.60550559084,9563.18358361071,Reptilia,50km,SES.range_size.mean,Ectotherm,mean,range_size,0.00261026848902917
0.0235173900999448,0.0214409272546539,1.09684575767777,0.272708823692427,ax_human,3218,0.95170987565319,0,,4513.60550559084,9563.18358361071,Reptilia,50km,SES.range_size.mean,Ectotherm,mean,range_size,0.39231795689086
0.210651623214528,0.0783104779896033,2.68995450701366,0.007146176023614,ax_thermal,3218,0.855125471344016,0,,6921.92570737592,8810.95983870224,Reptilia,50km,SES.body_mass.var,Ectotherm,var,body_mass,0.0196310363127755
0.382747298417101,0.0614583194902928,6.22775405496656,4.73169059489464e-10,ax_water,3218,0.855125471344016,0,,6921.92570737592,8810.95983870224,Reptilia,50km,SES.body_mass.var,Ectotherm,var,body_mass,5.83456584633625e-09
-0.415345281422753,0.0492765339238883,-8.42886559481412,0,ax_productivity,3218,0.855125471344016,0,,6921.92570737592,8810.95983870224,Reptilia,50km,SES.body_mass.var,Ectotherm,var,body_mass,0
0.000958013081593445,0.0236460553258181,0.0405147103139623,0.967682779536017,ax_structure,3218,0.855125471344016,0,,6921.92570737592,8810.95983870224,Reptilia,50km,SES.body_mass.var,Ectotherm,var,body_mass,0.979629480517943
0.0808234821264376,0.029087364759259,2.77864573829123,0.00545860206473403,ax_human,3218,0.855125471344016,0,,6921.92570737592,8810.95983870224,Reptilia,50km,SES.body_mass.var,Ectotherm,var,body_mass,0.0155418531009788
-0.161702267130331,0.0656158502070361,-2.46437814369723,0.0137251224431894,ax_thermal,3218,0.960776274903098,0,,3299.71137838972,8640.92215508692,Reptilia,50km,SES.body_length.var,Ectotherm,var,body_length,0.034156602134796
0.0143878166501626,0.0397407171837962,0.362042199279409,0.717320495942108,ax_water,3218,0.960776274903098,0,,3299.71137838972,8640.92215508692,Reptilia,50km,SES.body_length.var,Ectotherm,var,body_length,0.806309536220053
0.0498084917780599,0.0321108967300087,1.5511398575024,0.120868171284713,ax_productivity,3218,0.960776274903098,0,,3299.71137838972,8640.92215508692,Reptilia,50km,SES.body_length.var,Ectotherm,var,body_length,0.209096836399715
-0.014503799797655,0.0136010486362848,-1.06637364408519,0.286254770894764,ax_structure,3218,0.960776274903098,0,,3299.71137838972,8640.92215508692,Reptilia,50km,SES.body_length.var,Ectotherm,var,body_length,0.407540515116528
-0.0204658020247334,0.0177908051146877,-1.15035839540715,0.249996288467276,ax_human,3218,0.960776274903098,0,,3299.71137838972,8640.92215508692,Reptilia,50km,SES.body_length.var,Ectotherm,var,body_length,0.367049161223217
0.035794850843597,0.0761221681157693,0.47022899806478,0.638191418554372,ax_thermal,3218,0.958068453330659,0,,4303.95370641269,10164.3044691101,Reptilia,50km,SES.nocturnality.var,Ectotherm,var,nocturnality,0.743876280333454
0.11029250698837,0.0463845053340557,2.37778771583433,0.017416849544345,ax_water,3218,0.958068453330659,0,,4303.95370641269,10164.3044691101,Reptilia,50km,SES.nocturnality.var,Ectotherm,var,nocturnality,0.0416577525184553
0.0152569212054427,0.0374791439032961,0.40707763349154,0.683950970179399,ax_productivity,3218,0.958068453330659,0,,4303.95370641269,10164.3044691101,Reptilia,50km,SES.nocturnality.var,Ectotherm,var,nocturnality,0.778403602424854
-0.0510089893708814,0.0159070415540611,-3.20669240710311,0.00134270480013443,ax_structure,3218,0.958068453330659,0,,4303.95370641269,10164.3044691101,Reptilia,50km,SES.nocturnality.var,Ectotherm,var,nocturnality,0.00458757473379264
0.00152423108197467,0.0207856736199852,0.0733308484411655,0.94154284426855,ax_human,3218,0.958068453330659,0,,4303.95370641269,10164.3044691101,Reptilia,50km,SES.nocturnality.var,Ectotherm,var,nocturnality,0.963876569663185
0.0532285376255612,0.0524122883143929,1.01557362476281,0.309832470007912,ax_thermal,3218,0.977258706235057,0,,1618.57753218216,8220.91786228959,Reptilia,50km,SES.verticality.var,Ectotherm,var,verticality,0.432701812196002
0.120751275144317,0.0307595362153657,3.92565330955791,8.64946592071814e-05,ax_water,3218,0.977258706235057,0,,1618.57753218216,8220.91786228959,Reptilia,50km,SES.verticality.var,Ectotherm,var,verticality,0.00039403122527716
0.111876459522102,0.0248431270082337,4.50331632910072,6.69011888376758e-06,ax_productivity,3218,0.977258706235057,0,,1618.57753218216,8220.91786228959,Reptilia,50km,SES.verticality.var,Ectotherm,var,verticality,4.1247349508943e-05
0.0476647976680332,0.0104182000359191,4.57514709870208,4.75885502604356e-06,ax_structure,3218,0.977258706235057,0,,1618.57753218216,8220.91786228959,Reptilia,50km,SES.verticality.var,Ectotherm,var,verticality,3.04864150105916e-05
-0.00454811830502848,0.0136961175059102,-0.332073545883776,0.73983372509156,ax_human,3218,0.977258706235057,0,,1618.57753218216,8220.91786228959,Reptilia,50km,SES.verticality.var,Ectotherm,var,verticality,0.820362998359885
-0.362664926813285,0.0586067647499097,-6.18810692521368,6.08910255550654e-10,ax_thermal,3218,0.968651057999583,0,,2446.42812452128,8087.79572824655,Reptilia,50km,SES.habitat_breadth.var,Ectotherm,var,habitat_breadth,7.3971319933561e-09
0.0439705867913209,0.0349201707789532,1.25917444876365,0.207967328426907,ax_water,3218,0.968651057999583,0,,2446.42812452128,8087.79572824655,Reptilia,50km,SES.habitat_breadth.var,Ectotherm,var,habitat_breadth,0.319051841552972
0.0341389984239222,0.0282126697637736,1.21005912271934,0.226256207111272,ax_productivity,3218,0.968651057999583,0,,2446.42812452128,8087.79572824655,Reptilia,50km,SES.habitat_breadth.var,Ectotherm,var,habitat_breadth,0.341361710821054
0.0126764429849579,0.0118868784445883,1.06642320303436,0.286232377440367,ax_structure,3218,0.968651057999583,0,,2446.42812452128,8087.79572824655,Reptilia,50km,SES.habitat_breadth.var,Ectotherm,var,habitat_breadth,0.407540515116528
0.0287082619440148,0.0155903484588489,1.84141246231866,0.0655611379088994,ax_human,3218,0.968651057999583,0,,2446.42812452128,8087.79572824655,Reptilia,50km,SES.habitat_breadth.var,Ectotherm,var,habitat_breadth,0.1263457886846
0.146907443083833,0.0643477701037283,2.2830230612035,0.0224290099850548,ax_thermal,3218,0.944166918786606,0,,3502.08824951517,8334.79631815526,Reptilia,50km,SES.range_size.var,Ectotherm,var,range_size,0.051215443513272
0.248349388006691,0.0405560966016725,6.12360184575675,9.14833320209141e-10,ax_water,3218,0.944166918786606,0,,3502.08824951517,8334.79631815526,Reptilia,50km,SES.range_size.var,Ectotherm,var,range_size,1.07166188938785e-08
-0.0545699960373793,0.0327604121214711,-1.66572983987629,0.0957672358006596,ax_productivity,3218,0.944166918786606,0,,3502.08824951517,8334.79631815526,Reptilia,50km,SES.range_size.var,Ectotherm,var,range_size,0.174509185236758
0.0289019157433966,0.0140711857150229,2.05397870007073,0.0399777532974959,ax_structure,3218,0.944166918786606,0,,3502.08824951517,8334.79631815526,Reptilia,50km,SES.range_size.var,Ectotherm,var,range_size,0.0840557889844785
0.018084450838877,0.0182750406819706,0.989571030433785,0.322383835588912,ax_human,3218,0.944166918786606,0,,3502.08824951517,8334.79631815526,Reptilia,50km,SES.range_size.var,Ectotherm,var,range_size,0.445041658557084
0.0286854386976685,0.0599582671311889,0.47842341131882,0.632348873982282,ax_thermal,3218,0.931870603378369,0,,3326.37525885222,7749.30896711778,Reptilia,50km,SES.body_mass.skew,Ectotherm,skew,body_mass,0.738218969309608
0.092363005103068,0.0390209783206193,2.36700895462331,0.0179324989272409,ax_water,3218,0.931870603378369,0,,3326.37525885222,7749.30896711778,Reptilia,50km,SES.body_mass.skew,Ectotherm,skew,body_mass,0.0424930761062749
-0.128884338484739,0.0315015959914427,-4.09135900669128,4.28852644616118e-05,ax_productivity,3218,0.931870603378369,0,,3326.37525885222,7749.30896711778,Reptilia,50km,SES.body_mass.skew,Ectotherm,skew,body_mass,0.000214426322308059
0.00297894297920367,0.0136997856803805,0.21744449502373,0.827861958597552,ax_structure,3218,0.931870603378369,0,,3326.37525885222,7749.30896711778,Reptilia,50km,SES.body_mass.skew,Ectotherm,skew,body_mass,0.887381445816984
0.0381913007449801,0.0176804165643673,2.16009055023907,0.0307656604231814,ax_human,3218,0.931870603378369,0,,3326.37525885222,7749.30896711778,Reptilia,50km,SES.body_mass.skew,Ectotherm,skew,body_mass,0.0664765258155699
-0.0483708749561682,0.0885628045950476,-0.546175961537616,0.584944988321304,ax_thermal,3218,0.958734603346357,0,,5266.07773893499,10729.2904336977,Reptilia,50km,SES.body_length.skew,Ectotherm,skew,body_length,0.697679840615955
-0.189719895848808,0.0538836239408397,-3.52091938094414,0.000430053344841586,ax_water,3218,0.958734603346357,0,,5266.07773893499,10729.2904336977,Reptilia,50km,SES.body_length.skew,Ectotherm,skew,body_length,0.00165949996597694
0.133555606912522,0.0435385840796866,3.06752297383124,0.00215840868662553,ax_productivity,3218,0.958734603346357,0,,5266.07773893499,10729.2904336977,Reptilia,50km,SES.body_length.skew,Ectotherm,skew,body_length,0.00690017591825707
-0.0607870126725096,0.0184694293621649,-3.29122310606051,0.00099752765357497,ax_structure,3218,0.958734603346357,0,,5266.07773893499,10729.2904336977,Reptilia,50km,SES.body_length.skew,Ectotherm,skew,body_length,0.00353335929128067
-0.0477755226728154,0.0241401900989193,-1.9790864312603,0.0478062758929714,ax_human,3218,0.958734603346357,0,,5266.07773893499,10729.2904336977,Reptilia,50km,SES.body_length.skew,Ectotherm,skew,body_length,0.0978805149369202
-0.00544151723145484,0.0774964148993041,-0.0702163737319377,0.944021442137816,ax_thermal,3204,0.965827840455032,0,,4241.21457551401,9683.30612592439,Reptilia,50km,SES.nocturnality.skew,Ectotherm,skew,nocturnality,0.965622260974093
-0.203689845668902,0.0465085227137319,-4.37962407283174,1.1888421828754e-05,ax_water,3204,0.965827840455032,0,,4241.21457551401,9683.30612592439,Reptilia,50km,SES.nocturnality.skew,Ectotherm,skew,nocturnality,6.88940346259952e-05
-0.0487298575171231,0.0373730618859918,-1.30387651046028,0.192275690367259,ax_productivity,3204,0.965827840455032,0,,4241.21457551401,9683.30612592439,Reptilia,50km,SES.nocturnality.skew,Ectotherm,skew,nocturnality,0.300316316383147
0.0254203333104807,0.015830385089963,1.60579374197271,0.108319236109962,ax_structure,3204,0.965827840455032,0,,4241.21457551401,9683.30612592439,Reptilia,50km,SES.nocturnality.skew,Ectotherm,skew,nocturnality,0.190609257451304
0.000399616511662719,0.0206777171581117,0.0193259492141739,0.984581083312934,ax_human,3204,0.965827840455032,0,,4241.21457551401,9683.30612592439,Reptilia,50km,SES.nocturnality.skew,Ectotherm,skew,nocturnality,0.988850268332511
-0.530514347567247,0.112377203703265,-4.72083598883708,2.34877277249801e-06,ax_thermal,3218,0.960555654133301,0,,6766.41326935488,11915.8480127192,Reptilia,50km,SES.verticality.skew,Ectotherm,skew,verticality,1.59173030863501e-05
0.0471844967258224,0.0680951954131048,0.692919617009305,0.488359998067752,ax_water,3218,0.960555654133301,0,,6766.41326935488,11915.8480127192,Reptilia,50km,SES.verticality.skew,Ectotherm,skew,verticality,0.609058048451769
0.0388575720945116,0.0550216382724281,0.706223466159196,0.480049179449216,ax_productivity,3218,0.960555654133301,0,,6766.41326935488,11915.8480127192,Reptilia,50km,SES.verticality.skew,Ectotherm,skew,verticality,0.602775475061135
0.171996255606936,0.023308991196705,7.37896608889921,1.59428026336172e-13,ax_structure,3218,0.960555654133301,0,,6766.41326935488,11915.8480127192,Reptilia,50km,SES.verticality.skew,Ectotherm,skew,verticality,3.26827453989154e-12
0.0305407692503312,0.030486743021907,1.00177212201334,0.316453664456346,ax_human,3218,0.960555654133301,0,,6766.41326935488,11915.8480127192,Reptilia,50km,SES.verticality.skew,Ectotherm,skew,verticality,0.439072766250767
0.042828606543335,0.0626232746657223,0.683908766699768,0.494032777849334,ax_thermal,3218,0.944547435777213,0,,3319.01389398143,8419.31116938422,Reptilia,50km,SES.habitat_breadth.skew,Ectotherm,skew,habitat_breadth,0.615137092145138
-0.149400012214787,0.0394309963490006,-3.78889772128656,0.000151317191252165,ax_water,3218,0.944547435777213,0,,3319.01389398143,8419.31116938422,Reptilia,50km,SES.habitat_breadth.skew,Ectotherm,skew,habitat_breadth,0.000663529929554948
0.0493225746818923,0.0318520137961649,1.54849156469444,0.121503991075786,ax_productivity,3218,0.944547435777213,0,,3319.01389398143,8419.31116938422,Reptilia,50km,SES.habitat_breadth.skew,Ectotherm,skew,habitat_breadth,0.209754258278199
0.00784359660424158,0.0136761092144527,0.573525443621977,0.566288976624328,ax_structure,3218,0.944547435777213,0,,3319.01389398143,8419.31116938422,Reptilia,50km,SES.habitat_breadth.skew,Ectotherm,skew,habitat_breadth,0.678884445660744
-0.0478312260828696,0.0177651835251506,-2.69241384504438,0.00709368608082084,ax_human,3218,0.944547435777213,0,,3319.01389398143,8419.31116938422,Reptilia,50km,SES.habitat_breadth.skew,Ectotherm,skew,habitat_breadth,0.019519538880111
0.0285577332703218,0.0838151567428899,0.34072278070093,0.73331228726289,ax_thermal,3218,0.951539963477775,0,,5048.97709033284,10240.7943896478,Reptilia,50km,SES.range_size.skew,Ectotherm,skew,range_size,0.815896981757897
0.00896306711716965,0.0518639102273932,0.172818961737975,0.862793731990971,ax_water,3218,0.951539963477775,0,,5048.97709033284,10240.7943896478,Reptilia,50km,SES.range_size.skew,Ectotherm,skew,range_size,0.913480774993669
-0.059122662014342,0.0419033463731557,-1.41092936797567,0.158265441674286,ax_productivity,3218,0.951539963477775,0,,5048.97709033284,10240.7943896478,Reptilia,50km,SES.range_size.skew,Ectotherm,skew,range_size,0.259633575853848
-0.0091822409759711,0.0178792111748009,-0.513570810602238,0.607552091709953,ax_structure,3218,0.951539963477775,0,,5048.97709033284,10240.7943896478,Reptilia,50km,SES.range_size.skew,Ectotherm,skew,range_size,0.717197001572751
-0.0716921586215905,0.0232995912443562,-3.07697065882889,0.00209115883595534,ax_human,3218,0.951539963477775,0,,5048.97709033284,10240.7943896478,Reptilia,50km,SES.range_size.skew,Ectotherm,skew,range_size,0.00671135125433808
-0.127245241231632,0.0536269207243656,-2.37278664358996,0.0176544585546836,ax_thermal,3218,0.918687194004247,0,,2926.27787229025,6870.98489610032,Reptilia,50km,SES.body_mass.kurt,Ectotherm,kurt,body_mass,0.0420222235554153
0.073162223046231,0.036145034422079,2.02412929510285,0.0429568501084778,ax_water,3218,0.918687194004247,0,,2926.27787229025,6870.98489610032,Reptilia,50km,SES.body_mass.kurt,Ectotherm,kurt,body_mass,0.0897442473603868
-0.0831718514167527,0.0291531005405098,-2.85293330296655,0.00433177121985229,ax_productivity,3218,0.918687194004247,0,,2926.27787229025,6870.98489610032,Reptilia,50km,SES.body_mass.kurt,Ectotherm,kurt,body_mass,0.0126632884145414
0.0266061502681654,0.0128689155768072,2.06747414802501,0.0386894977340839,ax_structure,3218,0.918687194004247,0,,2926.27787229025,6870.98489610032,Reptilia,50km,SES.body_mass.kurt,Ectotherm,kurt,body_mass,0.0819777471368187
-0.000270751770341383,0.016483609116332,-0.0164255150938468,0.986894924392242,ax_human,3218,0.918687194004247,0,,2926.27787229025,6870.98489610032,Reptilia,50km,SES.body_mass.kurt,Ectotherm,kurt,body_mass,0.990518773563817
0.0409229242176115,0.099421883604799,0.411608820250074,0.680626165666355,ax_thermal,3218,0.95195184395586,0,,6139.73017883035,11197.3656907791,Reptilia,50km,SES.body_length.kurt,Ectotherm,kurt,body_length,0.776775860607391
0.113405428418674,0.0614597967708593,1.84519693160529,0.0650088967038685,ax_water,3218,0.95195184395586,0,,6139.73017883035,11197.3656907791,Reptilia,50km,SES.body_length.kurt,Ectotherm,kurt,body_length,0.125576667366719
-0.0659749893171169,0.049656717828481,-1.32862162869887,0.183972832679686,ax_productivity,3218,0.95195184395586,0,,6139.73017883035,11197.3656907791,Reptilia,50km,SES.body_length.kurt,Ectotherm,kurt,body_length,0.289832320455989
0.0255805226572755,0.0211799700089061,1.20776954105784,0.227135920549901,ax_structure,3218,0.95195184395586,0,,6139.73017883035,11197.3656907791,Reptilia,50km,SES.body_length.kurt,Ectotherm,kurt,body_length,0.342373997887718
0.0457176214423957,0.0276059777837112,1.65607687583416,0.0977062515832803,ax_human,3218,0.95195184395586,0,,6139.73017883035,11197.3656907791,Reptilia,50km,SES.body_length.kurt,Ectotherm,kurt,body_length,0.177058842648154
0.109000638700332,0.151726907668671,0.718400186065602,0.472510572127767,ax_thermal,3204,0.950143649842207,0,,8833.7860780243,13708.1979439913,Reptilia,50km,SES.nocturnality.kurt,Ectotherm,kurt,nocturnality,0.596090260222721
-0.179390821974803,0.0943878779444378,-1.90057055928731,0.0573582847811984,ax_water,3204,0.950143649842207,0,,8833.7860780243,13708.1979439913,Reptilia,50km,SES.nocturnality.kurt,Ectotherm,kurt,nocturnality,0.114159693011123
-0.0624039865435901,0.0758604187457157,-0.822615898717465,0.410726454633311,ax_productivity,3204,0.950143649842207,0,,8833.7860780243,13708.1979439913,Reptilia,50km,SES.nocturnality.kurt,Ectotherm,kurt,nocturnality,0.532483308773621
0.0864542225349909,0.0325167988144086,2.6587556489934,0.00784298225288405,ax_structure,3204,0.950143649842207,0,,8833.7860780243,13708.1979439913,Reptilia,50km,SES.nocturnality.kurt,Ectotherm,kurt,nocturnality,0.0212603155284791
-0.0441650062515542,0.0422150302861687,-1.04619150933132,0.295472622219222,ax_human,3204,0.950143649842207,0,,8833.7860780243,13708.1979439913,Reptilia,50km,SES.nocturnality.kurt,Ectotherm,kurt,nocturnality,0.417737155551314
0.595594314385532,0.142739626918957,4.17259262365656,3.01153110400243e-05,ax_thermal,3218,0.952891558078509,0,,8448.65169263427,13689.2326319196,Reptilia,50km,SES.verticality.kurt,Ectotherm,kurt,verticality,0.000156294652233038
-0.0753963047149705,0.0880379890200466,-0.856406484907356,0.391772978921294,ax_water,3218,0.952891558078509,0,,8448.65169263427,13689.2326319196,Reptilia,50km,SES.verticality.kurt,Ectotherm,kurt,verticality,0.513595272127036
-0.116178578586455,0.0711318646817565,-1.63328459202127,0.102409155825463,ax_productivity,3218,0.952891558078509,0,,8448.65169263427,13689.2326319196,Reptilia,50km,SES.verticality.kurt,Ectotherm,kurt,verticality,0.183728240623705
-0.165711583905642,0.0303156980523133,-5.46619720316805,4.59792797169456e-08,ax_structure,3218,0.952891558078509,0,,8448.65169263427,13689.2326319196,Reptilia,50km,SES.verticality.kurt,Ectotherm,kurt,verticality,4.14318784262587e-07
-0.0271595730752874,0.0395294836417657,-0.687071283840181,0.492037809045576,ax_human,3218,0.952891558078509,0,,8448.65169263427,13689.2326319196,Reptilia,50km,SES.verticality.kurt,Ectotherm,kurt,verticality,0.613177816743727
-0.337307493222255,0.0592751805471953,-5.69053506220346,1.26641903630542e-08,ax_thermal,3218,0.94153665853011,0,,3031.30095228946,7691.15489911936,Reptilia,50km,SES.habitat_breadth.kurt,Ectotherm,kurt,habitat_breadth,1.24366899373706e-07
-0.0158333807096668,0.0376118424568302,-0.420967963157876,0.673778475905533,ax_water,3218,0.94153665853011,0,,3031.30095228946,7691.15489911936,Reptilia,50km,SES.habitat_breadth.kurt,Ectotherm,kurt,habitat_breadth,0.772724965374177
-0.0301059969961103,0.0303789791771568,-0.991014109478314,0.321678690702873,ax_productivity,3218,0.94153665853011,0,,3031.30095228946,7691.15489911936,Reptilia,50km,SES.habitat_breadth.kurt,Ectotherm,kurt,habitat_breadth,0.444817076519993
-0.0156500999816652,0.0130812817790844,-1.19637358524667,0.231550804607722,ax_structure,3218,0.94153665853011,0,,3031.30095228946,7691.15489911936,Reptilia,50km,SES.habitat_breadth.kurt,Ectotherm,kurt,habitat_breadth,0.34619165336162
0.0171719415673332,0.0169675361049801,1.01204685589519,0.311515650539,ax_human,3218,0.94153665853011,0,,3031.30095228946,7691.15489911936,Reptilia,50km,SES.habitat_breadth.kurt,Ectotherm,kurt,habitat_breadth,0.434426587486361
-0.306811258393673,0.0824639070450169,-3.72055204983418,0.000198787765106623,ax_thermal,3218,0.953334632861057,0,,4908.7483133951,10305.4100552008,Reptilia,50km,SES.range_size.kurt,Ectotherm,kurt,range_size,0.000829546907824075
0.0983334695866874,0.0508075777380184,1.93540951890541,0.0529400621391969,ax_water,3218,0.953334632861057,0,,4908.7483133951,10305.4100552008,Reptilia,50km,SES.range_size.kurt,Ectotherm,kurt,range_size,0.106268912984434
0.0412686334335874,0.0410511793647733,1.00529714547009,0.314753789214701,ax_productivity,3218,0.953334632861057,0,,4908.7483133951,10305.4100552008,Reptilia,50km,SES.range_size.kurt,Ectotherm,kurt,range_size,0.437825457431815
-0.0112036431910335,0.0174891449175415,-0.64060554383058,0.521778996787526,ax_structure,3218,0.953334632861057,0,,4908.7483133951,10305.4100552008,Reptilia,50km,SES.range_size.kurt,Ectotherm,kurt,range_size,0.640028088804444
0.0598663950432612,0.0228088889861345,2.62469579643506,0.00867264130045409,ax_human,3218,0.953334632861057,0,,4908.7483133951,10305.4100552008,Reptilia,50km,SES.range_size.kurt,Ectotherm,kurt,range_size,0.0230520773626332
-0.0772442713431682,0.0651403685919984,-1.18581262299852,0.235696305392624,ax_thermal,3218,0.969030602414202,0,,3121.19017486973,10106.3244697322,Reptilia,50km,SES.diet_breadth.mean,Ectotherm,mean,diet_breadth,0.350446002578335
0.0229964302249508,0.0387847182719446,0.592925029484758,0.553231326471893,ax_water,3218,0.969030602414202,0,,3121.19017486973,10106.3244697322,Reptilia,50km,SES.diet_breadth.mean,Ectotherm,mean,diet_breadth,0.667622792799047
-0.0360719709435919,0.0313346038947602,-1.1511864348036,0.249655544687996,ax_productivity,3218,0.969030602414202,0,,3121.19017486973,10106.3244697322,Reptilia,50km,SES.diet_breadth.mean,Ectotherm,mean,diet_breadth,0.366877323735048
0.0196518012056525,0.0131991927809673,1.48886386703811,0.136523220096903,ax_structure,3218,0.969030602414202,0,,3121.19017486973,10106.3244697322,Reptilia,50km,SES.diet_breadth.mean,Ectotherm,mean,diet_breadth,0.230822763875176
0.0262561657562325,0.0173135458748447,1.51651001741825,0.129390439257279,ax_human,3218,0.969030602414202,0,,3121.19017486973,10106.3244697322,Reptilia,50km,SES.diet_breadth.mean,Ectotherm,mean,diet_breadth,0.220582453619477
-0.126483329738937,0.0632368763880777,-2.00015144585452,0.0454839129567082,ax_thermal,3218,0.979420557157806,0,,2805.13362368599,10482.3272121088,Reptilia,50km,SES.diet_vert.mean,Ectotherm,mean,diet_vert,0.0940650911084507
0.176418825344918,0.0369905835245142,4.76929014185468,1.84876224995634e-06,ax_water,3218,0.979420557157806,0,,2805.13362368599,10482.3272121088,Reptilia,50km,SES.diet_vert.mean,Ectotherm,mean,diet_vert,1.2902000382674e-05
0.0419948990509045,0.029872195555683,1.40581896541968,0.159777888872551,ax_productivity,3218,0.979420557157806,0,,2805.13362368599,10482.3272121088,Reptilia,50km,SES.diet_vert.mean,Ectotherm,mean,diet_vert,0.261340861949986
0.0307159643186179,0.0125147824959173,2.4543746028857,0.0141129877047546,ax_structure,3218,0.979420557157806,0,,2805.13362368599,10482.3272121088,Reptilia,50km,SES.diet_vert.mean,Ectotherm,mean,diet_vert,0.0348573792707793
0.0607832518892565,0.016460332651921,3.69271102684324,0.000221876093095208,ax_human,3218,0.979420557157806,0,,2805.13362368599,10482.3272121088,Reptilia,50km,SES.diet_vert.mean,Ectotherm,mean,diet_vert,0.000914263298181259
0.0688083865348002,0.0765878364612215,0.898424472006592,0.36895929459735,ax_thermal,3218,0.955046292546224,0,,4399.79474956781,9889.90357261085,Reptilia,50km,SES.diet_plant.mean,Ectotherm,mean,diet_plant,0.49114711293803
-0.119367991303645,0.0469960280943973,-2.53995914428938,0.0110865418815622,ax_water,3218,0.955046292546224,0,,4399.79474956781,9889.90357261085,Reptilia,50km,SES.diet_plant.mean,Ectotherm,mean,diet_plant,0.0283649433475227
-0.118441927565765,0.0379724129687234,-3.11915725933249,0.00181369132029707,ax_productivity,3218,0.955046292546224,0,,4399.79474956781,9889.90357261085,Reptilia,50km,SES.diet_plant.mean,Ectotherm,mean,diet_plant,0.0059608291889523
-0.0162281159425116,0.0161548109810307,-1.00453765516458,0.315119530683541,ax_structure,3218,0.955046292546224,0,,4399.79474956781,9889.90357261085,Reptilia,50km,SES.diet_plant.mean,Ectotherm,mean,diet_plant,0.437962737560175
-0.0144084608102163,0.0210837911977496,-0.683390414706548,0.494360175272739,ax_human,3218,0.955046292546224,0,,4399.79474956781,9889.90357261085,Reptilia,50km,SES.diet_plant.mean,Ectotherm,mean,diet_plant,0.615137092145138
0.113514054448806,0.0974438163257166,1.16491798791391,0.244052191532584,ax_thermal,3218,0.965451130268603,0,,5767.18742888505,11171.0541438648,Reptilia,50km,SES.litter_size.mean,Ectotherm,mean,litter_size,0.359933088231509
-0.24759717615515,0.0584328783767792,-4.23729213814569,2.2623169694036e-05,ax_water,3218,0.965451130268603,0,,5767.18742888505,11171.0541438648,Reptilia,50km,SES.litter_size.mean,Ectotherm,mean,litter_size,0.000123262452818003
-0.332864961833573,0.0472121704015066,-7.05040583821478,1.7839063559677e-12,ax_productivity,3218,0.965451130268603,0,,5767.18742888505,11171.0541438648,Reptilia,50km,SES.litter_size.mean,Ectotherm,mean,litter_size,3.18000698237721e-11
0.00912757815884199,0.0199325341041246,0.457923619303038,0.647007317160804,ax_structure,3218,0.965451130268603,0,,5767.18742888505,11171.0541438648,Reptilia,50km,SES.litter_size.mean,Ectotherm,mean,litter_size,0.752547517832424
0.0305226080007275,0.0261157827527081,1.16874184050878,0.24250765900979,ax_human,3218,0.965451130268603,0,,5767.18742888505,11171.0541438648,Reptilia,50km,SES.litter_size.mean,Ectotherm,mean,litter_size,0.358299604302753
0.0328173906972042,0.0439821463631772,0.746152550769546,0.455575267478438,ax_thermal,3218,0.959686305824881,0,,744.279703212935,6831.55916597354,Reptilia,50km,SES.diet_breadth.var,Ectotherm,var,diet_breadth,0.577009514512423
0.0393943684074869,0.0267025819119856,1.47530184674032,0.140131410166779,ax_water,3218,0.959686305824881,0,,744.279703212935,6831.55916597354,Reptilia,50km,SES.diet_breadth.var,Ectotherm,var,diet_breadth,0.236292474295175
0.024857140849458,0.0215760029747839,1.15207348082538,0.24929087946191,ax_productivity,3218,0.959686305824881,0,,744.279703212935,6831.55916597354,Reptilia,50km,SES.diet_breadth.var,Ectotherm,var,diet_breadth,0.366669993109894
0.0202279178279859,0.00914617923637732,2.21162490972546,0.0269925927983841,ax_structure,3218,0.959686305824881,0,,744.279703212935,6831.55916597354,Reptilia,50km,SES.diet_breadth.var,Ectotherm,var,diet_breadth,0.0594199358246307
0.00490944856343736,0.0119587342241967,0.410532458653009,0.681415398054841,ax_human,3218,0.959686305824881,0,,744.279703212935,6831.55916597354,Reptilia,50km,SES.diet_breadth.var,Ectotherm,var,diet_breadth,0.777135780813587
-0.458795533679785,0.058591603378685,-7.83039731332374,4.88498130835069e-15,ax_thermal,3218,0.95845720431709,0,,2612.25969658344,8790.46662230158,Reptilia,50km,SES.diet_vert.var,Ectotherm,var,diet_vert,1.21384384025684e-13
0.0352312977713182,0.035670854013239,0.987677439913334,0.32331064667751,ax_water,3218,0.95845720431709,0,,2612.25969658344,8790.46662230158,Reptilia,50km,SES.diet_vert.var,Ectotherm,var,diet_vert,0.445570975253039
0.0308040752842234,0.028822440482957,1.06875319258402,0.285180895878048,ax_productivity,3218,0.95845720431709,0,,2612.25969658344,8790.46662230158,Reptilia,50km,SES.diet_vert.var,Ectotherm,var,diet_vert,0.407401279825783
0.0017438448675286,0.0122292959431289,0.142595687898811,0.886609503237071,ax_structure,3218,0.95845720431709,0,,2612.25969658344,8790.46662230158,Reptilia,50km,SES.diet_vert.var,Ectotherm,var,diet_vert,0.926266300508493
0.00673717099350639,0.0159823993545204,0.421536894684144,0.673363075902712,ax_human,3218,0.95845720431709,0,,2612.25969658344,8790.46662230158,Reptilia,50km,SES.diet_vert.var,Ectotherm,var,diet_vert,0.772724965374177
-0.0101993266680725,0.0640195620602068,-0.159315783173908,0.873420086399138,ax_thermal,3218,0.951678101626092,0,,3312.18580586719,8156.41511651804,Reptilia,50km,SES.diet_plant.var,Ectotherm,var,diet_plant,0.919389564630671
0.0186335206224373,0.0396013344605821,0.470527593987634,0.637978124445827,ax_water,3218,0.951678101626092,0,,3312.18580586719,8156.41511651804,Reptilia,50km,SES.diet_plant.var,Ectotherm,var,diet_plant,0.743876280333454
-0.0421426510008439,0.031995908358702,-1.31712625653218,0.187796307227991,ax_productivity,3218,0.951678101626092,0,,3312.18580586719,8156.41511651804,Reptilia,50km,SES.diet_plant.var,Ectotherm,var,diet_plant,0.294723391247756
0.00240264503611028,0.0136503221580759,0.176013797204692,0.860283103070513,ax_structure,3218,0.951678101626092,0,,3312.18580586719,8156.41511651804,Reptilia,50km,SES.diet_plant.var,Ectotherm,var,diet_plant,0.911411039428709
-0.00940467659294779,0.0177897158581899,-0.528658055469625,0.597042679164588,ax_human,3218,0.951678101626092,0,,3312.18580586719,8156.41511651804,Reptilia,50km,SES.diet_plant.var,Ectotherm,var,diet_plant,0.707989872617444
0.18230212079068,0.0757748111003014,2.40584064999345,0.0161353010349001,ax_thermal,3218,0.862248501805583,0,,6541.959790491,8951.88774894039,Reptilia,50km,SES.litter_size.var,Ectotherm,var,litter_size,0.0388335060834218
0.479865572412512,0.0585855497870137,8.19085208139297,2.22044604925031e-16,ax_water,3218,0.862248501805583,0,,6541.959790491,8951.88774894039,Reptilia,50km,SES.litter_size.var,Ectotherm,var,litter_size,6.38865179082546e-15
-0.545885578108353,0.0470038282542882,-11.6136408114492,0,ax_productivity,3218,0.862248501805583,0,,6541.959790491,8951.88774894039,Reptilia,50km,SES.litter_size.var,Ectotherm,var,litter_size,0
-0.0307404280760331,0.022337519908898,-1.37617910141349,0.168766190591479,ax_structure,3218,0.862248501805583,0,,6541.959790491,8951.88774894039,Reptilia,50km,SES.litter_size.var,Ectotherm,var,litter_size,0.272150002527065
0.0520821015076077,0.027602993603375,1.88682801061258,0.0591834623293606,ax_human,3218,0.862248501805583,0,,6541.959790491,8951.88774894039,Reptilia,50km,SES.litter_size.var,Ectotherm,var,litter_size,0.116519661728873
0.205346057539648,0.0621246672010249,3.30538684215697,0.000948453938830252,ax_thermal,3217,0.938153581080559,0,,3410.10972073047,7671.03229399291,Reptilia,50km,SES.diet_breadth.skew,Ectotherm,skew,diet_breadth,0.00340364214372344
-0.0909555432114519,0.03976970262268,-2.28705615614992,0.0221925455446927,ax_water,3217,0.938153581080559,0,,3410.10972073047,7671.03229399291,Reptilia,50km,SES.diet_breadth.skew,Ectotherm,skew,diet_breadth,0.0508809015361117
0.0415444773475367,0.0321278517801089,1.29309851252669,0.195976989544792,ax_productivity,3217,0.938153581080559,0,,3410.10972073047,7671.03229399291,Reptilia,50km,SES.diet_breadth.skew,Ectotherm,skew,diet_breadth,0.304935733257551
-0.00134813822447419,0.0138794504124575,-0.0971319601577425,0.922621600317596,ax_structure,3217,0.938153581080559,0,,3410.10972073047,7671.03229399291,Reptilia,50km,SES.diet_breadth.skew,Ectotherm,skew,diet_breadth,0.951036721886146
-0.0329140554812741,0.0179716256239394,-1.83144564492989,0.0670340536694594,ax_human,3217,0.938153581080559,0,,3410.10972073047,7671.03229399291,Reptilia,50km,SES.diet_breadth.skew,Ectotherm,skew,diet_breadth,0.128730501191936
-0.301412058829585,0.0708122945863584,-4.25649331927807,2.07658238848829e-05,ax_thermal,3122,0.930046166077601,0,,4192.03052791305,7906.4353765653,Reptilia,50km,SES.diet_vert.skew,Ectotherm,skew,diet_vert,0.000114666502259959
-0.111718233968115,0.0456916364032554,-2.44504777596794,0.0144832954706582,ax_water,3122,0.930046166077601,0,,4192.03052791305,7906.4353765653,Reptilia,50km,SES.diet_vert.skew,Ectotherm,skew,diet_vert,0.0357083142021433
-0.0493043777023063,0.0367907722224853,-1.34012891613547,0.180203436609864,ax_productivity,3122,0.930046166077601,0,,4192.03052791305,7906.4353765653,Reptilia,50km,SES.diet_vert.skew,Ectotherm,skew,diet_vert,0.28577387746163
0.101070662428627,0.0163388711813457,6.18590239844846,6.1748206547918e-10,ax_structure,3122,0.930046166077601,0,,4192.03052791305,7906.4353765653,Reptilia,50km,SES.diet_vert.skew,Ectotherm,skew,diet_vert,7.44610726019011e-09
-0.0426760268608015,0.0206716936362825,-2.06446687976729,0.0389734710247631,ax_human,3122,0.930046166077601,0,,4192.03052791305,7906.4353765653,Reptilia,50km,SES.diet_vert.skew,Ectotherm,skew,diet_vert,0.0824607677710322
0.122133253208794,0.115927771622971,1.05352886110848,0.292098673933929,ax_thermal,2637,0.943254478219046,0,,5593.54468444123,10247.150027486,Reptilia,50km,SES.diet_plant.skew,Ectotherm,skew,diet_plant,0.414037878350599
0.587317853564965,0.0686333937457263,8.55731913448526,0,ax_water,2637,0.943254478219046,0,,5593.54468444123,10247.150027486,Reptilia,50km,SES.diet_plant.skew,Ectotherm,skew,diet_plant,0
0.0626622297830768,0.0626443902197456,1.00028477511344,0.317172713004934,ax_productivity,2637,0.943254478219046,0,,5593.54468444123,10247.150027486,Reptilia,50km,SES.diet_plant.skew,Ectotherm,skew,diet_plant,0.439470768751812
0.0789335146505273,0.0238630962151491,3.30776500831512,0.000940436862874039,ax_structure,2637,0.943254478219046,0,,5593.54468444123,10247.150027486,Reptilia,50km,SES.diet_plant.skew,Ectotherm,skew,diet_plant,0.00338227292788032
0.0370683049192706,0.0332319763905228,1.1154408778962,0.264661540517188,ax_human,2637,0.943254478219046,0,,5593.54468444123,10247.150027486,Reptilia,50km,SES.diet_plant.skew,Ectotherm,skew,diet_plant,0.382846252065643
-0.137035358996596,0.0496654785042995,-2.75916719466889,0.00579488784672155,ax_thermal,3218,0.894965735592683,0,,3022.96163154701,6278.66138684858,Reptilia,50km,SES.litter_size.skew,Ectotherm,skew,litter_size,0.0164422423332584
0.0503627366448105,0.0355912914761994,1.4150297602572,0.157059770541327,ax_water,3218,0.894965735592683,0,,3022.96163154701,6278.66138684858,Reptilia,50km,SES.litter_size.skew,Ectotherm,skew,litter_size,0.258686724115272
-0.157368114271624,0.0286460101742566,-5.49354389369889,3.93947134913475e-08,ax_productivity,3218,0.894965735592683,0,,3022.96163154701,6278.66138684858,Reptilia,50km,SES.litter_size.skew,Ectotherm,skew,litter_size,3.60934805172122e-07
-0.0472935341909888,0.013026773291824,-3.63048723820745,0.000282886692446027,ax_structure,3218,0.894965735592683,0,,3022.96163154701,6278.66138684858,Reptilia,50km,SES.litter_size.skew,Ectotherm,skew,litter_size,0.00113431338780314
0.0162147992439728,0.0164415540079058,0.986208434809508,0.324030841033703,ax_human,3218,0.894965735592683,0,,3022.96163154701,6278.66138684858,Reptilia,50km,SES.litter_size.skew,Ectotherm,skew,litter_size,0.446188563640028
0.181233317499279,0.0629049950481126,2.88106401344859,0.00396335137112303,ax_thermal,3217,0.93278879552497,0,,3614.1638649926,7598.89650395891,Reptilia,50km,SES.diet_breadth.kurt,Ectotherm,kurt,diet_breadth,0.011753881100618
-0.0276570170556056,0.0408412539712183,-0.677183346894688,0.498289632386317,ax_water,3217,0.93278879552497,0,,3614.1638649926,7598.89650395891,Reptilia,50km,SES.diet_breadth.kurt,Ectotherm,kurt,diet_breadth,0.617534495812458
0.0137673070915434,0.0329840732615121,0.417392569510447,0.676391288965597,ax_productivity,3217,0.93278879552497,0,,3614.1638649926,7598.89650395891,Reptilia,50km,SES.diet_breadth.kurt,Ectotherm,kurt,diet_breadth,0.774097497490285
0.00805029099924122,0.0143288396884727,0.561824346860237,0.574235702190338,ax_structure,3217,0.93278879552497,0,,3614.1638649926,7598.89650395891,Reptilia,50km,SES.diet_breadth.kurt,Ectotherm,kurt,diet_breadth,0.686904851635416
-0.0302090019271821,0.0185011249197426,-1.63281973708236,0.102506914738226,ax_human,3217,0.93278879552497,0,,3614.1638649926,7598.89650395891,Reptilia,50km,SES.diet_breadth.kurt,Ectotherm,kurt,diet_breadth,0.183728240623705
-0.234005985839135,0.0755633217737164,-3.09681973140215,0.0019560878796856,ax_thermal,3122,0.874731191341193,0,,5956.08813397763,8596.10269342521,Reptilia,50km,SES.diet_vert.kurt,Ectotherm,kurt,diet_vert,0.0063524438072958
0.0397535138844815,0.0563802471328779,0.705096481588485,0.480750195963393,ax_water,3122,0.874731191341193,0,,5956.08813397763,8596.10269342521,Reptilia,50km,SES.diet_vert.kurt,Ectotherm,kurt,diet_vert,0.602775475061135
-0.0579162235550408,0.0452414227052056,-1.28015920127942,0.200489151341743,ax_productivity,3122,0.874731191341193,0,,5956.08813397763,8596.10269342521,Reptilia,50km,SES.diet_vert.kurt,Ectotherm,kurt,diet_vert,0.309898405466973
0.268163711355206,0.0214844331284089,12.4817680667875,0,ax_structure,3122,0.874731191341193,0,,5956.08813397763,8596.10269342521,Reptilia,50km,SES.diet_vert.kurt,Ectotherm,kurt,diet_vert,0
0.0158394200336867,0.0263134916413199,0.601950522172974,0.547207072733148,ax_human,3122,0.874731191341193,0,,5956.08813397763,8596.10269342521,Reptilia,50km,SES.diet_vert.kurt,Ectotherm,kurt,diet_vert,0.663771892960328
-0.0475741892729527,0.0994654286810376,-0.478298740615818,0.632437592609755,ax_thermal,2637,0.955145027583746,0,,4685.93756741776,8705.98684661148,Reptilia,50km,SES.diet_plant.kurt,Ectotherm,kurt,diet_plant,0.738218969309608
-0.0824369861800214,0.05821741180758,-1.41601942821663,0.156769816265141,ax_water,2637,0.955145027583746,0,,4685.93756741776,8705.98684661148,Reptilia,50km,SES.diet_plant.kurt,Ectotherm,kurt,diet_plant,0.258686724115272
0.138355259926748,0.0530238131259425,2.6093042308769,0.00907265419743886,ax_productivity,2637,0.955145027583746,0,,4685.93756741776,8705.98684661148,Reptilia,50km,SES.diet_plant.kurt,Ectotherm,kurt,diet_plant,0.023921467658842
0.0315248333833972,0.0200480457234771,1.57246416025879,0.115842944649033,ax_structure,2637,0.955145027583746,0,,4685.93756741776,8705.98684661148,Reptilia,50km,SES.diet_plant.kurt,Ectotherm,kurt,diet_plant,0.202065257664962
0.0432480322226847,0.028023854245495,1.54325782042051,0.122768233280775,ax_human,2637,0.955145027583746,0,,4685.93756741776,8705.98684661148,Reptilia,50km,SES.diet_plant.kurt,Ectotherm,kurt,diet_plant,0.211048115912443
-0.162487979580907,0.0444405630378636,-3.65629885117491,0.000255883024880665,ax_thermal,3218,0.912708737181267,0,,1864.79066112914,5509.22878010443,Reptilia,50km,SES.litter_size.kurt,Ectotherm,kurt,litter_size,0.00103873307129775
-0.0238536761216676,0.0304298814311437,-0.783889880597903,0.433104728051864,ax_water,3218,0.912708737181267,0,,1864.79066112914,5509.22878010443,Reptilia,50km,SES.litter_size.kurt,Ectotherm,kurt,litter_size,0.554049730113149
-0.0300219358210748,0.0245315146182488,-1.22381093415005,0.221023558581208,ax_productivity,3218,0.912708737181267,0,,1864.79066112914,5509.22878010443,Reptilia,50km,SES.litter_size.kurt,Ectotherm,kurt,litter_size,0.335743560385099
0.0127559100944672,0.0109070550585497,1.1695100121887,0.242198209733256,ax_structure,3218,0.912708737181267,0,,1864.79066112914,5509.22878010443,Reptilia,50km,SES.litter_size.kurt,Ectotherm,kurt,litter_size,0.358165071201569
0.041530723507302,0.0139204524443258,2.98343201655278,0.00285035349880891,ax_human,3218,0.912708737181267,0,,1864.79066112914,5509.22878010443,Reptilia,50km,SES.litter_size.kurt,Ectotherm,kurt,litter_size,0.00881996176989927
0.0259082678458748,0.0773077008676827,0.335131785774078,0.737525676313126,ax_thermal,3634,0.949227312592805,0,,5299.66596177089,11026.7298488443,Reptilia,50km,SES.FDis,Ectotherm,multivariate,SES.FDis,0.818918151085665
0.339545490286423,0.0486740229574632,6.97590767426715,3.0391245076089e-12,ax_water,3634,0.949227312592805,0,,5299.66596177089,11026.7298488443,Reptilia,50km,SES.FDis,Ectotherm,multivariate,SES.FDis,5.24648862366169e-11
-0.0052822820806499,0.0396074122120138,-0.133365998575581,0.893903934361891,ax_productivity,3634,0.949227312592805,0,,5299.66596177089,11026.7298488443,Reptilia,50km,SES.FDis,Ectotherm,multivariate,SES.FDis,0.92843727191482
-0.0016158321599037,0.0163026984466428,-0.0991143990789112,0.921047439570851,ax_structure,3634,0.949227312592805,0,,5299.66596177089,11026.7298488443,Reptilia,50km,SES.FDis,Ectotherm,multivariate,SES.FDis,0.950609062867336
0.0250042744014242,0.0219380509570353,1.13976735902355,0.254383235833572,ax_human,3634,0.949227312592805,0,,5299.66596177089,11026.7298488443,Reptilia,50km,SES.FDis,Ectotherm,multivariate,SES.FDis,0.372489738184873
0.0223199935222746,0.0598862398605492,0.372706544512542,0.709366865055312,ax_thermal,3218,0.94411745098245,0,,3040.69919622194,7445.3133357545,Reptilia,50km,SES.FRic,Ectotherm,multivariate,SES.FRic,0.79956127745066
0.241946007711298,0.0377489121805613,6.40935046165084,1.46140877177459e-10,ax_water,3218,0.94411745098245,0,,3040.69919622194,7445.3133357545,Reptilia,50km,SES.FRic,Ectotherm,multivariate,SES.FRic,1.9972586547586e-09
0.00507112026434619,0.0304927692315205,0.1663056649871,0.867916408114492,ax_productivity,3218,0.94411745098245,0,,3040.69919622194,7445.3133357545,Reptilia,50km,SES.FRic,Ectotherm,multivariate,SES.FRic,0.915554393739061
0.0897693028515509,0.0130978042948798,6.85376730561197,7.19291293194146e-12,ax_structure,3218,0.94411745098245,0,,3040.69919622194,7445.3133357545,Reptilia,50km,SES.FRic,Ectotherm,multivariate,SES.FRic,1.15650756944941e-10
0.0490617093346667,0.0170104497004422,2.8842100120017,0.00392396971166753,ax_human,3218,0.94411745098245,0,,3040.69919622194,7445.3133357545,Reptilia,50km,SES.FRic,Ectotherm,multivariate,SES.FRic,0.0116581708824905
0.0347462464558193,0.0763804972509785,0.454909927355497,0.649174040620515,ax_thermal,3537,0.952300595639235,0,,4934.90264502258,10733.7088560284,Reptilia,50km,SES.RaoQ,Ectotherm,multivariate,SES.RaoQ,0.75399817749125
0.373951760918459,0.0474342175325432,7.88358658308008,3.10862446895044e-15,ax_water,3537,0.952300595639235,0,,4934.90264502258,10733.7088560284,Reptilia,50km,SES.RaoQ,Ectotherm,multivariate,SES.RaoQ,7.9658502016855e-14
-0.0162906333366913,0.0385051157770981,-0.423077116064161,0.672238997927425,ax_productivity,3537,0.952300595639235,0,,4934.90264502258,10733.7088560284,Reptilia,50km,SES.RaoQ,Ectotherm,multivariate,SES.RaoQ,0.772580207849318
0.011255554110023,0.0158411191363356,0.710527710394247,0.477376953422187,ax_structure,3537,0.952300595639235,0,,4934.90264502258,10733.7088560284,Reptilia,50km,SES.RaoQ,Ectotherm,multivariate,SES.RaoQ,0.599921995105277
0.0297064670459373,0.0213049041118886,1.39434877950755,0.163212307376671,ax_human,3537,0.952300595639235,0,,4934.90264502258,10733.7088560284,Reptilia,50km,SES.RaoQ,Ectotherm,multivariate,SES.RaoQ,0.264494253061009
0.00799387278632236,0.067519617876785,0.118393335710374,0.90575600597486,ax_thermal,3634,0.951250836709055,0,,4267.21266582129,9945.54779272429,Reptilia,50km,SES.trait_vol,Ectotherm,multivariate,SES.trait_vol,0.937777682953769
0.317255390345607,0.0422947126473646,7.50106503833582,6.32827124036339e-14,ax_water,3634,0.951250836709055,0,,4267.21266582129,9945.54779272429,Reptilia,50km,SES.trait_vol,Ectotherm,multivariate,SES.trait_vol,1.33055959412769e-12
-0.0229599713806823,0.0344249604257648,-0.666957088598372,0.504799543644148,ax_productivity,3634,0.951250836709055,0,,4267.21266582129,9945.54779272429,Reptilia,50km,SES.trait_vol,Ectotherm,multivariate,SES.trait_vol,0.624337293798192
0.0122634379758424,0.0141414149593631,0.867200206703695,0.385832323040778,ax_structure,3634,0.951250836709055,0,,4267.21266582129,9945.54779272429,Reptilia,50km,SES.trait_vol,Ectotherm,multivariate,SES.trait_vol,0.509062759281477
0.0231027427046261,0.0190475619867407,1.21289762546558,0.225168963615679,ax_human,3634,0.951250836709055,0,,4267.21266582129,9945.54779272429,Reptilia,50km,SES.trait_vol,Ectotherm,multivariate,SES.trait_vol,0.340661531669478
-0.0454822625695448,0.0698770807942599,-0.650889562823309,0.515117779371073,ax_thermal,3537,0.939019041362159,0,,4633.10750848409,9316.68233752003,Reptilia,50km,SES.trait_dens,Ectotherm,multivariate,SES.trait_dens,0.634229097724144
0.307179057205335,0.0449412753184437,6.83512105583861,8.19366796633858e-12,ax_water,3537,0.939019041362159,0,,4633.10750848409,9316.68233752003,Reptilia,50km,SES.trait_dens,Ectotherm,multivariate,SES.trait_dens,1.30462286065974e-10
0.0480545549286805,0.0364269899428517,1.31920191605375,0.187101617907709,ax_productivity,3537,0.939019041362159,0,,4633.10750848409,9316.68233752003,Reptilia,50km,SES.trait_dens,Ectotherm,multivariate,SES.trait_dens,0.293914418935482
0.0768628134577855,0.0151930756322013,5.05906870461943,4.21309057641039e-07,ax_structure,3537,0.939019041362159,0,,4633.10750848409,9316.68233752003,Reptilia,50km,SES.trait_dens,Ectotherm,multivariate,SES.trait_dens,3.29022311681574e-06
0.0602902497431896,0.0202970762687777,2.97039085555056,0.00297421070949189,ax_human,3537,0.939019041362159,0,,4633.10750848409,9316.68233752003,Reptilia,50km,SES.trait_dens,Ectotherm,multivariate,SES.trait_dens,0.00915141756766734
-0.331977735011791,0.106306232820614,-3.12284356432784,0.00179112921617586,ax_thermal,528,0.877164085010152,7.44767004378065e-147,,742.052762110509,1086.36069934542,Amphibia,100km,SES.body_mass.mean,Ectotherm,mean,body_mass,0.00592228208574276
-0.0230003105156312,0.0803068081603089,-0.28640548718756,0.774567572487989,ax_water,528,0.877164085010152,7.44767004378065e-147,,742.052762110509,1086.36069934542,Amphibia,100km,SES.body_mass.mean,Ectotherm,mean,body_mass,0.847991200854674
-0.103170218637023,0.0641133138272248,-1.60918555723153,0.107575773517774,ax_productivity,528,0.877164085010152,7.44767004378065e-147,,742.052762110509,1086.36069934542,Amphibia,100km,SES.body_mass.mean,Ectotherm,mean,body_mass,0.190391709042347
0.0649467720821512,0.0479273954743012,1.35510747954113,0.175383316025999,ax_structure,528,0.877164085010152,7.44767004378065e-147,,742.052762110509,1086.36069934542,Amphibia,100km,SES.body_mass.mean,Ectotherm,mean,body_mass,0.280066833770826
0.0601187951191769,0.0429900805306302,1.39843411264007,0.161982745328264,ax_human,528,0.877164085010152,7.44767004378065e-147,,742.052762110509,1086.36069934542,Amphibia,100km,SES.body_mass.mean,Ectotherm,mean,body_mass,0.263805066870262
-0.58586632026358,0.109709056089495,-5.3401819425523,9.28533463451231e-08,ax_thermal,528,0.860867350866727,1.43261863255457e-157,,823.21663696073,1172.63377007632,Amphibia,100km,SES.body_length.mean,Ectotherm,mean,body_length,8.1432881286632e-07
0.0517092847025574,0.0852070808228361,0.606866051544145,0.54393980927112,ax_water,528,0.860867350866727,1.43261863255457e-157,,823.21663696073,1172.63377007632,Amphibia,100km,SES.body_length.mean,Ectotherm,mean,body_length,0.660786138670101
-0.108786972685207,0.0684658004638201,-1.58892427968755,0.11207748888427,ax_productivity,528,0.860867350866727,1.43261863255457e-157,,823.21663696073,1172.63377007632,Amphibia,100km,SES.body_length.mean,Ectotherm,mean,body_length,0.19658511419273
0.16502685577211,0.0516255405522454,3.196612645733,0.00139051520190181,ax_structure,528,0.860867350866727,1.43261863255457e-157,,823.21663696073,1172.63377007632,Amphibia,100km,SES.body_length.mean,Ectotherm,mean,body_length,0.00473121355003935
0.0286143948304401,0.0461080399881934,0.620594474147398,0.534866476370059,ax_human,528,0.860867350866727,1.43261863255457e-157,,823.21663696073,1172.63377007632,Amphibia,100km,SES.body_length.mean,Ectotherm,mean,body_length,0.652453185075268
0.682639118930681,0.122019795740644,5.59449485050482,2.21265037403384e-08,ax_thermal,528,0.931326442526141,6.5790953366518e-185,,735.034442658987,1243.69350170086,Amphibia,100km,SES.nocturnality.mean,Ectotherm,mean,nocturnality,2.0854865594342e-07
0.182139247850301,0.0835179277316403,2.18084012375823,0.0291952436888641,ax_water,528,0.931326442526141,6.5790953366518e-185,,735.034442658987,1243.69350170086,Amphibia,100km,SES.nocturnality.mean,Ectotherm,mean,nocturnality,0.0635015910473966
0.0154745598578806,0.0655502226266198,0.236071812387657,0.813376946273168,ax_productivity,528,0.931326442526141,6.5790953366518e-185,,735.034442658987,1243.69350170086,Amphibia,100km,SES.nocturnality.mean,Ectotherm,mean,nocturnality,0.878168658254111
0.200963831652819,0.0476583957088696,4.2167561174414,2.47841765832479e-05,ax_structure,528,0.931326442526141,6.5790953366518e-185,,735.034442658987,1243.69350170086,Amphibia,100km,SES.nocturnality.mean,Ectotherm,mean,nocturnality,0.000132397555689012
-0.115489184617332,0.0433547119403675,-2.66382082704603,0.00772587008490966,ax_human,528,0.931326442526141,6.5790953366518e-185,,735.034442658987,1243.69350170086,Amphibia,100km,SES.nocturnality.mean,Ectotherm,mean,nocturnality,0.021047220829322
0.219718296463886,0.132233270572271,1.66159617404155,0.0965937710036191,ax_thermal,528,0.928413373047573,1.26461918753822e-138,,827.334983075557,1234.04370099492,Amphibia,100km,SES.verticality.mean,Ectotherm,mean,verticality,0.175625038188398
0.235493212111433,0.0909822745640314,2.58834166588897,0.00964392716167417,ax_water,528,0.928413373047573,1.26461918753822e-138,,827.334983075557,1234.04370099492,Amphibia,100km,SES.verticality.mean,Ectotherm,mean,verticality,0.02518477793813
-0.206632341325,0.0714606180309797,-2.89155547514886,0.00383339908777658,ax_productivity,528,0.928413373047573,1.26461918753822e-138,,827.334983075557,1234.04370099492,Amphibia,100km,SES.verticality.mean,Ectotherm,mean,verticality,0.0114806950792905
0.160671610261004,0.0520281243791158,3.08816841234234,0.00201394303942748,ax_structure,528,0.928413373047573,1.26461918753822e-138,,827.334983075557,1234.04370099492,Amphibia,100km,SES.verticality.mean,Ectotherm,mean,verticality,0.00651452975278317
-0.0543206522082541,0.0472958104758086,-1.14852989433469,0.250749879327568,ax_human,528,0.928413373047573,1.26461918753822e-138,,827.334983075557,1234.04370099492,Amphibia,100km,SES.verticality.mean,Ectotherm,mean,verticality,0.367826298834716
-0.212081894334634,0.1477886443154,-1.43503511597294,0.151277091176148,ax_thermal,528,0.962700912480834,4.82933770033424e-186,,870.915902632914,1419.02132245197,Amphibia,100km,SES.habitat_breadth.mean,Ectotherm,mean,habitat_breadth,0.251362137313965
-0.0764514550442624,0.0961875712778021,-0.794816357546453,0.426720334398733,ax_water,528,0.962700912480834,4.82933770033424e-186,,870.915902632914,1419.02132245197,Amphibia,100km,SES.habitat_breadth.mean,Ectotherm,mean,habitat_breadth,0.548019849971748
-0.0166635133542738,0.0750034786770621,-0.222169873293756,0.824181645690304,ax_productivity,528,0.962700912480834,4.82933770033424e-186,,870.915902632914,1419.02132245197,Amphibia,100km,SES.habitat_breadth.mean,Ectotherm,mean,habitat_breadth,0.884592865793258
-0.291845120203831,0.0538000932996393,-5.42462107971451,5.80776109426751e-08,ax_structure,528,0.962700912480834,4.82933770033424e-186,,870.915902632914,1419.02132245197,Amphibia,100km,SES.habitat_breadth.mean,Ectotherm,mean,habitat_breadth,5.17648271445582e-07
0.119381196689656,0.0492906961395606,2.4219823625871,0.015436099713257,ax_human,528,0.962700912480834,4.82933770033424e-186,,870.915902632914,1419.02132245197,Amphibia,100km,SES.habitat_breadth.mean,Ectotherm,mean,habitat_breadth,0.0375596491539191
-1.07040310049098,0.169729673434708,-6.30651717422146,2.85384382792131e-10,ax_thermal,528,0.929618908933299,2.44156888158758e-150,,1087.86696545868,1489.25133438617,Amphibia,100km,SES.range_size.mean,Ectotherm,mean,range_size,3.71452688713567e-09
-0.556237857571775,0.116528720474534,-4.77339711022858,1.81144112065823e-06,ax_water,528,0.929618908933299,2.44156888158758e-150,,1087.86696545868,1489.25133438617,Amphibia,100km,SES.range_size.mean,Ectotherm,mean,range_size,1.27163840447955e-05
0.238429903173194,0.0914979229416752,2.6058504445525,0.00916464679728124,ax_productivity,528,0.929618908933299,2.44156888158758e-150,,1087.86696545868,1489.25133438617,Amphibia,100km,SES.range_size.mean,Ectotherm,mean,range_size,0.024125233944689
-0.589041709009652,0.0665780111509606,-8.84739118556794,0,ax_structure,528,0.929618908933299,2.44156888158758e-150,,1087.86696545868,1489.25133438617,Amphibia,100km,SES.range_size.mean,Ectotherm,mean,range_size,0
0.154977585490864,0.0605403591139998,2.55990528895006,0.0104700692971074,ax_human,528,0.929618908933299,2.44156888158758e-150,,1087.86696545868,1489.25133438617,Amphibia,100km,SES.range_size.mean,Ectotherm,mean,range_size,0.0269982918982014
0.683256231280445,0.11497220403087,5.94279493065114,2.80202883118363e-09,ax_thermal,528,0.893017392749778,2.70241740288589e-208,,778.24212648003,1251.92220739089,Amphibia,100km,SES.body_mass.var,Ectotherm,var,body_mass,3.04326310141799e-08
0.0755625056407988,0.0844251874727252,0.895023249610318,0.370774659701842,ax_water,528,0.893017392749778,2.70241740288589e-208,,778.24212648003,1251.92220739089,Amphibia,100km,SES.body_mass.var,Ectotherm,var,body_mass,0.492763729263389
0.216566054285251,0.0670156657507824,3.23157357103063,0.00123110627151424,ax_productivity,528,0.893017392749778,2.70241740288589e-208,,778.24212648003,1251.92220739089,Amphibia,100km,SES.body_mass.var,Ectotherm,var,body_mass,0.00429339912772373
-0.333533317417407,0.0496785899052724,-6.71382416556894,1.89588345023139e-11,ax_structure,528,0.893017392749778,2.70241740288589e-208,,778.24212648003,1251.92220739089,Amphibia,100km,SES.body_mass.var,Ectotherm,var,body_mass,2.82658987125408e-10
0.0153987426074056,0.0447486490621297,0.344116368429933,0.730758773568339,ax_human,528,0.893017392749778,2.70241740288589e-208,,778.24212648003,1251.92220739089,Amphibia,100km,SES.body_mass.var,Ectotherm,var,body_mass,0.814160590116899
0.0943484980914965,0.102735354196108,0.918364460119525,0.358428090525088,ax_thermal,528,0.81979356683812,3.14530781787906e-113,,870.82501150306,1136.33617888658,Amphibia,100km,SES.body_length.var,Ectotherm,var,body_length,0.481032789248073
0.166164666912477,0.0848772360546004,1.95770591310944,0.0502645310009777,ax_water,528,0.81979356683812,3.14530781787906e-113,,870.82501150306,1136.33617888658,Amphibia,100km,SES.body_length.var,Ectotherm,var,body_length,0.101770161532844
-0.00266695821825506,0.0694496843811765,-0.0384013007693078,0.969367723884598,ax_productivity,528,0.81979356683812,3.14530781787906e-113,,870.82501150306,1136.33617888658,Amphibia,100km,SES.body_length.var,Ectotherm,var,body_length,0.980729837859803
-0.0975654822689399,0.0534994460680914,-1.82367275625178,0.0682015599507815,ax_structure,528,0.81979356683812,3.14530781787906e-113,,870.82501150306,1136.33617888658,Amphibia,100km,SES.body_length.var,Ectotherm,var,body_length,0.130666540092619
-0.0659484795997401,0.0472777624525444,-1.39491541432268,0.163041348276379,ax_human,528,0.81979356683812,3.14530781787906e-113,,870.82501150306,1136.33617888658,Amphibia,100km,SES.body_length.var,Ectotherm,var,body_length,0.264494253061009
-0.648828105422118,0.123219938888845,-5.26560969980207,1.39724854131273e-07,ax_thermal,528,0.907849101575016,6.63647910227181e-178,,808.66782177853,1271.2442475217,Amphibia,100km,SES.nocturnality.var,Ectotherm,var,nocturnality,1.19973173180779e-06
-0.271427526115401,0.0880447326555765,-3.0828366209845,0.00205037689351739,ax_water,528,0.907849101575016,6.63647910227181e-178,,808.66782177853,1271.2442475217,Amphibia,100km,SES.nocturnality.var,Ectotherm,var,nocturnality,0.00660632240740378
-0.152542480909181,0.0695524983931846,-2.19319915794899,0.028293033194174,ax_productivity,528,0.907849101575016,6.63647910227181e-178,,808.66782177853,1271.2442475217,Amphibia,100km,SES.nocturnality.var,Ectotherm,var,nocturnality,0.0617850525145743
-0.177359413181377,0.0511623064460178,-3.46660315966232,0.000527079434876621,ax_structure,528,0.907849101575016,6.63647910227181e-178,,808.66782177853,1271.2442475217,Amphibia,100km,SES.nocturnality.var,Ectotherm,var,nocturnality,0.00199632857551422
0.107408674080903,0.0462652456789796,2.32158443135003,0.0202553229996125,ax_human,528,0.907849101575016,6.63647910227181e-178,,808.66782177853,1271.2442475217,Amphibia,100km,SES.nocturnality.var,Ectotherm,var,nocturnality,0.0474553281705208
0.385776327930269,0.134900864006606,2.85970242497022,0.00424038697272766,ax_thermal,528,0.921179555166652,2.8408927732006e-127,,867.454535807509,1249.86640444596,Amphibia,100km,SES.verticality.var,Ectotherm,var,verticality,0.0124480829060455
-0.135968940381304,0.0940468371667083,-1.44575771474679,0.148245170126344,ax_water,528,0.921179555166652,2.8408927732006e-127,,867.454535807509,1249.86640444596,Amphibia,100km,SES.verticality.var,Ectotherm,var,verticality,0.247874034721863
0.154393274853081,0.0740080347357588,2.08616909507641,0.0369633086334791,ax_productivity,528,0.921179555166652,2.8408927732006e-127,,867.454535807509,1249.86640444596,Amphibia,100km,SES.verticality.var,Ectotherm,var,verticality,0.0786249366522772
0.104385123982619,0.0540738893017647,1.93041642335152,0.0535552616115773,ax_structure,528,0.921179555166652,2.8408927732006e-127,,867.454535807509,1249.86640444596,Amphibia,100km,SES.verticality.var,Ectotherm,var,verticality,0.107372407143016
0.0828642951856928,0.049066307553163,1.68882272414548,0.0912534076698053,ax_human,528,0.921179555166652,2.8408927732006e-127,,867.454535807509,1249.86640444596,Amphibia,100km,SES.verticality.var,Ectotherm,var,verticality,0.167775323518476
0.0281140073920214,0.152580567631431,0.184256801691371,0.853812000901685,ax_thermal,528,0.939282464722387,7.71058188660847e-272,,951.67619255159,1615.78931640721,Amphibia,100km,SES.habitat_breadth.var,Ectotherm,var,habitat_breadth,0.90631176794742
-0.251606373440859,0.102991250250313,-2.44298785410748,0.0145662274972693,ax_water,528,0.939282464722387,7.71058188660847e-272,,951.67619255159,1615.78931640721,Amphibia,100km,SES.habitat_breadth.var,Ectotherm,var,habitat_breadth,0.0357613968495834
-0.0267031415799932,0.0806827543568514,-0.33096467507651,0.740671168447917,ax_productivity,528,0.939282464722387,7.71058188660847e-272,,951.67619255159,1615.78931640721,Amphibia,100km,SES.habitat_breadth.var,Ectotherm,var,habitat_breadth,0.820362998359885
-0.22524197171523,0.0584433084016775,-3.85402500089754,0.000116191722880465,ax_structure,528,0.939282464722387,7.71058188660847e-272,,951.67619255159,1615.78931640721,Amphibia,100km,SES.habitat_breadth.var,Ectotherm,var,habitat_breadth,0.000517810938923813
-0.00843971989190036,0.0532680196228831,-0.158438777180948,0.874111059881207,ax_human,528,0.939282464722387,7.71058188660847e-272,,951.67619255159,1615.78931640721,Amphibia,100km,SES.habitat_breadth.var,Ectotherm,var,habitat_breadth,0.919526708277857
0.329241756273003,0.142338354156634,2.31309233708502,0.020717562940219,ax_thermal,528,0.92877411663119,5.55414685969511e-262,,904.171680748901,1556.10714232311,Amphibia,100km,SES.range_size.var,Ectotherm,var,range_size,0.0479898350592643
-0.0678169633475582,0.0978714569057718,-0.69291870675687,0.488360569337852,ax_water,528,0.92877411663119,5.55414685969511e-262,,904.171680748901,1556.10714232311,Amphibia,100km,SES.range_size.var,Ectotherm,var,range_size,0.609058048451769
0.10422903333496,0.0768646129998439,1.35600804150502,0.175096609473538,ax_productivity,528,0.92877411663119,5.55414685969511e-262,,904.171680748901,1556.10714232311,Amphibia,100km,SES.range_size.var,Ectotherm,var,range_size,0.279881520016181
0.105034004017056,0.0559528679634154,1.87718713696199,0.0604924498716943,ax_structure,528,0.92877411663119,5.55414685969511e-262,,904.171680748901,1556.10714232311,Amphibia,100km,SES.range_size.var,Ectotherm,var,range_size,0.118669399269831
0.0651538416876988,0.050868123236422,1.2808383235387,0.200250459993211,ax_human,528,0.92877411663119,5.55414685969511e-262,,904.171680748901,1556.10714232311,Amphibia,100km,SES.range_size.var,Ectotherm,var,range_size,0.309821466404591
-0.00579615584378977,0.114277255866914,-0.0507201174881194,0.959548545842615,ax_thermal,528,0.899401523392284,1.18416637673537e-224,,753.290781878408,1251.05784113505,Amphibia,100km,SES.body_mass.skew,Ectotherm,skew,body_mass,0.972740062365621
0.404484270070358,0.0829392594434617,4.87687342260499,1.07780547731196e-06,ax_water,528,0.899401523392284,1.18416637673537e-224,,753.290781878408,1251.05784113505,Amphibia,100km,SES.body_mass.skew,Ectotherm,skew,body_mass,7.99733760124008e-06
0.10070615321329,0.0656951827731698,1.53293055840952,0.125292965598891,ax_productivity,528,0.899401523392284,1.18416637673537e-224,,753.290781878408,1251.05784113505,Amphibia,100km,SES.body_mass.skew,Ectotherm,skew,body_mass,0.214902388744858
-0.0622312639630447,0.0485370076273127,-1.2821405151484,0.199793358658908,ax_structure,528,0.899401523392284,1.18416637673537e-224,,753.290781878408,1251.05784113505,Amphibia,100km,SES.body_mass.skew,Ectotherm,skew,body_mass,0.30940614560964
0.0492749014996601,0.0437941257651117,1.12514865039079,0.26052604844822,ax_human,528,0.899401523392284,1.18416637673537e-224,,753.290781878408,1251.05784113505,Amphibia,100km,SES.body_mass.skew,Ectotherm,skew,body_mass,0.378298219136631
-0.170258833438999,0.156919012858343,-1.08501086221272,0.277916844386483,ax_thermal,528,0.90724573995375,5.39548967974279e-192,,1065.67547370128,1517.34004083427,Amphibia,100km,SES.body_length.skew,Ectotherm,skew,body_length,0.398412259435168
0.252056000397698,0.112249189773605,2.24550396226529,0.0247357981584186,ax_water,528,0.90724573995375,5.39548967974279e-192,,1065.67547370128,1517.34004083427,Amphibia,100km,SES.body_length.skew,Ectotherm,skew,body_length,0.0553433956068303
-0.199182817836776,0.0886896818620754,-2.24583980520454,0.0247142706588055,ax_productivity,528,0.90724573995375,5.39548967974279e-192,,1065.67547370128,1517.34004083427,Amphibia,100km,SES.body_length.skew,Ectotherm,skew,body_length,0.0553433956068303
0.0934002194075773,0.0652597413951312,1.43120731726567,0.152370807061712,ax_structure,528,0.90724573995375,5.39548967974279e-192,,1065.67547370128,1517.34004083427,Amphibia,100km,SES.body_length.skew,Ectotherm,skew,body_length,0.252157541454296
-0.0447818179273909,0.0590040401409605,-0.758961891768889,0.447875353421976,ax_human,528,0.90724573995375,5.39548967974279e-192,,1065.67547370128,1517.34004083427,Amphibia,100km,SES.body_length.skew,Ectotherm,skew,body_length,0.570199835454992
-0.908135684627649,0.154730883983591,-5.86913007440682,4.38087655041386e-09,ax_thermal,527,0.908494415025789,5.42106674713106e-177,,1044.90686059538,1497.91177924095,Amphibia,100km,SES.nocturnality.skew,Ectotherm,skew,nocturnality,4.63525002753466e-08
-0.114155793758462,0.110633900304037,-1.03183376383501,0.302149999270908,ax_water,527,0.908494415025789,5.42106674713106e-177,,1044.90686059538,1497.91177924095,Amphibia,100km,SES.nocturnality.skew,Ectotherm,skew,nocturnality,0.425344204982223
-0.074416323562482,0.086532271281583,-0.859983477381812,0.389798150438452,ax_productivity,527,0.908494415025789,5.42106674713106e-177,,1044.90686059538,1497.91177924095,Amphibia,100km,SES.nocturnality.skew,Ectotherm,skew,nocturnality,0.511868830218426
-0.301991715381565,0.0635318088856002,-4.75339394043309,2.0003005674063e-06,ax_structure,527,0.908494415025789,5.42106674713106e-177,,1044.90686059538,1497.91177924095,Amphibia,100km,SES.nocturnality.skew,Ectotherm,skew,nocturnality,1.37835837417913e-05
0.099809462164476,0.0578634582013518,1.72491353380853,0.084543056195886,ax_human,527,0.908494415025789,5.42106674713106e-177,,1044.90686059538,1497.91177924095,Amphibia,100km,SES.nocturnality.skew,Ectotherm,skew,nocturnality,0.15684458389282
0.345618277568786,0.128514378345131,2.68933548151797,0.00715944276306235,ax_thermal,528,0.932722618942447,1.20706643965638e-194,,786.298803248566,1330.4532540701,Amphibia,100km,SES.verticality.skew,Ectotherm,skew,verticality,0.0196345921930138
0.111230625624179,0.087745239993297,1.26765424121783,0.204921452547655,ax_water,528,0.932722618942447,1.20706643965638e-194,,786.298803248566,1330.4532540701,Amphibia,100km,SES.verticality.skew,Ectotherm,skew,verticality,0.315263773150239
-0.026140337371635,0.0688446425840552,-0.379700386122553,0.704167833515484,ax_productivity,528,0.932722618942447,1.20706643965638e-194,,786.298803248566,1330.4532540701,Amphibia,100km,SES.verticality.skew,Ectotherm,skew,verticality,0.794247074941812
-0.0495315049948371,0.050020473121627,-0.990224640106842,0.322064331481989,ax_structure,528,0.932722618942447,1.20706643965638e-194,,786.298803248566,1330.4532540701,Amphibia,100km,SES.verticality.skew,Ectotherm,skew,verticality,0.444975150489015
-0.0800225113522824,0.0455190516051777,-1.75800040928753,0.0787474396796517,ax_human,528,0.932722618942447,1.20706643965638e-194,,786.298803248566,1330.4532540701,Amphibia,100km,SES.verticality.skew,Ectotherm,skew,verticality,0.147258610119303
0.591852438576989,0.156595382929682,3.77950120561827,0.000157142832547974,ax_thermal,528,0.892646703755213,3.17477199493009e-150,,1105.60190099907,1485.36053271061,Amphibia,100km,SES.habitat_breadth.skew,Ectotherm,skew,habitat_breadth,0.000683592162808163
-0.159889208434011,0.115067147852329,-1.38952960439417,0.164671765141267,ax_water,528,0.892646703755213,3.17477199493009e-150,,1105.60190099907,1485.36053271061,Amphibia,100km,SES.habitat_breadth.skew,Ectotherm,skew,habitat_breadth,0.266333032378381
0.0130090006583317,0.0913505204198665,0.142407515562469,0.886758126329223,ax_productivity,528,0.892646703755213,3.17477199493009e-150,,1105.60190099907,1485.36053271061,Amphibia,100km,SES.habitat_breadth.skew,Ectotherm,skew,habitat_breadth,0.926266300508493
0.322248180948022,0.067731183953525,4.75775207427554,1.95760722698779e-06,ax_structure,528,0.892646703755213,3.17477199493009e-150,,1105.60190099907,1485.36053271061,Amphibia,100km,SES.habitat_breadth.skew,Ectotherm,skew,habitat_breadth,1.36037112383897e-05
-0.154575984642992,0.0610037772051801,-2.53387563401348,0.0112808760639018,ax_human,528,0.892646703755213,3.17477199493009e-150,,1105.60190099907,1485.36053271061,Amphibia,100km,SES.habitat_breadth.skew,Ectotherm,skew,habitat_breadth,0.0287723744087076
1.52889351442432,0.221642666751611,6.89801082450299,5.27355936696949e-12,ax_thermal,528,0.962654624111232,2.32959540982318e-127,,1298.96940216768,1680.37094925033,Amphibia,100km,SES.range_size.skew,Ectotherm,skew,range_size,8.64863736182997e-11
0.419529797292577,0.144264178881901,2.90806630269609,0.00363671223903217,ax_water,528,0.962654624111232,2.32959540982318e-127,,1298.96940216768,1680.37094925033,Amphibia,100km,SES.range_size.skew,Ectotherm,skew,range_size,0.0110313341276321
0.010241339992904,0.112492724104821,0.0910400212493842,0.927460790720972,ax_productivity,528,0.962654624111232,2.32959540982318e-127,,1298.96940216768,1680.37094925033,Amphibia,100km,SES.range_size.skew,Ectotherm,skew,range_size,0.953808893862184
0.569794497954269,0.0806925764268429,7.06130009953089,1.64956936998806e-12,ax_structure,528,0.962654624111232,2.32959540982318e-127,,1298.96940216768,1680.37094925033,Amphibia,100km,SES.range_size.skew,Ectotherm,skew,range_size,2.97285029316529e-11
-0.0453656997439253,0.0739284217455813,-0.613643557819315,0.539450893433059,ax_human,528,0.962654624111232,2.32959540982318e-127,,1298.96940216768,1680.37094925033,Amphibia,100km,SES.range_size.skew,Ectotherm,skew,range_size,0.655818728858574
-0.14732207962012,0.111255301067793,-1.32418031506067,0.185443166846747,ax_thermal,528,0.859867243547195,3.32722162241823e-114,,840.919679765323,1129.41476371279,Amphibia,100km,SES.body_mass.kurt,Ectotherm,kurt,body_mass,0.291868324019833
0.251293699927488,0.086550347647249,2.90343952114068,0.003690882500202,ax_water,528,0.859867243547195,3.32722162241823e-114,,840.919679765323,1129.41476371279,Amphibia,100km,SES.body_mass.kurt,Ectotherm,kurt,body_mass,0.0111679839489507
0.0827369800774344,0.0695738268452642,1.18919691253215,0.234362189187442,ax_productivity,528,0.859867243547195,3.32722162241823e-114,,840.919679765323,1129.41476371279,Amphibia,100km,SES.body_mass.kurt,Ectotherm,kurt,body_mass,0.349412718424914
0.130133290729012,0.0524888095906165,2.47925780264364,0.0131656109174916,ax_structure,528,0.859867243547195,3.32722162241823e-114,,840.919679765323,1129.41476371279,Amphibia,100km,SES.body_mass.kurt,Ectotherm,kurt,body_mass,0.0329140272937289
0.0835391271891959,0.0468667040259197,1.78248351202582,0.074670417625643,ax_human,528,0.859867243547195,3.32722162241823e-114,,840.919679765323,1129.41476371279,Amphibia,100km,SES.body_mass.kurt,Ectotherm,kurt,body_mass,0.140920005645632
-0.222255108703513,0.146196369041479,-1.52025053809958,0.128448020068023,ax_thermal,528,0.822805685931783,1.72021833959106e-124,,1235.06385317365,1512.16856946844,Amphibia,100km,SES.body_length.kurt,Ectotherm,kurt,body_length,0.219432034282873
0.00331235447048134,0.120286930972542,0.0275371101723216,0.978031341424066,ax_water,528,0.822805685931783,1.72021833959106e-124,,1235.06385317365,1512.16856946844,Amphibia,100km,SES.body_length.kurt,Ectotherm,kurt,body_length,0.984635604625825
-0.0382145274037038,0.0982855174674516,-0.388811377183408,0.69741568399549,ax_productivity,528,0.822805685931783,1.72021833959106e-124,,1235.06385317365,1512.16856946844,Amphibia,100km,SES.body_length.kurt,Ectotherm,kurt,body_length,0.789890691818096
0.103874816645778,0.0755964704051283,1.37406966342613,0.169420056379477,ax_structure,528,0.822805685931783,1.72021833959106e-124,,1235.06385317365,1512.16856946844,Amphibia,100km,SES.body_length.kurt,Ectotherm,kurt,body_length,0.272936043676172
0.0228649002010041,0.066855805901114,0.342003209636324,0.732348476813202,ax_human,528,0.822805685931783,1.72021833959106e-124,,1235.06385317365,1512.16856946844,Amphibia,100km,SES.body_length.kurt,Ectotherm,kurt,body_length,0.815377801747217
0.86829321312666,0.194449509610077,4.46539163234621,7.99224186520675e-06,ax_thermal,527,0.877202659159484,1.17960155729137e-144,,1375.58817802547,1729.93760694903,Amphibia,100km,SES.nocturnality.kurt,Ectotherm,kurt,nocturnality,4.81885171284525e-05
0.156793307365689,0.146989252597467,1.06669912660262,0.286107721659036,ax_water,527,0.877202659159484,1.17960155729137e-144,,1375.58817802547,1729.93760694903,Amphibia,100km,SES.nocturnality.kurt,Ectotherm,kurt,nocturnality,0.407540515116528
0.231572081087064,0.116153469295552,1.99367339169034,0.0461877590594702,ax_productivity,527,0.877202659159484,1.17960155729137e-144,,1375.58817802547,1729.93760694903,Amphibia,100km,SES.nocturnality.kurt,Ectotherm,kurt,nocturnality,0.0952804086258252
0.328182846593455,0.0868201919857815,3.78002903572479,0.000156810070933489,ax_structure,527,0.877202659159484,1.17960155729137e-144,,1375.58817802547,1729.93760694903,Amphibia,100km,SES.nocturnality.kurt,Ectotherm,kurt,nocturnality,0.000683592162808163
-0.1196831934997,0.0783356099163923,-1.52782615246677,0.126555707193645,ax_human,527,0.877202659159484,1.17960155729137e-144,,1375.58817802547,1729.93760694903,Amphibia,100km,SES.nocturnality.kurt,Ectotherm,kurt,nocturnality,0.216424775597058
-0.148830412930343,0.131865946943752,-1.12864933199037,0.259045791318076,ax_thermal,528,0.87687025724641,9.18608740201346e-127,,970.44620600017,1305.98357098816,Amphibia,100km,SES.verticality.kurt,Ectotherm,kurt,verticality,0.377725208551705
-0.229436130831669,0.0996665598821476,-2.30203722394924,0.0213330730615855,ax_water,528,0.87687025724641,9.18608740201346e-127,,970.44620600017,1305.98357098816,Amphibia,100km,SES.verticality.kurt,Ectotherm,kurt,verticality,0.0491379772766857
0.189800807461001,0.0795781422073465,2.3850871884702,0.0170750739955554,ax_productivity,528,0.87687025724641,9.18608740201346e-127,,970.44620600017,1305.98357098816,Amphibia,100km,SES.verticality.kurt,Ectotherm,kurt,verticality,0.0409402358957761
0.0984055721773453,0.0594972840859582,1.65395065823802,0.0981375385109593,ax_structure,528,0.87687025724641,9.18608740201346e-127,,970.44620600017,1305.98357098816,Amphibia,100km,SES.verticality.kurt,Ectotherm,kurt,verticality,0.177625947304252
0.0475551397197295,0.0533639185728687,0.891147820315946,0.372849873277948,ax_human,528,0.87687025724641,9.18608740201346e-127,,970.44620600017,1305.98357098816,Amphibia,100km,SES.verticality.kurt,Ectotherm,kurt,verticality,0.495120479494603
0.286868423565741,0.174896117559803,1.64022179318904,0.100959059608917,ax_thermal,528,0.860635762147195,1.13317140475209e-146,,1316.37031142995,1647.36295912341,Amphibia,100km,SES.habitat_breadth.kurt,Ectotherm,kurt,habitat_breadth,0.181350337085021
-0.218319521405474,0.135887397125784,-1.60662082005579,0.108137572462672,ax_water,528,0.860635762147195,1.13317140475209e-146,,1316.37031142995,1647.36295912341,Amphibia,100km,SES.habitat_breadth.kurt,Ectotherm,kurt,habitat_breadth,0.190609257451304
0.0282044337762319,0.109198979901966,0.258284773370159,0.796187136779589,ax_productivity,528,0.860635762147195,1.13317140475209e-146,,1316.37031142995,1647.36295912341,Amphibia,100km,SES.habitat_breadth.kurt,Ectotherm,kurt,habitat_breadth,0.864160757325298
0.442149556678015,0.0823498384634978,5.36916118996398,7.91036951497404e-08,ax_structure,528,0.860635762147195,1.13317140475209e-146,,1316.37031142995,1647.36295912341,Amphibia,100km,SES.habitat_breadth.kurt,Ectotherm,kurt,habitat_breadth,7.01243567813915e-07
-0.0175902898960219,0.0735441802929353,-0.239179902827901,0.810966085683928,ax_human,528,0.860635762147195,1.13317140475209e-146,,1316.37031142995,1647.36295912341,Amphibia,100km,SES.habitat_breadth.kurt,Ectotherm,kurt,habitat_breadth,0.877877478892173
-0.636696930166456,0.182891956086193,-3.48127355511685,0.000499035542406823,ax_thermal,528,0.897174927615813,2.47948801279425e-116,,1256.34175139678,1535.98284484123,Amphibia,100km,SES.range_size.kurt,Ectotherm,kurt,range_size,0.00190329834778416
-0.0474089099115411,0.133282142911726,-0.35570338888489,0.722062706851451,ax_water,528,0.897174927615813,2.47948801279425e-116,,1256.34175139678,1535.98284484123,Amphibia,100km,SES.range_size.kurt,Ectotherm,kurt,range_size,0.807870458914486
-0.0712352346734668,0.105648927924118,-0.67426367757022,0.500143692122297,ax_productivity,528,0.897174927615813,2.47948801279425e-116,,1256.34175139678,1535.98284484123,Amphibia,100km,SES.range_size.kurt,Ectotherm,kurt,range_size,0.619045777419296
-0.39913079588978,0.0781466178062822,-5.1074609125015,3.26516611970362e-07,ax_structure,528,0.897174927615813,2.47948801279425e-116,,1256.34175139678,1535.98284484123,Amphibia,100km,SES.range_size.kurt,Ectotherm,kurt,range_size,2.62493746878134e-06
-0.0566858164553811,0.0704689952976869,-0.804407899047225,0.421161440754777,ax_human,528,0.897174927615813,2.47948801279425e-116,,1256.34175139678,1535.98284484123,Amphibia,100km,SES.range_size.kurt,Ectotherm,kurt,range_size,0.542154444927656
-0.106408824675488,0.125850982295955,-0.845514454748187,0.397823665603681,ax_thermal,690,0.913609751885821,4.04750334263782e-253,,1200.89916314661,1836.7700915879,Amphibia,100km,SES.FDis,Ectotherm,multivariate,SES.FDis,0.519865188517958
-0.340155796170416,0.0903869905780103,-3.7633269344977,0.000167667773763203,ax_water,690,0.913609751885821,4.04750334263782e-253,,1200.89916314661,1836.7700915879,Amphibia,100km,SES.FDis,Ectotherm,multivariate,SES.FDis,0.000716081117113678
-0.0945145900170094,0.0741593163108401,-1.2744803312486,0.202493238908075,ax_productivity,690,0.913609751885821,4.04750334263782e-253,,1200.89916314661,1836.7700915879,Amphibia,100km,SES.FDis,Ectotherm,multivariate,SES.FDis,0.312701423549193
-0.284486622530732,0.0417684668953176,-6.81103817489225,9.68958246971852e-12,ax_structure,690,0.913609751885821,4.04750334263782e-253,,1200.89916314661,1836.7700915879,Amphibia,100km,SES.FDis,Ectotherm,multivariate,SES.FDis,1.49914294814513e-10
0.0636049400625717,0.0466296122490465,1.36404608562604,0.172553061584808,ax_human,690,0.913609751885821,4.04750334263782e-253,,1200.89916314661,1836.7700915879,Amphibia,100km,SES.FDis,Ectotherm,multivariate,SES.FDis,0.2763993238512
0.0761030403892086,0.15220123007748,0.500015935156816,0.617063857064292,ax_thermal,528,0.917058638722637,4.49537693328257e-186,,1006.05265963436,1465.69159278783,Amphibia,100km,SES.FRic,Ectotherm,multivariate,SES.FRic,0.725236652669741
-0.268319928060235,0.106915336873824,-2.5096486239097,0.0120851347766728,ax_water,528,0.917058638722637,4.49537693328257e-186,,1006.05265963436,1465.69159278783,Amphibia,100km,SES.FRic,Ectotherm,multivariate,SES.FRic,0.0304917246672976
0.051884460754294,0.0842308041539766,0.61597964397262,0.537907954804322,ax_productivity,528,0.917058638722637,4.49537693328257e-186,,1006.05265963436,1465.69159278783,Amphibia,100km,SES.FRic,Ectotherm,multivariate,SES.FRic,0.6549139167625
-0.0277521418444081,0.0616699133418555,-0.450011040076696,0.652702480104981,ax_structure,528,0.917058638722637,4.49537693328257e-186,,1006.05265963436,1465.69159278783,Amphibia,100km,SES.FRic,Ectotherm,multivariate,SES.FRic,0.75662204232234
0.165778712953683,0.0559001115955501,2.96562400721361,0.00302069538149796,ax_human,528,0.917058638722637,4.49537693328257e-186,,1006.05265963436,1465.69159278783,Amphibia,100km,SES.FRic,Ectotherm,multivariate,SES.FRic,0.00927704199561172
-0.0436549160901634,0.132266952329845,-0.330051576158627,0.74136099143511,ax_thermal,628,0.91541806001069,1.12521694340401e-237,,1106.44996502035,1700.80203900791,Amphibia,100km,SES.RaoQ,Ectotherm,multivariate,SES.RaoQ,0.820362998359885
-0.393383601230592,0.0936652562971425,-4.19988816325476,2.67046851303299e-05,ax_water,628,0.91541806001069,1.12521694340401e-237,,1106.44996502035,1700.80203900791,Amphibia,100km,SES.RaoQ,Ectotherm,multivariate,SES.RaoQ,0.000140370780813272
-0.135301775432361,0.0766373237541422,-1.76548147566345,0.0774828808319719,ax_productivity,628,0.91541806001069,1.12521694340401e-237,,1106.44996502035,1700.80203900791,Amphibia,100km,SES.RaoQ,Ectotherm,multivariate,SES.RaoQ,0.14539121803711
-0.377730490651101,0.0475333018824597,-7.94664952132197,1.99840144432528e-15,ax_structure,628,0.91541806001069,1.12521694340401e-237,,1106.44996502035,1700.80203900791,Amphibia,100km,SES.RaoQ,Ectotherm,multivariate,SES.RaoQ,5.37275142408764e-14
0.0378594224234925,0.0480781424986048,0.787456013397172,0.431014968078953,ax_human,628,0.91541806001069,1.12521694340401e-237,,1106.44996502035,1700.80203900791,Amphibia,100km,SES.RaoQ,Ectotherm,multivariate,SES.RaoQ,0.551806828766185
-0.0552801438841602,0.13213706439916,-0.418354563388588,0.675687901750699,ax_thermal,690,0.916726079453737,1.90589962815575e-283,,1257.18913010155,1953.96340692698,Amphibia,100km,SES.trait_vol,Ectotherm,multivariate,SES.trait_vol,0.773850456425652
-0.337719274680051,0.0943616645877074,-3.57898810025916,0.000344927171577636,ax_water,690,0.916726079453737,1.90589962815575e-283,,1257.18913010155,1953.96340692698,Amphibia,100km,SES.trait_vol,Ectotherm,multivariate,SES.trait_vol,0.00136637816760223
-0.1108412415097,0.0774190524670698,-1.43170496121541,0.15222827596765,ax_productivity,690,0.916726079453737,1.90589962815575e-283,,1257.18913010155,1953.96340692698,Amphibia,100km,SES.trait_vol,Ectotherm,multivariate,SES.trait_vol,0.252157541454296
-0.264588865574355,0.043508522418609,-6.08131122056187,1.19203646953281e-09,ax_structure,690,0.916726079453737,1.90589962815575e-283,,1257.18913010155,1953.96340692698,Amphibia,100km,SES.trait_vol,Ectotherm,multivariate,SES.trait_vol,1.37671817608015e-08
0.0486230798661215,0.048619658836205,1.0000703631,0.317276457440332,ax_human,690,0.916726079453737,1.90589962815575e-283,,1257.18913010155,1953.96340692698,Amphibia,100km,SES.trait_vol,Ectotherm,multivariate,SES.trait_vol,0.439470768751812
0.210676237125873,0.121981642269359,1.72711428708804,0.0841471402156029,ax_thermal,628,0.861584791232754,2.17153175527462e-207,,1195.73275997739,1658.33656282417,Amphibia,100km,SES.trait_dens,Ectotherm,multivariate,SES.trait_dens,0.156286874239625
-0.168801554781046,0.0955045224594535,-1.76747184776208,0.0771492396921614,ax_water,628,0.861584791232754,2.17153175527462e-207,,1195.73275997739,1658.33656282417,Amphibia,100km,SES.trait_dens,Ectotherm,multivariate,SES.trait_dens,0.144930988654232
-0.00419402602704254,0.078682668443339,-0.0533030476725983,0.957490451964286,ax_productivity,628,0.861584791232754,2.17153175527462e-207,,1195.73275997739,1658.33656282417,Amphibia,100km,SES.trait_dens,Ectotherm,multivariate,SES.trait_dens,0.972474047812825
-0.110786498864116,0.0504881107931477,-2.19430866244953,0.0282132271269149,ax_structure,628,0.861584791232754,2.17153175527462e-207,,1195.73275997739,1658.33656282417,Amphibia,100km,SES.trait_dens,Ectotherm,multivariate,SES.trait_dens,0.0616929233175205
0.000371771709152998,0.0505003399894683,0.00736176645999868,0.99412621325695,ax_human,628,0.861584791232754,2.17153175527462e-207,,1195.73275997739,1658.33656282417,Amphibia,100km,SES.trait_dens,Ectotherm,multivariate,SES.trait_dens,0.996380599726372
-0.344221014621047,0.133785892472982,-2.57292460556379,0.0100843172924341,ax_thermal,950,0.982288261800026,0,,1707.03024220062,3572.38301503674,Aves,100km,SES.body_mass.mean,Endotherm,mean,body_mass,0.0261681651259366
-0.22541033934306,0.097262479853193,-2.31754670129008,0.0204739697381595,ax_water,950,0.982288261800026,0,,1707.03024220062,3572.38301503674,Aves,100km,SES.body_mass.mean,Endotherm,mean,body_mass,0.0477160525749128
-0.279729516342281,0.0843385812928181,-3.31674438974824,0.000910728968160024,ax_productivity,950,0.982288261800026,0,,1707.03024220062,3572.38301503674,Aves,100km,SES.body_mass.mean,Endotherm,mean,body_mass,0.00328985794665736
-0.331996230403869,0.0292436724962735,-11.3527543589532,0,ax_structure,950,0.982288261800026,0,,1707.03024220062,3572.38301503674,Aves,100km,SES.body_mass.mean,Endotherm,mean,body_mass,0
0.0176899006260629,0.0490957428454751,0.360314349081966,0.718612069957632,ax_human,950,0.982288261800026,0,,1707.03024220062,3572.38301503674,Aves,100km,SES.body_mass.mean,Endotherm,mean,body_mass,0.806389598988901
-0.204264404009912,0.123834519111461,-1.64949487005362,0.099046293280922,ax_thermal,950,0.978211525402048,0,,1565.84016328685,3399.80855187049,Aves,100km,SES.body_length.mean,Endotherm,mean,body_length,0.178501012066717
-0.237115431051929,0.0903097498267681,-2.62557953606076,0.00865015969512561,ax_water,950,0.978211525402048,0,,1565.84016328685,3399.80855187049,Aves,100km,SES.body_length.mean,Endotherm,mean,body_length,0.0230296459415682
-0.125794885267726,0.0782978223102804,-1.60662048516782,0.108137645970343,ax_productivity,950,0.978211525402048,0,,1565.84016328685,3399.80855187049,Aves,100km,SES.body_length.mean,Endotherm,mean,body_length,0.190609257451304
-0.352723204407781,0.0272099823348742,-12.9630074752275,0,ax_structure,950,0.978211525402048,0,,1565.84016328685,3399.80855187049,Aves,100km,SES.body_length.mean,Endotherm,mean,body_length,0
0.0412260943612831,0.0456248826338956,0.903587954233014,0.366213930950631,ax_human,950,0.978211525402048,0,,1565.84016328685,3399.80855187049,Aves,100km,SES.body_length.mean,Endotherm,mean,body_length,0.488682544148929
0.217566269192301,0.0794930421577822,2.73692216685409,0.00620169641903501,ax_thermal,950,0.97053826033142,0,,738.251029822488,2438.34050026343,Aves,100km,SES.nocturnality.mean,Endotherm,mean,nocturnality,0.0174157228205778
-0.0238450427633812,0.0583678449663974,-0.40853046359873,0.682884269982495,ax_water,950,0.97053826033142,0,,738.251029822488,2438.34050026343,Aves,100km,SES.nocturnality.mean,Endotherm,mean,nocturnality,0.777729307480064
0.0632703968544732,0.0505813128260205,1.25086505904064,0.21098371367795,ax_productivity,950,0.97053826033142,0,,738.251029822488,2438.34050026343,Aves,100km,SES.nocturnality.mean,Endotherm,mean,nocturnality,0.322773591820745
-0.0700851118990553,0.0176638818533861,-3.96770723903026,7.2567400978496e-05,ax_structure,950,0.97053826033142,0,,738.251029822488,2438.34050026343,Aves,100km,SES.nocturnality.mean,Endotherm,mean,nocturnality,0.000339061360697246
0.0551553708990755,0.0295357734254552,1.86740906034782,0.0618444855181841,ax_human,950,0.97053826033142,0,,738.251029822488,2438.34050026343,Aves,100km,SES.nocturnality.mean,Endotherm,mean,nocturnality,0.120575028482306
1.02340446656907,0.147097501788511,6.95732051276077,3.46811468432406e-12,ax_thermal,950,0.969858754617278,0,,1909.08214462855,3344.24273482995,Aves,100km,SES.verticality.mean,Endotherm,mean,verticality,5.92469591905361e-11
0.489696932586034,0.108077315228961,4.5309872062293,5.8708694286036e-06,ax_water,950,0.969858754617278,0,,1909.08214462855,3344.24273482995,Aves,100km,SES.verticality.mean,Endotherm,mean,verticality,3.66092238133456e-05
0.649428494950252,0.0936544729854273,6.93430302097053,4.0822900615467e-12,ax_productivity,950,0.969858754617278,0,,1909.08214462855,3344.24273482995,Aves,100km,SES.verticality.mean,Endotherm,mean,verticality,6.76258151609756e-11
0.0733988502874848,0.0327212255375066,2.24315712757616,0.0248866838490973,ax_structure,950,0.969858754617278,0,,1909.08214462855,3344.24273482995,Aves,100km,SES.verticality.mean,Endotherm,mean,verticality,0.0556051246764572
0.0904298354932215,0.0546981249830987,1.65325293181738,0.0982793978948526,ax_human,950,0.969858754617278,0,,1909.08214462855,3344.24273482995,Aves,100km,SES.verticality.mean,Endotherm,mean,verticality,0.177625947304252
-0.829455819394635,0.163411109800545,-5.07588388823164,3.85698783578192e-07,ax_thermal,950,0.979436695681659,0,,2090.88421531199,3992.7968014814,Aves,100km,SES.habitat_breadth.mean,Endotherm,mean,habitat_breadth,3.02653590941739e-06
-0.298862988483644,0.119055754746684,-2.51027755121571,0.0120636301724193,ax_water,950,0.979436695681659,0,,2090.88421531199,3992.7968014814,Aves,100km,SES.habitat_breadth.mean,Endotherm,mean,habitat_breadth,0.0304843659210595
-0.494865175199157,0.103225751261091,-4.79400894789795,1.63480977399821e-06,ax_productivity,950,0.979436695681659,0,,2090.88421531199,3992.7968014814,Aves,100km,SES.habitat_breadth.mean,Endotherm,mean,habitat_breadth,1.16451332921378e-05
-0.325846454784305,0.0358478332305306,-9.08971129967185,0,ax_structure,950,0.979436695681659,0,,2090.88421531199,3992.7968014814,Aves,100km,SES.habitat_breadth.mean,Endotherm,mean,habitat_breadth,0
0.0912234216050697,0.0601320569021167,1.51705140826238,0.129253705143687,ax_human,950,0.979436695681659,0,,2090.88421531199,3992.7968014814,Aves,100km,SES.habitat_breadth.mean,Endotherm,mean,habitat_breadth,0.220578643533451
-0.851569011180226,0.220712763786794,-3.85826807915302,0.0001141933560318,ax_thermal,950,0.978184662732157,0,,2663.92308129893,4390.80881721979,Aves,100km,SES.range_size.mean,Endotherm,mean,range_size,0.000510291836218397
-1.08232758119976,0.160964393042142,-6.72401865247548,1.76780812211064e-11,ax_water,950,0.978184662732157,0,,2663.92308129893,4390.80881721979,Aves,100km,SES.range_size.mean,Endotherm,mean,range_size,2.65982139473527e-10
-0.24509667224801,0.13955465809697,-1.75627725788776,0.0790410785170324,ax_productivity,950,0.978184662732157,0,,2663.92308129893,4390.80881721979,Aves,100km,SES.range_size.mean,Endotherm,mean,range_size,0.147639372173044
-0.54615736334014,0.0484986534679182,-11.2612892170588,0,ax_structure,950,0.978184662732157,0,,2663.92308129893,4390.80881721979,Aves,100km,SES.range_size.mean,Endotherm,mean,range_size,0
0.286524134427807,0.0813203776714457,3.52339896385424,0.000426049502061376,ax_human,950,0.978184662732157,0,,2663.92308129893,4390.80881721979,Aves,100km,SES.range_size.mean,Endotherm,mean,range_size,0.001647927319294
-0.898009562170649,0.106489676911917,-8.43283206609251,0,ax_thermal,950,0.967246234072889,1.28944595865034e-308,,1301.45516191776,2296.01849890841,Aves,100km,SES.body_mass.var,Endotherm,var,body_mass,0
0.0290588778946558,0.078444872384096,0.370436932478805,0.711056959802134,ax_water,950,0.967246234072889,1.28944595865034e-308,,1301.45516191776,2296.01849890841,Aves,100km,SES.body_mass.var,Endotherm,var,body_mass,0.800915806370535
-0.28264162087481,0.0679617508900391,-4.15883371415959,3.19876648990913e-05,ax_productivity,950,0.967246234072889,1.28944595865034e-308,,1301.45516191776,2296.01849890841,Aves,100km,SES.body_mass.var,Endotherm,var,body_mass,0.000164967831555062
-0.117354222560602,0.0237891758979725,-4.93309322962312,8.09374982591038e-07,ax_structure,950,0.967246234072889,1.28944595865034e-308,,1301.45516191776,2296.01849890841,Aves,100km,SES.body_mass.var,Endotherm,var,body_mass,6.11693535230093e-06
-0.0800340252136198,0.0397233478158675,-2.01478550057279,0.0439271289246701,ax_human,950,0.967246234072889,1.28944595865034e-308,,1301.45516191776,2296.01849890841,Aves,100km,SES.body_mass.var,Endotherm,var,body_mass,0.0915381085596683
-0.531831238521248,0.101562380938392,-5.23649833341203,1.63651719287117e-07,ax_thermal,950,0.961045875335782,2.20869402019915e-304,,1227.93298827759,2127.97627526949,Aves,100km,SES.body_length.var,Endotherm,var,body_length,1.37635292118396e-06
0.105105074911038,0.0753121540440605,1.39559246771175,0.16283725196102,ax_water,950,0.961045875335782,2.20869402019915e-304,,1227.93298827759,2127.97627526949,Aves,100km,SES.body_length.var,Endotherm,var,body_length,0.264494253061009
-0.186459247618165,0.065206737099735,-2.85950893897623,0.00424297460029233,ax_productivity,950,0.961045875335782,2.20869402019915e-304,,1227.93298827759,2127.97627526949,Aves,100km,SES.body_length.var,Endotherm,var,body_length,0.0124480829060455
-0.120622832497307,0.022934932005189,-5.25934990651014,1.44565572401945e-07,ax_structure,950,0.961045875335782,2.20869402019915e-304,,1227.93298827759,2127.97627526949,Aves,100km,SES.body_length.var,Endotherm,var,body_length,1.23483093093328e-06
-0.0524344546050279,0.0381877613681869,-1.37306960990674,0.169730707569689,ax_human,950,0.961045875335782,2.20869402019915e-304,,1227.93298827759,2127.97627526949,Aves,100km,SES.body_length.var,Endotherm,var,body_length,0.273168165274082
0.218715203437987,0.0795491132753239,2.7494360959248,0.00596979021959787,ax_thermal,950,0.970424694725772,0,,739.842614932371,2441.06707793158,Aves,100km,SES.nocturnality.var,Endotherm,var,nocturnality,0.0168510429606549
-0.0241315358809868,0.0584153811855951,-0.413102429381005,0.679531569588935,ax_water,950,0.970424694725772,0,,739.842614932371,2441.06707793158,Aves,100km,SES.nocturnality.var,Endotherm,var,nocturnality,0.776400875761018
0.0692830246069843,0.0506220765015524,1.3686326084403,0.171114145686388,ax_productivity,950,0.970424694725772,0,,739.842614932371,2441.06707793158,Aves,100km,SES.nocturnality.var,Endotherm,var,nocturnality,0.274658531521516
-0.0707469599512592,0.0176795039261565,-4.00163716395856,6.29057115133502e-05,ax_structure,950,0.970424694725772,0,,739.842614932371,2441.06707793158,Aves,100km,SES.nocturnality.var,Endotherm,var,nocturnality,0.000299030048933027
0.0552955034304302,0.0295605467975756,1.87058459402264,0.0614026816225282,ax_human,950,0.970424694725772,0,,739.842614932371,2441.06707793158,Aves,100km,SES.nocturnality.var,Endotherm,var,nocturnality,0.120024312110782
0.613736608054854,0.12524953043191,4.90011104982548,9.57825008196522e-07,ax_thermal,950,0.977196493220757,0,,1589.07959205467,3035.79628924031,Aves,100km,SES.verticality.var,Endotherm,var,verticality,7.14015006110135e-06
0.388961508241521,0.0914177573146161,4.25476974788281,2.09264243953289e-05,ax_water,950,0.977196493220757,0,,1589.07959205467,3035.79628924031,Aves,100km,SES.verticality.var,Endotherm,var,verticality,0.000115165557074964
0.334681185793977,0.0792546974496047,4.22285614056869,2.41225800245992e-05,ax_productivity,950,0.977196493220757,0,,1589.07959205467,3035.79628924031,Aves,100km,SES.verticality.var,Endotherm,var,verticality,0.000130134971185338
0.0237340839103316,0.0275589393144598,0.86121180643112,0.389121398692297,ax_structure,950,0.977196493220757,0,,1589.07959205467,3035.79628924031,Aves,100km,SES.verticality.var,Endotherm,var,verticality,0.511755488256108
0.0235634520830818,0.046194514564372,0.510091994802676,0.609987013242519,ax_human,950,0.977196493220757,0,,1589.07959205467,3035.79628924031,Aves,100km,SES.verticality.var,Endotherm,var,verticality,0.719179512377952
-0.31423648481215,0.0849388804716501,-3.69956000205386,0.000215973576276784,ax_thermal,950,0.972465680566723,0,,860.024762222756,2675.98781111027,Aves,100km,SES.habitat_breadth.var,Endotherm,var,habitat_breadth,0.000894436022964461
-0.0238710701938641,0.0622534585069151,-0.383449703299817,0.701386356389485,ax_water,950,0.972465680566723,0,,860.024762222756,2675.98781111027,Aves,100km,SES.habitat_breadth.var,Endotherm,var,habitat_breadth,0.793220776065608
-0.178483282872509,0.0539559380432381,-3.3079451371873,0.000939832192242029,ax_productivity,950,0.972465680566723,0,,860.024762222756,2675.98781111027,Aves,100km,SES.habitat_breadth.var,Endotherm,var,habitat_breadth,0.00338227292788032
-0.0733412544517591,0.0188178108787265,-3.89743817303804,9.72156304681615e-05,ax_structure,950,0.972465680566723,0,,860.024762222756,2675.98781111027,Aves,100km,SES.habitat_breadth.var,Endotherm,var,habitat_breadth,0.000436804476624068
-1.0739259682629e-05,0.0314890274881453,-0.000341047677216199,0.999727883329127,ax_human,950,0.972465680566723,0,,860.024762222756,2675.98781111027,Aves,100km,SES.habitat_breadth.var,Endotherm,var,habitat_breadth,0.999727883329127
0.131632761236052,0.142239000071953,0.925433679718392,0.354740366475592,ax_thermal,950,0.933716469493788,0,,1964.74504789795,2954.96486352715,Aves,100km,SES.range_size.var,Endotherm,var,range_size,0.477255292059041
1.15668777343681,0.109240203624769,10.5884805690214,0,ax_water,950,0.933716469493788,0,,1964.74504789795,2954.96486352715,Aves,100km,SES.range_size.var,Endotherm,var,range_size,0
-0.370821419708858,0.094131444749294,-3.93940006653982,8.16856182408454e-05,ax_productivity,950,0.933716469493788,0,,1964.74504789795,2954.96486352715,Aves,100km,SES.range_size.var,Endotherm,var,range_size,0.000376304533469063
0.14401777761109,0.0340017195841186,4.23560276870107,2.27939423298462e-05,ax_structure,950,0.933716469493788,0,,1964.74504789795,2954.96486352715,Aves,100km,SES.range_size.var,Endotherm,var,range_size,0.000123781673579297
-0.242084475847252,0.0557019214587824,-4.34607046771961,1.38598059462591e-05,ax_human,950,0.933716469493788,0,,1964.74504789795,2954.96486352715,Aves,100km,SES.range_size.var,Endotherm,var,range_size,7.89238949717534e-05
-0.231575083120474,0.105528557399574,-2.19443048239195,0.0282044765134142,ax_thermal,950,0.981495850067141,0,,1257.21392896197,3201.94350837609,Aves,100km,SES.body_mass.skew,Endotherm,skew,body_mass,0.0616929233175205
-0.110588120756517,0.0767638791922409,-1.44062704907825,0.149690074468402,ax_water,950,0.981495850067141,0,,1257.21392896197,3201.94350837609,Aves,100km,SES.body_mass.skew,Endotherm,skew,body_mass,0.249541238530123
0.0802348006587252,0.0665621181132423,1.20541237167696,0.228044147823104,ax_productivity,950,0.981495850067141,0,,1257.21392896197,3201.94350837609,Aves,100km,SES.body_mass.skew,Endotherm,skew,body_mass,0.342797802410532
0.275547100818838,0.0230894401290338,11.9339013539939,0,ax_structure,950,0.981495850067141,0,,1257.21392896197,3201.94350837609,Aves,100km,SES.body_mass.skew,Endotherm,skew,body_mass,0
0.0102225115001298,0.0387548925413735,0.263773444584232,0.79195449823288,ax_human,950,0.981495850067141,0,,1257.21392896197,3201.94350837609,Aves,100km,SES.body_mass.skew,Endotherm,skew,body_mass,0.860706015309426
-0.250835696859643,0.102607835577229,-2.44460567215502,0.0145010593040411,ax_thermal,950,0.981730049797474,0,,1203.59104306522,3032.71621387139,Aves,100km,SES.body_length.skew,Endotherm,skew,body_length,0.0357083142021433
0.0673202723639308,0.0746263801071088,0.902097519232586,0.367005066588517,ax_water,950,0.981730049797474,0,,1203.59104306522,3032.71621387139,Aves,100km,SES.body_length.skew,Endotherm,skew,body_length,0.488942574496481
-0.0723195875997267,0.0647091762579565,-1.11760946100491,0.263733826275035,ax_productivity,950,0.981730049797474,0,,1203.59104306522,3032.71621387139,Aves,100km,SES.body_length.skew,Endotherm,skew,body_length,0.382425707419149
0.322009704020921,0.0224438997598988,14.3473151932476,0,ax_structure,950,0.981730049797474,0,,1203.59104306522,3032.71621387139,Aves,100km,SES.body_length.skew,Endotherm,skew,body_length,0
-0.0233070959138054,0.037673932001704,-0.618653128979242,0.536144893686477,ax_human,950,0.981730049797474,0,,1203.59104306522,3032.71621387139,Aves,100km,SES.body_length.skew,Endotherm,skew,body_length,0.653252322173717
-0.28843929934319,0.089764007909148,-3.21330682599562,0.00131216031760539,ax_thermal,950,0.950376804055532,0,,1027.00911695239,2312.26244439174,Aves,100km,SES.nocturnality.skew,Endotherm,skew,nocturnality,0.0045019726378093
0.0298520347651022,0.067414418168866,0.442813801200894,0.657900419919069,ax_water,950,0.950376804055532,0,,1027.00911695239,2312.26244439174,Aves,100km,SES.nocturnality.skew,Endotherm,skew,nocturnality,0.758759977965734
-0.219724278299871,0.0582829705664855,-3.76995675004629,0.000163275839760058,ax_productivity,950,0.950376804055532,0,,1027.00911695239,2312.26244439174,Aves,100km,SES.nocturnality.skew,Endotherm,skew,nocturnality,0.000704664150543406
0.0398438415507197,0.020693493302236,1.925428489467,0.0541757742773479,ax_structure,950,0.950376804055532,0,,1027.00911695239,2312.26244439174,Aves,100km,SES.nocturnality.skew,Endotherm,skew,nocturnality,0.108351548554696
-0.0802684281186838,0.0342604094407979,-2.34289167668553,0.0191349377240866,ax_human,950,0.950376804055532,0,,1027.00911695239,2312.26244439174,Aves,100km,SES.nocturnality.skew,Endotherm,skew,nocturnality,0.0450233828802037
-0.822445073863488,0.202657099276043,-4.05830872346209,4.94293954171887e-05,ax_thermal,950,0.974950624790754,0,,2507.34767997708,4071.13530152229,Aves,100km,SES.verticality.skew,Endotherm,skew,verticality,0.000244169302663221
-0.461149688839592,0.148200024358937,-3.11167080325641,0.00186031821410948,ax_water,950,0.974950624790754,0,,2507.34767997708,4071.13530152229,Aves,100km,SES.verticality.skew,Endotherm,skew,verticality,0.0060775336078477
-0.579958392439272,0.128466853828653,-4.51445937341012,6.34784889830264e-06,ax_productivity,950,0.974950624790754,0,,2507.34767997708,4071.13530152229,Aves,100km,SES.verticality.skew,Endotherm,skew,verticality,3.92848007291183e-05
-0.0534907428651304,0.0447326529973851,-1.19578740094528,0.231779533775036,ax_structure,950,0.974950624790754,0,,2507.34767997708,4071.13530152229,Aves,100km,SES.verticality.skew,Endotherm,skew,verticality,0.34619165336162
-0.0835610706548173,0.0749228650557022,-1.11529465127492,0.264724176733195,ax_human,950,0.974950624790754,0,,2507.34767997708,4071.13530152229,Aves,100km,SES.verticality.skew,Endotherm,skew,verticality,0.382846252065643
0.496244403159685,0.0820713842877049,6.04649729581845,1.48028722612992e-09,ax_thermal,950,0.935246565854962,0,,913.671712760771,1953.57450080903,Aves,100km,SES.habitat_breadth.skew,Endotherm,skew,habitat_breadth,1.68588267420352e-08
0.0534635452709054,0.0628956562214802,0.850035574517887,0.395305308187811,ax_water,950,0.935246565854962,0,,913.671712760771,1953.57450080903,Aves,100km,SES.habitat_breadth.skew,Endotherm,skew,habitat_breadth,0.517398807205115
0.259875507858822,0.0542159371518377,4.7933416170786,1.6402596283438e-06,ax_productivity,950,0.935246565854962,0,,913.671712760771,1953.57450080903,Aves,100km,SES.habitat_breadth.skew,Endotherm,skew,habitat_breadth,1.16451332921378e-05
0.107532964974937,0.0195504711001895,5.50027487439391,3.79199629474414e-08,ax_structure,950,0.935246565854962,0,,913.671712760771,1953.57450080903,Aves,100km,SES.habitat_breadth.skew,Endotherm,skew,habitat_breadth,3.49374939515752e-07
0.0114336002521755,0.0320612852530108,0.356617027731344,0.72137852829692,ax_human,950,0.935246565854962,0,,913.671712760771,1953.57450080903,Aves,100km,SES.habitat_breadth.skew,Endotherm,skew,habitat_breadth,0.807870458914486
0.220133925960193,0.107513505190386,2.04750022399862,0.0406089948953403,ax_thermal,950,0.952396498277583,0,,1362.98741464548,2484.67477181197,Aves,100km,SES.range_size.skew,Endotherm,skew,range_size,0.0851646440260334
0.133007652399502,0.0805414754998949,1.65141812431379,0.098653226491157,ax_water,950,0.952396498277583,0,,1362.98741464548,2484.67477181197,Aves,100km,SES.range_size.skew,Endotherm,skew,range_size,0.177988219411989
-0.0654200413597017,0.0696540107520841,-0.939214277158394,0.347620740216003,ax_productivity,950,0.952396498277583,0,,1362.98741464548,2484.67477181197,Aves,100km,SES.range_size.skew,Endotherm,skew,range_size,0.470377899302182
0.119887968130451,0.0246842199928695,4.85686678230394,1.19257769681802e-06,ax_structure,950,0.952396498277583,0,,1362.98741464548,2484.67477181197,Aves,100km,SES.range_size.skew,Endotherm,skew,range_size,8.65410364062634e-06
-0.0948614190808041,0.0409143820784448,-2.31853481005596,0.0204202733826611,ax_human,950,0.952396498277583,0,,1362.98741464548,2484.67477181197,Aves,100km,SES.range_size.skew,Endotherm,skew,range_size,0.0477160525749128
0.286327377565467,0.101506511009951,2.82077843792107,0.00479072782364098,ax_thermal,950,0.963611798586063,0,,1219.75977887022,2708.46756567952,Aves,100km,SES.body_mass.kurt,Endotherm,kurt,body_mass,0.0137838484750372
-0.133977915169879,0.0750591706037104,-1.78496397032205,0.0742671612073897,ax_water,950,0.963611798586063,0,,1219.75977887022,2708.46756567952,Aves,100km,SES.body_mass.kurt,Endotherm,kurt,body_mass,0.140644508522078
0.168576706367659,0.0650058664298507,2.5932537419461,0.00950725979780587,ax_productivity,950,0.963611798586063,0,,1219.75977887022,2708.46756567952,Aves,100km,SES.body_mass.kurt,Endotherm,kurt,body_mass,0.0249071981923349
0.227956758154371,0.0228173913461753,9.99048290384786,0,ax_structure,950,0.963611798586063,0,,1219.75977887022,2708.46756567952,Aves,100km,SES.body_mass.kurt,Endotherm,kurt,body_mass,0
0.0334313833778341,0.0380385519962735,0.878881598361294,0.379465477091067,ax_human,950,0.963611798586063,0,,1219.75977887022,2708.46756567952,Aves,100km,SES.body_mass.kurt,Endotherm,kurt,body_mass,0.50187369550754
0.201499528373471,0.097147790663181,2.07415451239736,0.0380649632301893,ax_thermal,950,0.954882700821276,0,,1162.21865414025,2406.30493797757,Aves,100km,SES.body_length.kurt,Endotherm,kurt,body_length,0.0808633933905575
-0.0872109715013527,0.0725559194606828,-1.20198285887082,0.229370169321887,ax_water,950,0.954882700821276,0,,1162.21865414025,2406.30493797757,Aves,100km,SES.body_length.kurt,Endotherm,kurt,body_length,0.343904066974032
0.0499227437007978,0.0627708518572677,0.795317288577112,0.426428959297381,ax_productivity,950,0.954882700821276,0,,1162.21865414025,2406.30493797757,Aves,100km,SES.body_length.kurt,Endotherm,kurt,body_length,0.548019849971748
0.284333845956515,0.0221948179080184,12.8108212977856,0,ax_structure,950,0.954882700821276,0,,1162.21865414025,2406.30493797757,Aves,100km,SES.body_length.kurt,Endotherm,kurt,body_length,0
0.0336901107737867,0.0368384939906418,0.914535506862607,0.360435529420443,ax_human,950,0.954882700821276,0,,1162.21865414025,2406.30493797757,Aves,100km,SES.body_length.kurt,Endotherm,kurt,body_length,0.482936493667913
-0.301673350577619,0.104295461128419,-2.89248781599584,0.0038220400605482,ax_thermal,950,0.931447256809187,0,,1384.58059116892,2459.5836912059,Aves,100km,SES.nocturnality.kurt,Endotherm,kurt,nocturnality,0.0114801203283865
0.0599524283844749,0.080357874342831,0.746067872934266,0.45562641542292,ax_water,950,0.931447256809187,0,,1384.58059116892,2459.5836912059,Aves,100km,SES.nocturnality.kurt,Endotherm,kurt,nocturnality,0.577009514512423
-0.274224437555775,0.0692060569533011,-3.96243406470646,7.41894997771109e-05,ax_productivity,950,0.931447256809187,0,,1384.58059116892,2459.5836912059,Aves,100km,SES.nocturnality.kurt,Endotherm,kurt,nocturnality,0.000344676429559382
0.0571306185617797,0.025062154442458,2.27955735780617,0.0226339544691438,ax_structure,950,0.931447256809187,0,,1384.58059116892,2459.5836912059,Aves,100km,SES.nocturnality.kurt,Endotherm,kurt,nocturnality,0.0514123065504099
-0.0753756852667561,0.0409923454526363,-1.83877464034956,0.0659483397244005,ax_human,950,0.931447256809187,0,,1384.58059116892,2459.5836912059,Aves,100km,SES.nocturnality.kurt,Endotherm,kurt,nocturnality,0.12694281355401
-0.513081593995464,0.405313596543816,-1.26588794052459,0.205553204516196,ax_thermal,950,0.964479215572077,0,,3848.06768452443,5214.54458387584,Aves,100km,SES.verticality.kurt,Endotherm,kurt,verticality,0.315939320905868
-0.593200782310316,0.2994318570585,-1.98108774442935,0.0475814344343088,ax_water,950,0.964479215572077,0,,3848.06768452443,5214.54458387584,Aves,100km,SES.verticality.kurt,Endotherm,kurt,verticality,0.0976640206161033
-0.489704864972662,0.259349296243492,-1.8882058754958,0.0589983173595376,ax_productivity,950,0.964479215572077,0,,3848.06768452443,5214.54458387584,Aves,100km,SES.verticality.kurt,Endotherm,kurt,verticality,0.116469212336348
0.0493978323974968,0.0909715375308899,0.543003160529451,0.587127626358143,ax_structure,950,0.964479215572077,0,,3848.06768452443,5214.54458387584,Aves,100km,SES.verticality.kurt,Endotherm,kurt,verticality,0.699303363609534
-0.0648375527492783,0.151718083531071,-0.427355469040049,0.66912043688319,ax_human,950,0.964479215572077,0,,3848.06768452443,5214.54458387584,Aves,100km,SES.verticality.kurt,Endotherm,kurt,verticality,0.77007545016732
0.330521109767363,0.0783305583050826,4.21956790452132,2.44770992503529e-05,ax_thermal,950,0.930530817619988,0,,844.457068654206,1844.75876037529,Aves,100km,SES.habitat_breadth.kurt,Endotherm,kurt,habitat_breadth,0.000131614566460914
0.00346124860339688,0.0604315006205096,0.0572755693281955,0.954325681250087,ax_water,950,0.930530817619988,0,,844.457068654206,1844.75876037529,Aves,100km,SES.habitat_breadth.kurt,Endotherm,kurt,habitat_breadth,0.970457768886579
0.278179283165632,0.0520332337348923,5.34618479764196,8.98274981064873e-08,ax_productivity,950,0.930530817619988,0,,844.457068654206,1844.75876037529,Aves,100km,SES.habitat_breadth.kurt,Endotherm,kurt,habitat_breadth,7.9202740265935e-07
0.0179706256094835,0.0188628877293539,0.95269748022293,0.340743370419678,ax_structure,950,0.930530817619988,0,,844.457068654206,1844.75876037529,Aves,100km,SES.habitat_breadth.kurt,Endotherm,kurt,habitat_breadth,0.463365777353459
0.0243300526102462,0.0308327529568085,0.789097640561922,0.430054940867397,ax_human,950,0.930530817619988,0,,844.457068654206,1844.75876037529,Aves,100km,SES.habitat_breadth.kurt,Endotherm,kurt,habitat_breadth,0.551438704474222
-0.30407567481011,0.120747005474921,-2.5182875021548,0.0117927018002362,ax_thermal,950,0.954270342815498,0,,1577.37566871243,2663.89048272224,Aves,100km,SES.range_size.kurt,Endotherm,kurt,range_size,0.0299381284092683
-0.203938535890406,0.0902479617042414,-2.2597578054865,0.0238362864789752,ax_water,950,0.954270342815498,0,,1577.37566871243,2663.89048272224,Aves,100km,SES.range_size.kurt,Endotherm,kurt,range_size,0.0535887471544357
0.173913162132804,0.0780700775127085,2.22765453389609,0.0259035610892779,ax_productivity,950,0.954270342815498,0,,1577.37566871243,2663.89048272224,Aves,100km,SES.range_size.kurt,Endotherm,kurt,range_size,0.0575634690872843
-0.129606498197307,0.0276195463336401,-4.69256433946016,2.69801643248968e-06,ax_structure,950,0.954270342815498,0,,1577.37566871243,2663.89048272224,Aves,100km,SES.range_size.kurt,Endotherm,kurt,range_size,1.79867762165979e-05
0.170531326169048,0.0458271224538537,3.7211877385661,0.000198287950728293,ax_human,950,0.954270342815498,0,,1577.37566871243,2663.89048272224,Aves,100km,SES.range_size.kurt,Endotherm,kurt,range_size,0.000829546907824075
-0.67341001341539,0.146241424467195,-4.60478291885383,4.12896337276258e-06,ax_thermal,950,0.990081256692698,0,,1870.3021291987,3920.6194435115,Aves,100km,SES.diet_breadth.mean,Endotherm,mean,diet_breadth,2.68710314735343e-05
-0.037699362213204,0.105792287260397,-0.356352652820624,0.721576482585095,ax_water,950,0.990081256692698,0,,1870.3021291987,3920.6194435115,Aves,100km,SES.diet_breadth.mean,Endotherm,mean,diet_breadth,0.807870458914486
-0.372628361688123,0.0917464000786471,-4.06150389953935,4.87576036924953e-05,ax_productivity,950,0.990081256692698,0,,1870.3021291987,3920.6194435115,Aves,100km,SES.diet_breadth.mean,Endotherm,mean,diet_breadth,0.000241578459382756
-0.154562801716883,0.0316986645125654,-4.87600358228384,1.08256643138738e-06,ax_structure,950,0.990081256692698,0,,1870.3021291987,3920.6194435115,Aves,100km,SES.diet_breadth.mean,Endotherm,mean,diet_breadth,7.99733760124008e-06
-0.0545428083837533,0.0533175037717827,-1.02298128241741,0.306316695811626,ax_human,950,0.990081256692698,0,,1870.3021291987,3920.6194435115,Aves,100km,SES.diet_breadth.mean,Endotherm,mean,diet_breadth,0.4294503120903
-0.125123456022494,0.122327588757714,-1.02285557406283,0.306376137283933,ax_thermal,950,0.987150992169682,0,,1532.38906410778,3397.00963670865,Aves,100km,SES.diet_vert.mean,Endotherm,mean,diet_vert,0.4294503120903
-0.0582549653828041,0.0886433191173023,-0.657183936284187,0.511062653205263,ax_water,950,0.987150992169682,0,,1532.38906410778,3397.00963670865,Aves,100km,SES.diet_vert.mean,Endotherm,mean,diet_vert,0.630182519741828
-0.281183943001328,0.0768725836913585,-3.65779227780706,0.000254397085460267,ax_productivity,950,0.987150992169682,0,,1532.38906410778,3397.00963670865,Aves,100km,SES.diet_vert.mean,Endotherm,mean,diet_vert,0.00103783885610656
-0.291143927266741,0.0265925294484715,-10.9483352394473,0,ax_structure,950,0.987150992169682,0,,1532.38906410778,3397.00963670865,Aves,100km,SES.diet_vert.mean,Endotherm,mean,diet_vert,0
0.00146706143034473,0.0447007298441022,0.0328196303608742,0.973818423880207,ax_human,950,0.987150992169682,0,,1532.38906410778,3397.00963670865,Aves,100km,SES.diet_vert.mean,Endotherm,mean,diet_vert,0.98334537153256
-0.917467790095122,0.126145185918108,-7.27310981721276,3.512745649914e-13,ax_thermal,950,0.983930226065364,0,,1593.47961593914,3296.73150089214,Aves,100km,SES.diet_plant.mean,Endotherm,mean,diet_plant,7.02549129982799e-12
-0.058423502855672,0.0916015298485017,-0.637800514383304,0.523603544694811,ax_water,950,0.983930226065364,0,,1593.47961593914,3296.73150089214,Aves,100km,SES.diet_plant.mean,Endotherm,mean,diet_plant,0.641786108594537
-0.317893449630929,0.0794333328541327,-4.00201575596346,6.28051151982945e-05,ax_productivity,950,0.983930226065364,0,,1593.47961593914,3296.73150089214,Aves,100km,SES.diet_plant.mean,Endotherm,mean,diet_plant,0.000299030048933027
0.0752760595718137,0.0275199248761347,2.73532939899459,0.00623178800982394,ax_structure,950,0.983930226065364,0,,1593.47961593914,3296.73150089214,Aves,100km,SES.diet_plant.mean,Endotherm,mean,diet_plant,0.0174404988670841
-0.0911267597417441,0.0462226399315744,-1.9714745820802,0.0486696175673178,ax_human,950,0.983930226065364,0,,1593.47961593914,3296.73150089214,Aves,100km,SES.diet_plant.mean,Endotherm,mean,diet_plant,0.0991530097023617
-1.07308853411473,0.135826785983104,-7.90041909883827,2.88657986402541e-15,ax_thermal,950,0.984361484544425,0,,1733.54902708851,3191.20544306933,Aves,100km,SES.litter_size.mean,Endotherm,mean,litter_size,7.51427139206614e-14
-0.404622454963183,0.098602894258693,-4.10355555995772,4.06848690301942e-05,ax_water,950,0.984361484544425,0,,1733.54902708851,3191.20544306933,Aves,100km,SES.litter_size.mean,Endotherm,mean,litter_size,0.000204046437949598
-0.445013719073216,0.0855054986656812,-5.2045041081297,1.9451532162762e-07,ax_productivity,950,0.984361484544425,0,,1733.54902708851,3191.20544306933,Aves,100km,SES.litter_size.mean,Endotherm,mean,litter_size,1.61529510490094e-06
-0.0785352618071159,0.0296173778394973,-2.65166154251449,0.00800967872649872,ax_structure,950,0.984361484544425,0,,1733.54902708851,3191.20544306933,Aves,100km,SES.litter_size.mean,Endotherm,mean,litter_size,0.0216406476300789
-0.0516060283467436,0.0497511842041829,-1.03728241191101,0.299604260135841,ax_human,950,0.984361484544425,0,,1733.54902708851,3191.20544306933,Aves,100km,SES.litter_size.mean,Endotherm,mean,litter_size,0.422849386078123
-0.203725800887093,0.102817673272716,-1.98142784603506,0.0475433135662928,ax_thermal,950,0.977374460756887,0,,1213.81693979234,2836.82232606785,Aves,100km,SES.diet_breadth.var,Endotherm,var,diet_breadth,0.0976640206161033
-0.0891535688595589,0.0750340138096235,-1.18817539317248,0.234764316061763,ax_water,950,0.977374460756887,0,,1213.81693979234,2836.82232606785,Aves,100km,SES.diet_breadth.var,Endotherm,var,diet_breadth,0.349694349083825
-0.444288874252128,0.0650513571863231,-6.82981713939612,8.50230996718437e-12,ax_productivity,950,0.977374460756887,0,,1213.81693979234,2836.82232606785,Aves,100km,SES.diet_breadth.var,Endotherm,var,diet_breadth,1.34074887944061e-10
-0.173779601645898,0.0226176759659376,-7.68335358184508,1.55431223447522e-14,ax_structure,950,0.977374460756887,0,,1213.81693979234,2836.82232606785,Aves,100km,SES.diet_breadth.var,Endotherm,var,diet_breadth,3.44469197910724e-13
-0.0406887981259775,0.037914186526247,-1.07318135647747,0.283189753878989,ax_human,950,0.977374460756887,0,,1213.81693979234,2836.82232606785,Aves,100km,SES.diet_breadth.var,Endotherm,var,diet_breadth,0.405262824050212
-0.151587455402397,0.103622635739856,-1.4628797493914,0.1435002861027,ax_thermal,950,0.981393919476464,0,,1222.71499945932,2984.73706654969,Aves,100km,SES.diet_vert.var,Endotherm,var,diet_vert,0.240910543263294
-0.0338510601204268,0.0753831666071501,-0.449053305187315,0.653393203906844,ax_water,950,0.981393919476464,0,,1222.71499945932,2984.73706654969,Aves,100km,SES.diet_vert.var,Endotherm,var,diet_vert,0.75662204232234
-0.217507226139505,0.0653646807464319,-3.32759563200924,0.000875989170187497,ax_productivity,950,0.981393919476464,0,,1222.71499945932,2984.73706654969,Aves,100km,SES.diet_vert.var,Endotherm,var,diet_vert,0.00318541516431817
-0.249803702242784,0.0226752951798419,-11.0165578997559,0,ax_structure,950,0.981393919476464,0,,1222.71499945932,2984.73706654969,Aves,100km,SES.diet_vert.var,Endotherm,var,diet_vert,0
0.0201341222409385,0.0380586316253822,0.529029063344217,0.596785288718946,ax_human,950,0.981393919476464,0,,1222.71499945932,2984.73706654969,Aves,100km,SES.diet_vert.var,Endotherm,var,diet_vert,0.707989872617444
-0.22780874859021,0.0926203020982534,-2.45959841880613,0.0139092554917797,ax_thermal,950,0.98414120099679,0,,1006.30906978554,2720.65999651999,Aves,100km,SES.diet_plant.var,Endotherm,var,diet_plant,0.0344060015181277
0.0304181037240444,0.0672473987303913,0.452331306464312,0.651030325869954,ax_water,950,0.98414120099679,0,,1006.30906978554,2720.65999651999,Aves,100km,SES.diet_plant.var,Endotherm,var,diet_plant,0.755619061873124
-0.197923329033545,0.0583146533757464,-3.39405822681033,0.00068865048909994,ax_productivity,950,0.98414120099679,0,,1006.30906978554,2720.65999651999,Aves,100km,SES.diet_plant.var,Endotherm,var,diet_plant,0.0025726350845647
-0.0361534709081066,0.0202011943182353,-1.78966997389216,0.0735069821397092,ax_structure,950,0.98414120099679,0,,1006.30906978554,2720.65999651999,Aves,100km,SES.diet_plant.var,Endotherm,var,diet_plant,0.139850870892254
-0.0583121310913135,0.0339319470310029,-1.71850236115348,0.0857050241489419,ax_human,950,0.98414120099679,0,,1006.30906978554,2720.65999651999,Aves,100km,SES.diet_plant.var,Endotherm,var,diet_plant,0.158462502372339
0.00955338150191216,0.0977802495689956,0.0977025681977944,0.922168476189484,ax_thermal,950,0.971607248377305,0,,1129.32890026055,2493.25945604326,Aves,100km,SES.litter_size.var,Endotherm,var,litter_size,0.951036721886146
0.135379499908917,0.0717224606059611,1.887546784719,0.0590868199169767,ax_water,950,0.971607248377305,0,,1129.32890026055,2493.25945604326,Aves,100km,SES.litter_size.var,Endotherm,var,litter_size,0.116469212336348
-0.149993443920568,0.0621591861213148,-2.41305353689523,0.015819495708268,ax_productivity,950,0.971607248377305,0,,1129.32890026055,2493.25945604326,Aves,100km,SES.litter_size.var,Endotherm,var,litter_size,0.0383219689240171
-0.0996813586601906,0.0216912485460298,-4.59546431588123,4.31786685806124e-06,ax_structure,950,0.971607248377305,0,,1129.32890026055,2493.25945604326,Aves,100km,SES.litter_size.var,Endotherm,var,litter_size,2.78791403433875e-05
-0.0198544398563334,0.0362852870489284,-0.547176044923138,0.584257792044379,ax_human,950,0.971607248377305,0,,1129.32890026055,2493.25945604326,Aves,100km,SES.litter_size.var,Endotherm,var,litter_size,0.697367379150496
0.19327146097951,0.0978862768131073,1.97444899603772,0.0483307115233214,ax_thermal,950,0.984768324998592,0,,1110.77151286606,2922.02261200857,Aves,100km,SES.diet_breadth.skew,Endotherm,skew,diet_breadth,0.098707804356472
-0.148906613875957,0.0710406839155582,-2.09607517367026,0.0360755229251286,ax_water,950,0.984768324998592,0,,1110.77151286606,2922.02261200857,Aves,100km,SES.diet_breadth.skew,Endotherm,skew,diet_breadth,0.0770362729130351
-0.0221761455695521,0.0616049104522019,-0.359973667793222,0.718866825440105,ax_productivity,950,0.984768324998592,0,,1110.77151286606,2922.02261200857,Aves,100km,SES.diet_breadth.skew,Endotherm,skew,diet_breadth,0.806389598988901
0.0460971206794958,0.0213344933085139,2.16068504711569,0.0307196767481281,ax_structure,950,0.984768324998592,0,,1110.77151286606,2922.02261200857,Aves,100km,SES.diet_breadth.skew,Endotherm,skew,diet_breadth,0.0664647359722034
0.00516124055651302,0.0358413933862948,0.144002229513951,0.885498709090282,ax_human,950,0.984768324998592,0,,1110.77151286606,2922.02261200857,Aves,100km,SES.diet_breadth.skew,Endotherm,skew,diet_breadth,0.926266300508493
0.205640397190042,0.142246163091367,1.44566568771319,0.148270992720821,ax_thermal,950,0.979571836170938,0,,1827.13734648386,3510.14326584946,Aves,100km,SES.diet_vert.skew,Endotherm,skew,diet_vert,0.247874034721863
0.126996805238294,0.103624733297884,1.22554530367981,0.220369831664671,ax_water,950,0.979571836170938,0,,1827.13734648386,3510.14326584946,Aves,100km,SES.diet_vert.skew,Endotherm,skew,diet_vert,0.335567803091978
0.27501048310361,0.0898469690749461,3.0608765764175,0.00220690046193672,ax_productivity,950,0.979571836170938,0,,1827.13734648386,3510.14326584946,Aves,100km,SES.diet_vert.skew,Endotherm,skew,diet_vert,0.00704147229100433
0.34011194903319,0.0311993380775226,10.9012552826632,0,ax_structure,950,0.979571836170938,0,,1827.13734648386,3510.14326584946,Aves,100km,SES.diet_vert.skew,Endotherm,skew,diet_vert,0
-0.0156916842275536,0.0523367598881589,-0.29982146890801,0.7643133384346,ax_human,950,0.979571836170938,0,,1827.13734648386,3510.14326584946,Aves,100km,SES.diet_vert.skew,Endotherm,skew,diet_vert,0.839567230430505
1.10810128123727,0.127659480309109,8.68013310530616,0,ax_thermal,950,0.979149111052304,0,,1622.19541862407,3216.79913075156,Aves,100km,SES.diet_plant.skew,Endotherm,skew,diet_plant,0
0.156009073110457,0.0930293993936512,1.67698678189149,0.0935450666333939,ax_water,950,0.979149111052304,0,,1622.19541862407,3216.79913075156,Aves,100km,SES.diet_plant.skew,Endotherm,skew,diet_plant,0.17122088089148
0.358733238756753,0.0806589914207642,4.44752943767164,8.6863557982042e-06,ax_productivity,950,0.979149111052304,0,,1622.19541862407,3216.79913075156,Aves,100km,SES.diet_plant.skew,Endotherm,skew,diet_plant,5.16145779313583e-05
-0.0868286831453047,0.0280154801258059,-3.09931090794779,0.00193971351645139,ax_structure,950,0.979149111052304,0,,1622.19541862407,3216.79913075156,Aves,100km,SES.diet_plant.skew,Endotherm,skew,diet_plant,0.00631176620432596
0.135862204465078,0.0469896270146722,2.89132332169089,0.00383623225820196,ax_human,950,0.979149111052304,0,,1622.19541862407,3216.79913075156,Aves,100km,SES.diet_plant.skew,Endotherm,skew,diet_plant,0.0114806950792905
-0.16042305411244,0.095658582065244,-1.6770377591738,0.0935350983971861,ax_thermal,950,0.961162152121774,0,,1113.81433045972,2306.88457808785,Aves,100km,SES.litter_size.skew,Endotherm,skew,litter_size,0.17122088089148
-0.131211780057513,0.0709250731133146,-1.85000556640782,0.0643127473103988,ax_water,950,0.961162152121774,0,,1113.81433045972,2306.88457808785,Aves,100km,SES.litter_size.skew,Endotherm,skew,litter_size,0.124378426402186
-0.278665911807004,0.061409131898848,-4.53785785908873,5.68285420055048e-06,ax_productivity,950,0.961162152121774,0,,1113.81433045972,2306.88457808785,Aves,100km,SES.litter_size.skew,Endotherm,skew,litter_size,3.5572064461461e-05
-0.0686163013907341,0.0215971651404372,-3.17709759334392,0.00148756968653485,ax_structure,950,0.961162152121774,0,,1113.81433045972,2306.88457808785,Aves,100km,SES.litter_size.skew,Endotherm,skew,litter_size,0.00499920960228925
0.0497750828450537,0.0359623538743534,1.38408856714329,0.166331337211015,ax_human,950,0.961162152121774,0,,1113.81433045972,2306.88457808785,Aves,100km,SES.litter_size.skew,Endotherm,skew,litter_size,0.268689841889204
-0.120609567197573,0.113780991551882,-1.06001508294623,0.289137737558201,ax_thermal,950,0.980756568206775,0,,1401.23905050445,2839.9331652357,Aves,100km,SES.diet_breadth.kurt,Endotherm,kurt,diet_breadth,0.410906316807148
-0.220445245304063,0.0828126978462369,-2.66197396096643,0.00776838877381003,ax_water,950,0.980756568206775,0,,1401.23905050445,2839.9331652357,Aves,100km,SES.diet_breadth.kurt,Endotherm,kurt,diet_breadth,0.0211279562007437
0.00750048344530157,0.0718052574018993,0.10445590917279,0.916807556190801,ax_productivity,950,0.980756568206775,0,,1401.23905050445,2839.9331652357,Aves,100km,SES.diet_breadth.kurt,Endotherm,kurt,diet_breadth,0.946828962312918
0.118939430048789,0.0249180901845038,4.77321613205958,1.81307035851397e-06,ax_structure,950,0.980756568206775,0,,1401.23905050445,2839.9331652357,Aves,100km,SES.diet_breadth.kurt,Endotherm,kurt,diet_breadth,1.27163840447955e-05
-0.0361058155982667,0.0418151014983243,-0.863463540790727,0.387882656867226,ax_human,950,0.980756568206775,0,,1401.23905050445,2839.9331652357,Aves,100km,SES.diet_breadth.kurt,Endotherm,kurt,diet_breadth,0.511356557284768
0.275652709272849,0.17166261187968,1.6057818662695,0.108321846307692,ax_thermal,950,0.969978878583765,0,,2202.23784034032,3700.58324132494,Aves,100km,SES.diet_vert.kurt,Endotherm,kurt,diet_vert,0.190609257451304
0.121736727446939,0.126111407297323,0.965310990146435,0.334389068767591,ax_water,950,0.969978878583765,0,,2202.23784034032,3700.58324132494,Aves,100km,SES.diet_vert.kurt,Endotherm,kurt,diet_vert,0.456617879083138
0.297158236700097,0.109282942118154,2.71916395130374,0.00654471594183304,ax_productivity,950,0.969978878583765,0,,2202.23784034032,3700.58324132494,Aves,100km,SES.diet_vert.kurt,Endotherm,kurt,diet_vert,0.0181920917705189
0.383977917501911,0.0381783342692824,10.0574822042682,0,ax_structure,950,0.969978878583765,0,,2202.23784034032,3700.58324132494,Aves,100km,SES.diet_vert.kurt,Endotherm,kurt,diet_vert,0
-0.028621101484723,0.0638235690681804,-0.448440942783192,0.653834998881,ax_human,950,0.969978878583765,0,,2202.23784034032,3700.58324132494,Aves,100km,SES.diet_vert.kurt,Endotherm,kurt,diet_vert,0.75662204232234
1.11374990183818,0.140315310526543,7.93747950710978,1.99840144432528e-15,ax_thermal,950,0.978221203040028,0,,1803.22217592327,3398.05378209415,Aves,100km,SES.diet_plant.kurt,Endotherm,kurt,diet_plant,5.37275142408764e-14
0.259831466136226,0.102328021231004,2.53920151108621,0.0111105807977512,ax_water,950,0.978221203040028,0,,1803.22217592327,3398.05378209415,Aves,100km,SES.diet_plant.kurt,Endotherm,kurt,diet_plant,0.0283821690160622
0.525032652457638,0.088717604815211,5.91802104611845,3.25838289683134e-09,ax_productivity,950,0.978221203040028,0,,1803.22217592327,3398.05378209415,Aves,100km,SES.diet_plant.kurt,Endotherm,kurt,diet_plant,3.49264571947934e-08
-0.0111795033686081,0.0308308819267074,-0.362607316754174,0.716898243790974,ax_structure,950,0.978221203040028,0,,1803.22217592327,3398.05378209415,Aves,100km,SES.diet_plant.kurt,Endotherm,kurt,diet_plant,0.806309536220053
0.194325054264274,0.0516964611419481,3.75896241196658,0.000170619465664101,ax_human,950,0.978221203040028,0,,1803.22217592327,3398.05378209415,Aves,100km,SES.diet_plant.kurt,Endotherm,kurt,diet_plant,0.000726794606984743
-0.45064384270143,0.0957499672616812,-4.70646471836211,2.52049583426839e-06,ax_thermal,950,0.970626274582708,0,,1091.59098861799,2642.74623944785,Aves,100km,SES.litter_size.kurt,Endotherm,kurt,litter_size,1.70107537786015e-05
-0.258181294787684,0.0702985818056452,-3.67263873831024,0.000240058742972948,ax_water,950,0.970626274582708,0,,1091.59098861799,2642.74623944785,Aves,100km,SES.litter_size.kurt,Endotherm,kurt,litter_size,0.000984240846189088
0.0589721917817722,0.0609208356932055,0.968013506557156,0.333037624269299,ax_productivity,950,0.970626274582708,0,,1091.59098861799,2642.74623944785,Aves,100km,SES.litter_size.kurt,Endotherm,kurt,litter_size,0.455151419834709
0.106349928063852,0.0212733340251065,4.99921300245364,5.75647842948612e-07,ax_structure,950,0.970626274582708,0,,1091.59098861799,2642.74623944785,Aves,100km,SES.litter_size.kurt,Endotherm,kurt,litter_size,4.4115068338118e-06
0.114710658363151,0.0355723920784246,3.2247102784163,0.00126100211847358,ax_human,950,0.970626274582708,0,,1091.59098861799,2642.74623944785,Aves,100km,SES.litter_size.kurt,Endotherm,kurt,litter_size,0.00437218493508808
0.302662778924378,0.104592085754812,2.89374455763211,0.0038067771437964,ax_thermal,950,0.957848239492776,0,,1293.22565272905,2432.48327866322,Aves,100km,SES.FDis,Endotherm,multivariate,SES.FDis,0.0114552559923415
0.521644780864328,0.0778420765043026,6.70132149976106,2.06543671055215e-11,ax_water,950,0.957848239492776,0,,1293.22565272905,2432.48327866322,Aves,100km,SES.FDis,Endotherm,multivariate,SES.FDis,3.05163622099597e-10
0.202385552241213,0.0673710421682452,3.00404366219833,0.00266417088601445,ax_productivity,950,0.957848239492776,0,,1293.22565272905,2432.48327866322,Aves,100km,SES.FDis,Endotherm,multivariate,SES.FDis,0.00829077846881157
-0.0987879848028496,0.0237596596427597,-4.15780302782886,3.21322891505549e-05,ax_structure,950,0.957848239492776,0,,1293.22565272905,2432.48327866322,Aves,100km,SES.FDis,Endotherm,multivariate,SES.FDis,0.000165194213814765
0.00115211184155083,0.0394975474646027,0.0291691994948127,0.976729646018754,ax_human,950,0.957848239492776,0,,1293.22565272905,2432.48327866322,Aves,100km,SES.FDis,Endotherm,multivariate,SES.FDis,0.98392912743904
0.447514299868953,0.0807357975699589,5.54294765566877,2.97421793860053e-08,ax_thermal,950,0.946902042921904,0,,837.831821485046,1941.01679590083,Aves,100km,SES.FRic,Endotherm,multivariate,SES.FRic,2.77143035187777e-07
0.234563603003769,0.0609041088378468,3.8513592511185,0.00011746403406554,ax_water,950,0.946902042921904,0,,837.831821485046,1941.01679590083,Aves,100km,SES.FRic,Endotherm,multivariate,SES.FRic,0.000522062373624621
0.183572315877913,0.0526235467651157,3.4884063724797,0.000485908963983039,ax_productivity,950,0.946902042921904,0,,837.831821485046,1941.01679590083,Aves,100km,SES.FRic,Endotherm,multivariate,SES.FRic,0.001857554081427
-0.0484745899029549,0.018746824199347,-2.58574942547568,0.00971675408543926,ax_structure,950,0.946902042921904,0,,837.831821485046,1941.01679590083,Aves,100km,SES.FRic,Endotherm,multivariate,SES.FRic,0.0253346211448655
0.0221205984463076,0.0309740800809541,0.714164823894463,0.475125265446606,ax_human,950,0.946902042921904,0,,837.831821485046,1941.01679590083,Aves,100km,SES.FRic,Endotherm,multivariate,SES.FRic,0.598008776156895
0.243509549861043,0.100869462389599,2.41410575700811,0.0157738831482286,ax_thermal,950,0.958871232553955,0,,1221.28215429714,2353.23309562222,Aves,100km,SES.RaoQ,Endotherm,multivariate,SES.RaoQ,0.0382680005371226
0.467889515538583,0.0749828122055367,6.23995688846722,4.37691438648358e-10,ax_water,950,0.958871232553955,0,,1221.28215429714,2353.23309562222,Aves,100km,SES.RaoQ,Endotherm,multivariate,SES.RaoQ,5.43798454078263e-09
0.157988718414472,0.0649047678594422,2.43416198262372,0.0149263137215963,ax_productivity,950,0.958871232553955,0,,1221.28215429714,2353.23309562222,Aves,100km,SES.RaoQ,Endotherm,multivariate,SES.RaoQ,0.0365906644296231
-0.0979497605233617,0.022869979007312,-4.28289682697326,1.8447572428526e-05,ax_structure,950,0.958871232553955,0,,1221.28215429714,2353.23309562222,Aves,100km,SES.RaoQ,Endotherm,multivariate,SES.RaoQ,0.000103609653365694
-0.00786468825831005,0.0380384435026279,-0.206756311092664,0.836200177534846,ax_human,950,0.958871232553955,0,,1221.28215429714,2353.23309562222,Aves,100km,SES.RaoQ,Endotherm,multivariate,SES.RaoQ,0.895149015115631
0.182028025248635,0.0916972628548194,1.98509769628383,0.0471336030634175,ax_thermal,950,0.954771482394126,1.11253692925362e-308,,1052.86822121594,2111.28863506068,Aves,100km,SES.trait_vol,Endotherm,multivariate,SES.trait_vol,0.0971094334472421
0.407403936359789,0.0684943041125403,5.94799730632199,2.71443068022847e-09,ax_water,950,0.954771482394126,1.11253692925362e-308,,1052.86822121594,2111.28863506068,Aves,100km,SES.trait_vol,Endotherm,multivariate,SES.trait_vol,2.96777754371647e-08
0.121909517714028,0.0592560623488332,2.05733410020331,0.039654099360358,ax_productivity,950,0.954771482394126,1.11253692925362e-308,,1052.86822121594,2111.28863506068,Aves,100km,SES.trait_vol,Endotherm,multivariate,SES.trait_vol,0.083482314442859
-0.0738778349166375,0.0209541235952904,-3.52569433795084,0.000422374154429139,ax_structure,950,0.954771482394126,1.11253692925362e-308,,1052.86822121594,2111.28863506068,Aves,100km,SES.trait_vol,Endotherm,multivariate,SES.trait_vol,0.00163770544407697
0.000883832771201498,0.0347771256052097,0.025414198437064,0.979724586051113,ax_human,950,0.954771482394126,1.11253692925362e-308,,1052.86822121594,2111.28863506068,Aves,100km,SES.trait_vol,Endotherm,multivariate,SES.trait_vol,0.985735166333635
0.557687669259319,0.0976909132013106,5.70869542502994,1.13845408655777e-08,ax_thermal,950,0.93832642984842,0,,1232.39125998649,2208.19863454134,Aves,100km,SES.trait_dens,Endotherm,multivariate,SES.trait_dens,1.13155436482106e-07
0.109494967933694,0.0745459399512929,1.46882537137818,0.141880160590135,ax_water,950,0.93832642984842,0,,1232.39125998649,2208.19863454134,Aves,100km,SES.trait_dens,Endotherm,multivariate,SES.trait_dens,0.23889472625033
0.234507324773256,0.0643023856396162,3.64694594828187,0.000265375720043703,ax_productivity,950,0.93832642984842,0,,1232.39125998649,2208.19863454134,Aves,100km,SES.trait_dens,Endotherm,multivariate,SES.trait_dens,0.00107460785400413
-0.0338776610224036,0.0231102521596846,-1.46591481513571,0.142671495318683,ax_structure,950,0.93832642984842,0,,1232.39125998649,2208.19863454134,Aves,100km,SES.trait_dens,Endotherm,multivariate,SES.trait_dens,0.239980771612964
0.00324937861799184,0.0379773058567064,0.085561061920827,0.931815352989557,ax_human,950,0.93832642984842,0,,1232.39125998649,2208.19863454134,Aves,100km,SES.trait_dens,Endotherm,multivariate,SES.trait_dens,0.956306119463625
-0.477871607226976,0.111903507835355,-4.27038987848417,1.95131551405936e-05,ax_thermal,951,0.972637017198324,0,,1435.79214668595,3402.21911271837,Mammalia,100km,SES.body_mass.mean,Endotherm,mean,body_mass,0.000108848892620998
-0.36070244134668,0.0801618215965589,-4.49967870193913,6.80562476818025e-06,ax_water,951,0.972637017198324,0,,1435.79214668595,3402.21911271837,Mammalia,100km,SES.body_mass.mean,Endotherm,mean,body_mass,4.18023394000585e-05
-0.0579592338352794,0.0657514232312889,-0.881490179024727,0.378052567312817,ax_productivity,951,0.972637017198324,0,,1435.79214668595,3402.21911271837,Mammalia,100km,SES.body_mass.mean,Endotherm,mean,body_mass,0.500408563674753
0.1014928308986,0.0254347586124337,3.99032019313072,6.59841560279872e-05,ax_structure,951,0.972637017198324,0,,1435.79214668595,3402.21911271837,Mammalia,100km,SES.body_mass.mean,Endotherm,mean,body_mass,0.000311855953561669
-0.115342892829696,0.0408459303729601,-2.8238527504824,0.00474501790411863,ax_human,951,0.972637017198324,0,,1435.79214668595,3402.21911271837,Mammalia,100km,SES.body_mass.mean,Endotherm,mean,body_mass,0.0136763257693402
-0.524571205856757,0.113814466928423,-4.60900287998237,4.04604729098423e-06,ax_thermal,951,0.972756080912398,0,,1467.78578390314,3443.89386756353,Mammalia,100km,SES.body_length.mean,Endotherm,mean,body_length,2.643632492914e-05
-0.343116905033134,0.0815231890289132,-4.20882584599878,2.56701141014837e-05,ax_water,951,0.972756080912398,0,,1467.78578390314,3443.89386756353,Mammalia,100km,SES.body_length.mean,Endotherm,mean,body_length,0.000135366518091425
-0.0702714771825748,0.0668677717782654,-1.05090203118471,0.293303587424851,ax_productivity,951,0.972756080912398,0,,1467.78578390314,3443.89386756353,Mammalia,100km,SES.body_length.mean,Endotherm,mean,body_length,0.415386773209634
0.0923730220217643,0.0258648898812456,3.57136730316193,0.00035512245911451,ax_structure,951,0.972756080912398,0,,1467.78578390314,3443.89386756353,Mammalia,100km,SES.body_length.mean,Endotherm,mean,body_length,0.00138997812159379
-0.119240295546276,0.0415381473012231,-2.87062142376207,0.00409665825866212,ax_human,951,0.972756080912398,0,,1467.78578390314,3443.89386756353,Mammalia,100km,SES.body_length.mean,Endotherm,mean,body_length,0.0121054406201908
0.744443797169454,0.11155766024196,6.67317506977841,2.50326426254333e-11,ax_thermal,951,0.939320606769199,0,,1521.78083651772,2690.22933042408,Mammalia,100km,SES.nocturnality.mean,Endotherm,mean,nocturnality,3.66549409872416e-10
0.263260196983001,0.0826099426457837,3.18678585835379,0.00143863245933828,ax_water,951,0.939320606769199,0,,1521.78083651772,2690.22933042408,Mammalia,100km,SES.nocturnality.mean,Endotherm,mean,nocturnality,0.00487470502750989
0.206067257837688,0.0677330457353641,3.04234448045939,0.00234743082984545,ax_productivity,951,0.939320606769199,0,,1521.78083651772,2690.22933042408,Mammalia,100km,SES.nocturnality.mean,Endotherm,mean,nocturnality,0.00744639566914225
-0.0159637773313814,0.0268581154940411,-0.594374439074969,0.552261700733345,ax_structure,951,0.939320606769199,0,,1521.78083651772,2690.22933042408,Mammalia,100km,SES.nocturnality.mean,Endotherm,mean,nocturnality,0.667434922035878
0.0985106808163843,0.0425309251814089,2.31621297670348,0.0205466430069754,ax_human,951,0.939320606769199,0,,1521.78083651772,2690.22933042408,Mammalia,100km,SES.nocturnality.mean,Endotherm,mean,nocturnality,0.047796446143886
0.60305278447274,0.138248428277582,4.36209504864607,1.28822878000534e-05,ax_thermal,951,0.970441274435453,0,,1842.00165955959,3039.5070361702,Mammalia,100km,SES.verticality.mean,Endotherm,mean,verticality,7.36130731431623e-05
0.397313650909145,0.0992070588903534,4.00489295170284,6.2045572054803e-05,ax_water,951,0.970441274435453,0,,1842.00165955959,3039.5070361702,Mammalia,100km,SES.verticality.mean,Endotherm,mean,verticality,0.000297406297774058
0.4538555790504,0.0813789024763736,5.57706684705125,2.44607891719539e-08,ax_productivity,951,0.970441274435453,0,,1842.00165955959,3039.5070361702,Mammalia,100km,SES.verticality.mean,Endotherm,mean,verticality,2.2923253852574e-07
-0.0293610431200613,0.0315193395990617,-0.931524692253872,0.351582217892025,ax_structure,951,0.970441274435453,0,,1842.00165955959,3039.5070361702,Mammalia,100km,SES.verticality.mean,Endotherm,mean,verticality,0.474173385972796
0.0414791589764995,0.0505832381973476,0.820017864705913,0.412205923064783,ax_human,951,0.970441274435453,0,,1842.00165955959,3039.5070361702,Mammalia,100km,SES.verticality.mean,Endotherm,mean,verticality,0.533979236829577
-0.231140102487646,0.11018185379475,-2.09780553264442,0.0359223275889258,ax_thermal,951,0.959906388574156,0,,1434.44898347633,2857.28567677239,Mammalia,100km,SES.habitat_breadth.mean,Endotherm,mean,habitat_breadth,0.0768091489515492
-0.0939537490743588,0.0798101993071205,-1.17721481577576,0.239109776621065,ax_water,951,0.959906388574156,0,,1434.44898347633,2857.28567677239,Mammalia,100km,SES.habitat_breadth.mean,Endotherm,mean,habitat_breadth,0.353916997886774
-0.0542456253902824,0.0654780386647414,-0.82845525761743,0.407412723739553,ax_productivity,951,0.959906388574156,0,,1434.44898347633,2857.28567677239,Mammalia,100km,SES.habitat_breadth.mean,Endotherm,mean,habitat_breadth,0.529023647611138
0.0478538109662128,0.0255338811513385,1.87412993279732,0.0609125185694044,ax_structure,951,0.959906388574156,0,,1434.44898347633,2857.28567677239,Mammalia,100km,SES.habitat_breadth.mean,Endotherm,mean,habitat_breadth,0.119350693493218
0.0366207890228486,0.0408238798891212,0.897043326658606,0.369695798070142,ax_human,951,0.959906388574156,0,,1434.44898347633,2857.28567677239,Mammalia,100km,SES.habitat_breadth.mean,Endotherm,mean,habitat_breadth,0.49172839321576
-0.453136355419814,0.169253289001389,-2.67726765071074,0.0074225314536871,ax_thermal,951,0.963618420504782,0,,2241.65801054226,3519.58591838741,Mammalia,100km,SES.range_size.mean,Endotherm,mean,range_size,0.0202652234387616
-1.37360222913703,0.122173355158191,-11.2430589088634,0,ax_water,951,0.963618420504782,0,,2241.65801054226,3519.58591838741,Mammalia,100km,SES.range_size.mean,Endotherm,mean,range_size,0
0.262296760748024,0.100231843335562,2.61690049807715,0.00887322028321691,ax_productivity,951,0.963618420504782,0,,2241.65801054226,3519.58591838741,Mammalia,100km,SES.range_size.mean,Endotherm,mean,range_size,0.023433303163407
-0.162630836058884,0.0389871118644221,-4.17139993914998,3.02733988037929e-05,ax_structure,951,0.963618420504782,0,,2241.65801054226,3519.58591838741,Mammalia,100km,SES.range_size.mean,Endotherm,mean,range_size,0.000156619476461263
0.275773802111831,0.0624217833654546,4.41790969824245,9.96600394076452e-06,ax_human,951,0.963618420504782,0,,2241.65801054226,3519.58591838741,Mammalia,100km,SES.range_size.mean,Endotherm,mean,range_size,5.85815285406947e-05
-0.111236462078583,0.101870943941107,-1.09193512669216,0.274861616694632,ax_thermal,951,0.942695248767334,0,,1337.32501613346,2691.72813529492,Mammalia,100km,SES.body_mass.var,Endotherm,var,body_mass,0.394377122816445
0.23602411824382,0.0751437089730126,3.14096976938663,0.00168389412762271,ax_water,951,0.942695248767334,0,,1337.32501613346,2691.72813529492,Mammalia,100km,SES.body_mass.var,Endotherm,var,body_mass,0.00561856077901712
0.0531275781039878,0.0616227366603504,0.862142465317861,0.38860912567979,ax_productivity,951,0.942695248767334,0,,1337.32501613346,2691.72813529492,Mammalia,100km,SES.body_mass.var,Endotherm,var,body_mass,0.511491947122677
0.182943423324192,0.024361745565461,7.50945464201719,5.92859095149834e-14,ax_structure,951,0.942695248767334,0,,1337.32501613346,2691.72813529492,Mammalia,100km,SES.body_mass.var,Endotherm,var,body_mass,1.26271287798146e-12
-0.139339933098107,0.0386455386464178,-3.60558910494118,0.000311445600721161,ax_human,951,0.942695248767334,0,,1337.32501613346,2691.72813529492,Mammalia,100km,SES.body_mass.var,Endotherm,var,body_mass,0.0012427513021477
0.0277200066619473,0.103996342984238,0.266547898382818,0.789817275587614,ax_thermal,951,0.924285437641501,0,,1444.86952366478,2538.58421812575,Mammalia,100km,SES.body_length.var,Endotherm,var,body_length,0.858952474776981
0.214549575797367,0.0784314494021911,2.73550441095601,0.00622847515548375,ax_water,951,0.924285437641501,0,,1444.86952366478,2538.58421812575,Mammalia,100km,SES.body_length.var,Endotherm,var,body_length,0.0174404988670841
0.131682112682259,0.0642301697436653,2.05015981131276,0.0403488383326829,ax_productivity,951,0.924285437641501,0,,1444.86952366478,2538.58421812575,Mammalia,100km,SES.body_length.var,Endotherm,var,body_length,0.08472739419411
0.170808472402421,0.025840991283019,6.6099814256996,3.84368092909426e-11,ax_structure,951,0.924285437641501,0,,1444.86952366478,2538.58421812575,Mammalia,100km,SES.body_length.var,Endotherm,var,body_length,5.52950589799525e-10
-0.122461860045599,0.0405728012267287,-3.0183240087678,0.00254176987222432,ax_human,951,0.924285437641501,0,,1444.86952366478,2538.58421812575,Mammalia,100km,SES.body_length.var,Endotherm,var,body_length,0.00798563714645189
0.184819831186218,0.100200549254705,1.84449918249864,0.0651104248550312,ax_thermal,951,0.934150643942204,0,,1336.24859577762,2483.43556509696,Mammalia,100km,SES.nocturnality.var,Endotherm,var,nocturnality,0.125624819720295
-0.103299960915684,0.0746559921481228,-1.38367943340341,0.166456633755751,ax_water,951,0.934150643942204,0,,1336.24859577762,2483.43556509696,Mammalia,100km,SES.nocturnality.var,Endotherm,var,nocturnality,0.268689841889204
-0.0116565286284807,0.061190468952665,-0.190495821130213,0.848920617487837,ax_productivity,951,0.934150643942204,0,,1336.24859577762,2483.43556509696,Mammalia,100km,SES.nocturnality.var,Endotherm,var,nocturnality,0.903910322847945
-0.0240909318251929,0.0243804032352358,-0.988126881772632,0.323090511938765,ax_structure,951,0.934150643942204,0,,1336.24859577762,2483.43556509696,Mammalia,100km,SES.nocturnality.var,Endotherm,var,nocturnality,0.445570975253039
-0.0772931747814606,0.0384991432689242,-2.00765960534634,0.0446794759250264,ax_human,951,0.934150643942204,0,,1336.24859577762,2483.43556509696,Mammalia,100km,SES.nocturnality.var,Endotherm,var,nocturnality,0.0926453936717227
0.301066592425385,0.123191451271509,2.44389192040482,0.0145297785611447,ax_thermal,951,0.964400719767836,0,,1635.62870945703,2759.6392772283,Mammalia,100km,SES.verticality.var,Endotherm,var,verticality,0.0357253925641338
0.369010426382487,0.0888611926325783,4.15266119495227,3.28631110428912e-05,ax_water,951,0.964400719767836,0,,1635.62870945703,2759.6392772283,Mammalia,100km,SES.verticality.var,Endotherm,var,verticality,0.000167898760468354
0.00472136348727711,0.0729016644709289,0.0647634525431152,0.948362340978898,ax_productivity,951,0.964400719767836,0,,1635.62870945703,2759.6392772283,Mammalia,100km,SES.verticality.var,Endotherm,var,verticality,0.966986249426248
-0.073426027033301,0.0283418679889384,-2.59072644971597,0.00957735873163079,ax_structure,951,0.964400719767836,0,,1635.62870945703,2759.6392772283,Mammalia,100km,SES.verticality.var,Endotherm,var,verticality,0.0250508266664665
-0.048547694444355,0.0453908134708915,-1.06954889617671,0.284822408511817,ax_human,951,0.964400719767836,0,,1635.62870945703,2759.6392772283,Mammalia,100km,SES.verticality.var,Endotherm,var,verticality,0.407243897087515
-0.0196927659926756,0.083400289467197,-0.236123472933762,0.813336860080298,ax_thermal,951,0.945619852474235,1.22653903704326e-308,,947.044109355976,1868.48985057235,Mammalia,100km,SES.habitat_breadth.var,Endotherm,var,habitat_breadth,0.878168658254111
0.119559595447821,0.0613165896922076,1.94987353419322,0.0511911942871661,ax_water,951,0.945619852474235,1.22653903704326e-308,,947.044109355976,1868.48985057235,Mammalia,100km,SES.habitat_breadth.var,Endotherm,var,habitat_breadth,0.103391082057823
0.0376214986999596,0.0502903298206143,0.748086139704305,0.454408201663628,ax_productivity,951,0.945619852474235,1.22653903704326e-308,,947.044109355976,1868.48985057235,Mammalia,100km,SES.habitat_breadth.var,Endotherm,var,habitat_breadth,0.576356883780626
-0.064293340721319,0.0198314176280101,-3.24199418958886,0.00118696442393884,ax_structure,951,0.945619852474235,1.22653903704326e-308,,947.044109355976,1868.48985057235,Mammalia,100km,SES.habitat_breadth.var,Endotherm,var,habitat_breadth,0.00416835472218351
-0.0254551845077127,0.0315051584140188,-0.807968783181421,0.419108552907044,ax_human,951,0.945619852474235,1.22653903704326e-308,,947.044109355976,1868.48985057235,Mammalia,100km,SES.habitat_breadth.var,Endotherm,var,habitat_breadth,0.540360083936755
0.103252335862554,0.118001833351481,0.875006200581702,0.381570531915684,ax_thermal,951,0.920900791937035,1.61131861872678e-226,,1698.76381706404,2415.43188357576,Mammalia,100km,SES.range_size.var,Endotherm,var,range_size,0.50425114612548
0.949335163561271,0.0893758105050787,10.6218355749325,0,ax_water,951,0.920900791937035,1.61131861872678e-226,,1698.76381706404,2415.43188357576,Mammalia,100km,SES.range_size.var,Endotherm,var,range_size,0
-0.344008465543015,0.0731673192374509,-4.70166830120699,2.5804444510058e-06,ax_productivity,951,0.920900791937035,1.61131861872678e-226,,1698.76381706404,2415.43188357576,Mammalia,100km,SES.range_size.var,Endotherm,var,range_size,1.73439709002029e-05
0.0800087057720555,0.0295391280472598,2.70856694361625,0.00675744781098553,ax_structure,951,0.920900791937035,1.61131861872678e-226,,1698.76381706404,2415.43188357576,Mammalia,100km,SES.range_size.var,Endotherm,var,range_size,0.0186883885497745
-0.265174166056107,0.0462837395059923,-5.72931593009625,1.00836441419006e-08,ax_human,951,0.920900791937035,1.61131861872678e-226,,1698.76381706404,2415.43188357576,Mammalia,100km,SES.range_size.var,Endotherm,var,range_size,1.02081335757512e-07
0.391200393049214,0.104675512488534,3.73726752082598,0.000186030961313532,ax_thermal,951,0.963351976453739,0,,1328.32503181872,3019.24974240619,Mammalia,100km,SES.body_mass.skew,Endotherm,skew,body_mass,0.000780283315995379
0.36820913088739,0.0755770867896799,4.87196776864479,1.10492197635814e-06,ax_water,951,0.963351976453739,0,,1328.32503181872,3019.24974240619,Mammalia,100km,SES.body_mass.skew,Endotherm,skew,body_mass,8.12588359294777e-06
-0.00944652929584165,0.0620041160113336,-0.152353261420821,0.878908318637121,ax_productivity,951,0.963351976453739,0,,1328.32503181872,3019.24974240619,Mammalia,100km,SES.body_mass.skew,Endotherm,skew,body_mass,0.92279746643078
-0.0106998948555655,0.0241219810024655,-0.443574466561095,0.657350269553914,ax_structure,951,0.963351976453739,0,,1328.32503181872,3019.24974240619,Mammalia,100km,SES.body_mass.skew,Endotherm,skew,body_mass,0.758659002159337
0.120974868249883,0.0386175971959945,3.13263581977677,0.0017324425212808,ax_human,951,0.963351976453739,0,,1328.32503181872,3019.24974240619,Mammalia,100km,SES.body_mass.skew,Endotherm,skew,body_mass,0.00576309479695843
0.46218554318317,0.108759833845559,4.24959773145187,2.14154757987028e-05,ax_thermal,951,0.967336494357448,0,,1392.05342550147,3132.15558723884,Mammalia,100km,SES.body_length.skew,Endotherm,skew,body_length,0.000117071267699576
0.400801577917112,0.0782488745043596,5.12213856692318,3.02089758097424e-07,ax_water,951,0.967336494357448,0,,1392.05342550147,3132.15558723884,Mammalia,100km,SES.body_length.skew,Endotherm,skew,body_length,2.44052809497426e-06
-0.00236447186171751,0.0641921429071867,-0.0368342877279579,0.970617134936491,ax_productivity,951,0.967336494357448,0,,1392.05342550147,3132.15558723884,Mammalia,100km,SES.body_length.skew,Endotherm,skew,body_length,0.980783796238968
-0.00881821476778115,0.0249091518404954,-0.354015055359901,0.723327600406369,ax_structure,951,0.967336494357448,0,,1392.05342550147,3132.15558723884,Mammalia,100km,SES.body_length.skew,Endotherm,skew,body_length,0.808627992274333
0.117722631682565,0.0399343644538356,2.9479029726053,0.00319937464833875,ax_human,951,0.967336494357448,0,,1392.05342550147,3132.15558723884,Mammalia,100km,SES.body_length.skew,Endotherm,skew,body_length,0.00978913138670811
-0.59759299920938,0.134040557875973,-4.45829985102217,8.26122849373334e-06,ax_thermal,951,0.964482874316843,0,,1795.97103314402,3068.86983016244,Mammalia,100km,SES.nocturnality.skew,Endotherm,skew,nocturnality,4.9627892782867e-05
-0.190609053935101,0.0966797856408925,-1.97155023329385,0.0486609731687708,ax_water,951,0.964482874316843,0,,1795.97103314402,3068.86983016244,Mammalia,100km,SES.nocturnality.skew,Endotherm,skew,nocturnality,0.0991530097023617
-0.304876899569556,0.0793159499209368,-3.84382838348985,0.000121129728198888,ax_productivity,951,0.964482874316843,0,,1795.97103314402,3068.86983016244,Mammalia,100km,SES.nocturnality.skew,Endotherm,skew,nocturnality,0.000536899335800475
0.0939947751642218,0.03083388005212,3.04842514160845,0.0023004421940056,ax_structure,951,0.964482874316843,0,,1795.97103314402,3068.86983016244,Mammalia,100km,SES.nocturnality.skew,Endotherm,skew,nocturnality,0.00732567999644503
-0.134975322965392,0.0493833579634359,-2.73321476164763,0.00627194219040428,ax_human,951,0.964482874316843,0,,1795.97103314402,3068.86983016244,Mammalia,100km,SES.nocturnality.skew,Endotherm,skew,nocturnality,0.0175229730702947
-0.898482188781396,0.269143452188029,-3.33830223799649,0.000842920085836196,ax_thermal,951,0.930025744156804,0,,3231.0738265998,4140.28673370785,Mammalia,100km,SES.verticality.skew,Endotherm,skew,verticality,0.00307197542393636
-0.501806434666505,0.201537835994878,-2.48988698419515,0.0127783721455896,ax_water,951,0.930025744156804,0,,3231.0738265998,4140.28673370785,Mammalia,100km,SES.verticality.skew,Endotherm,skew,verticality,0.0320926957408377
-0.346949275601407,0.165133139750995,-2.10102754737524,0.0356385481386978,ax_productivity,951,0.930025744156804,0,,3231.0738265998,4140.28673370785,Mammalia,100km,SES.verticality.skew,Endotherm,skew,verticality,0.0763018524118335
0.173285156651526,0.0660566657053401,2.62328040329043,0.00870875654189152,ax_structure,951,0.930025744156804,0,,3231.0738265998,4140.28673370785,Mammalia,100km,SES.verticality.skew,Endotherm,skew,verticality,0.023110616065861
-0.00526269085137945,0.104066731442262,-0.0505703482606184,0.959667891241752,ax_human,951,0.930025744156804,0,,3231.0738265998,4140.28673370785,Mammalia,100km,SES.verticality.skew,Endotherm,skew,verticality,0.972740062365621
0.0992802548116173,0.0922697295124887,1.07597860464281,0.281936825184688,ax_thermal,951,0.950392039566692,0,,1124.08017301058,2326.46697453212,Mammalia,100km,SES.habitat_breadth.skew,Endotherm,skew,habitat_breadth,0.403822177557108
-0.0826184609037471,0.0674848950965458,-1.22425115702633,0.220857496153737,ax_water,951,0.950392039566692,0,,1124.08017301058,2326.46697453212,Mammalia,100km,SES.habitat_breadth.skew,Endotherm,skew,habitat_breadth,0.335743560385099
0.0710867602022452,0.0553586132000434,1.28411381884453,0.199102133573666,ax_productivity,951,0.950392039566692,0,,1124.08017301058,2326.46697453212,Mammalia,100km,SES.habitat_breadth.skew,Endotherm,skew,habitat_breadth,0.308786217850454
-0.129957480598908,0.0217438433667588,-5.97674837915648,2.27635377214597e-09,ax_structure,951,0.950392039566692,0,,1124.08017301058,2326.46697453212,Mammalia,100km,SES.habitat_breadth.skew,Endotherm,skew,habitat_breadth,2.53960556892475e-08
-0.0121637425689272,0.0346222069015217,-0.351327764966728,0.725342467468884,ax_human,951,0.950392039566692,0,,1124.08017301058,2326.46697453212,Mammalia,100km,SES.habitat_breadth.skew,Endotherm,skew,habitat_breadth,0.810328097172322
0.161075019799798,0.0979806955315276,1.64394648278414,0.100187257434029,ax_thermal,951,0.918931770840838,0,,1353.14981973165,2353.66392039529,Mammalia,100km,SES.range_size.skew,Endotherm,skew,range_size,0.180161296262946
-0.212971012934884,0.0743982184615375,-2.86258216041807,0.0042020430045695,ax_water,951,0.918931770840838,0,,1353.14981973165,2353.66392039529,Mammalia,100km,SES.range_size.skew,Endotherm,skew,range_size,0.0123722630655188
-0.204553274006961,0.0608927989572122,-3.35923586220262,0.000781583283824494,ax_productivity,951,0.918931770840838,0,,1353.14981973165,2353.66392039529,Mammalia,100km,SES.range_size.skew,Endotherm,skew,range_size,0.00286755388248808
0.0132379412662568,0.0246342317168255,0.537379911759742,0.591005216395288,ax_structure,951,0.918931770840838,0,,1353.14981973165,2353.66392039529,Mammalia,100km,SES.range_size.skew,Endotherm,skew,range_size,0.701845441628003
0.0343252272869839,0.0385513876282582,0.890375921561472,0.373264066954106,ax_human,951,0.918931770840838,0,,1353.14981973165,2353.66392039529,Mammalia,100km,SES.range_size.skew,Endotherm,skew,range_size,0.495231029147147
0.348459961652032,0.109383536248619,3.18567102145989,0.0014441871718871,ax_thermal,951,0.939238182151672,0,,1484.63786518285,2542.25938417252,Mammalia,100km,SES.body_mass.kurt,Endotherm,kurt,body_mass,0.00488343703483473
0.273828149227898,0.0810077670680809,3.38027030170781,0.000724145751040739,ax_water,951,0.939238182151672,0,,1484.63786518285,2542.25938417252,Mammalia,100km,SES.body_mass.kurt,Endotherm,kurt,body_mass,0.00268081045532012
-0.177809855162531,0.0664190741305779,-2.67709024086909,0.00742646297969252,ax_productivity,951,0.939238182151672,0,,1484.63786518285,2542.25938417252,Mammalia,100km,SES.body_mass.kurt,Endotherm,kurt,body_mass,0.0202652234387616
-0.0634550783466282,0.0263390561928072,-2.4091629510991,0.0159891571982604,ax_structure,951,0.939238182151672,0,,1484.63786518285,2542.25938417252,Mammalia,100km,SES.body_mass.kurt,Endotherm,kurt,body_mass,0.0386585835224314
0.091551998944028,0.0417071536650902,2.195115007828,0.0281553489217845,ax_human,951,0.939238182151672,0,,1484.63786518285,2542.25938417252,Mammalia,100km,SES.body_mass.kurt,Endotherm,kurt,body_mass,0.0616929233175205
0.0734402101837649,0.11840362001544,0.620253081571226,0.535091179223314,ax_thermal,951,0.922087881221386,0,,1700.433048625,2664.96134930264,Mammalia,100km,SES.body_length.kurt,Endotherm,kurt,body_length,0.652453185075268
0.19576984259928,0.0895450940567894,2.18627100302248,0.0287957842798401,ax_water,951,0.922087881221386,0,,1700.433048625,2664.96134930264,Mammalia,100km,SES.body_length.kurt,Endotherm,kurt,body_length,0.0627993167805023
-0.228442774546539,0.0733151156723818,-3.11590280464626,0.00183382704839508,ax_productivity,951,0.922087881221386,0,,1700.433048625,2664.96134930264,Mammalia,100km,SES.body_length.kurt,Endotherm,kurt,body_length,0.00600294682508568
-0.143690545764095,0.0295624757056144,-4.86057213864553,1.17046981529256e-06,ax_structure,951,0.922087881221386,0,,1700.433048625,2664.96134930264,Mammalia,100km,SES.body_length.kurt,Endotherm,kurt,body_length,8.53142443146579e-06
0.0547760611143548,0.046354060742234,1.1816885130939,0.23732931785224,ax_human,951,0.922087881221386,0,,1700.433048625,2664.96134930264,Mammalia,100km,SES.body_length.kurt,Endotherm,kurt,body_length,0.351790534483392
-0.0240576205930332,0.174884201223153,-0.137563144210697,0.890585685192082,ax_thermal,951,0.952755016118937,0,,2333.09072243572,3360.61771371118,Mammalia,100km,SES.nocturnality.kurt,Endotherm,kurt,nocturnality,0.926850082134662
0.0729477299260374,0.127589210713948,0.571739017099057,0.567498797111544,ax_water,951,0.952755016118937,0,,2333.09072243572,3360.61771371118,Mammalia,100km,SES.nocturnality.kurt,Endotherm,kurt,nocturnality,0.679837857752324
0.391351879668113,0.10466892569489,3.73894999943828,0.000184790473158003,ax_productivity,951,0.952755016118937,0,,2333.09072243572,3360.61771371118,Mammalia,100km,SES.nocturnality.kurt,Endotherm,kurt,nocturnality,0.000777067630715705
-0.111315354766958,0.0410349213271023,-2.71269814019206,0.0066737869594613,ax_structure,951,0.952755016118937,0,,2333.09072243572,3360.61771371118,Mammalia,100km,SES.nocturnality.kurt,Endotherm,kurt,nocturnality,0.0184881936039131
0.250768261721454,0.0654092247369639,3.8338363240031,0.000126160104922501,ax_human,951,0.952755016118937,0,,2333.09072243572,3360.61771371118,Mammalia,100km,SES.nocturnality.kurt,Endotherm,kurt,nocturnality,0.000556189709873393
-1.5756709143518,0.461780770161977,-3.41216225569356,0.0006444973834423,ax_thermal,951,0.930968815142447,0,,4254.26882454092,5238.41998293426,Mammalia,100km,SES.verticality.kurt,Endotherm,kurt,verticality,0.0024187087158933
-0.932662565596251,0.34538758226099,-2.700336125262,0.00692694530523208,ax_water,951,0.930968815142447,0,,4254.26882454092,5238.41998293426,Mammalia,100km,SES.verticality.kurt,Endotherm,kurt,verticality,0.0190927568076985
0.045800229021539,0.283020851113651,0.161826341915519,0.871442608601647,ax_productivity,951,0.930968815142447,0,,4254.26882454092,5238.41998293426,Mammalia,100km,SES.verticality.kurt,Endotherm,kurt,verticality,0.917897159991458
0.151117054191514,0.113110158224321,1.33601664575358,0.181543832621132,ax_structure,951,0.930968815142447,0,,4254.26882454092,5238.41998293426,Mammalia,100km,SES.verticality.kurt,Endotherm,kurt,verticality,0.287385989863567
0.0551665305331823,0.178292084402341,0.309416599834524,0.757004644687561,ax_human,951,0.930968815142447,0,,4254.26882454092,5238.41998293426,Mammalia,100km,SES.verticality.kurt,Endotherm,kurt,verticality,0.833842412429559
0.0250794770179125,0.0847462219965886,0.295936224967316,0.767278785917317,ax_thermal,951,0.94421299348874,1.11253692925361e-308,,982.154378166399,1880.60424321937,Mammalia,100km,SES.habitat_breadth.kurt,Endotherm,kurt,habitat_breadth,0.84226051466158
0.0139580402011773,0.0624044460655818,0.223670604919857,0.8230136203477,ax_water,951,0.94421299348874,1.11253692925361e-308,,982.154378166399,1880.60424321937,Mammalia,100km,SES.habitat_breadth.kurt,Endotherm,kurt,habitat_breadth,0.884496944541433
0.0184710674239305,0.0511794212335881,0.360908095064746,0.718168151896983,ax_productivity,951,0.94421299348874,1.11253692925361e-308,,982.154378166399,1880.60424321937,Mammalia,100km,SES.habitat_breadth.kurt,Endotherm,kurt,habitat_breadth,0.806389598988901
-0.037593127675521,0.0202063906179095,-1.86045733680914,0.0628208491045887,ax_structure,951,0.94421299348874,1.11253692925361e-308,,982.154378166399,1880.60424321937,Mammalia,100km,SES.habitat_breadth.kurt,Endotherm,kurt,habitat_breadth,0.122068948497068
-0.0173105233734683,0.0320784225974936,-0.539631377473679,0.589451273094508,ax_human,951,0.94421299348874,1.11253692925361e-308,,982.154378166399,1880.60424321937,Mammalia,100km,SES.habitat_breadth.kurt,Endotherm,kurt,habitat_breadth,0.701015292150103
-0.0947164510710022,0.0890361236787106,-1.06379800869127,0.28742021361747,ax_thermal,951,0.928952077558183,0,,1131.19670675021,2137.98795313386,Mammalia,100km,SES.range_size.kurt,Endotherm,kurt,range_size,0.408819731424676
0.00917565290125626,0.0667594983837812,0.137443406906805,0.890680322831846,ax_water,951,0.928952077558183,0,,1131.19670675021,2137.98795313386,Mammalia,100km,SES.range_size.kurt,Endotherm,kurt,range_size,0.926850082134662
0.155017346472778,0.0546953872375539,2.83419414875891,0.00459414113822931,ax_productivity,951,0.928952077558183,0,,1131.19670675021,2137.98795313386,Mammalia,100km,SES.range_size.kurt,Endotherm,kurt,range_size,0.0133588501182554
-0.0494879566790832,0.0219023630566175,-2.25948024654496,0.0238535276967915,ax_structure,951,0.928952077558183,0,,1131.19670675021,2137.98795313386,Mammalia,100km,SES.range_size.kurt,Endotherm,kurt,range_size,0.0535887471544357
-0.0187232922077688,0.0344838925726824,-0.542957619076944,0.587158982738005,ax_human,951,0.928952077558183,0,,1131.19670675021,2137.98795313386,Mammalia,100km,SES.range_size.kurt,Endotherm,kurt,range_size,0.699303363609534
0.0172484556165799,0.100680674686144,0.17131843494642,0.863973385759199,ax_thermal,951,0.977518080917753,0,,1226.95893975757,3241.00689944715,Mammalia,100km,SES.diet_breadth.mean,Endotherm,mean,diet_breadth,0.914139582351669
-0.215025665062421,0.0718629763940751,-2.99216197062704,0.00277009250317928,ax_water,951,0.977518080917753,0,,1226.95893975757,3241.00689944715,Mammalia,100km,SES.diet_breadth.mean,Endotherm,mean,diet_breadth,0.00858781040683179
-0.161790653067488,0.0589319701390045,-2.74538001505579,0.00604408644197707,ax_productivity,951,0.977518080917753,0,,1226.95893975757,3241.00689944715,Mammalia,100km,SES.diet_breadth.mean,Endotherm,mean,diet_breadth,0.0170314463313443
-0.0302257853173583,0.0227385434821908,-1.32927534875009,0.183757144053606,ax_structure,951,0.977518080917753,0,,1226.95893975757,3241.00689944715,Mammalia,100km,SES.diet_breadth.mean,Endotherm,mean,diet_breadth,0.28977088100761
-0.0147346391625018,0.0365652648100385,-0.402968206002341,0.686971614011659,ax_human,951,0.977518080917753,0,,1226.95893975757,3241.00689944715,Mammalia,100km,SES.diet_breadth.mean,Endotherm,mean,diet_breadth,0.779677125937108
-0.0714517391343847,0.0946699185290437,-0.754745966243375,0.450401420408596,ax_thermal,951,0.957416711556768,0,,1152.4850083862,2446.34979401426,Mammalia,100km,SES.diet_vert.mean,Endotherm,mean,diet_vert,0.572159821433074
-0.243955127486629,0.0687408769271231,-3.54890915554165,0.000386830509961467,ax_water,951,0.957416711556768,0,,1152.4850083862,2446.34979401426,Mammalia,100km,SES.diet_vert.mean,Endotherm,mean,diet_vert,0.00151048103889716
-0.0724022911572977,0.0563959610369972,-1.28382050462443,0.199204767369378,ax_productivity,951,0.957416711556768,0,,1152.4850083862,2446.34979401426,Mammalia,100km,SES.diet_vert.mean,Endotherm,mean,diet_vert,0.308786217850454
0.0687318630340102,0.0220317078898825,3.11967929937803,0.00181048036707732,ax_structure,951,0.957416711556768,0,,1152.4850083862,2446.34979401426,Mammalia,100km,SES.diet_vert.mean,Endotherm,mean,diet_vert,0.0059608291889523
-0.0329133333894867,0.0351889749855284,-0.935330835951388,0.349617828612191,ax_human,951,0.957416711556768,0,,1152.4850083862,2446.34979401426,Mammalia,100km,SES.diet_vert.mean,Endotherm,mean,diet_vert,0.47191213080164
-0.164317117437706,0.10300466905698,-1.59523950653936,0.11065868738825,ax_thermal,951,0.972432877059465,0,,1278.55381785894,3057.69166829914,Mammalia,100km,SES.diet_plant.mean,Endotherm,mean,diet_plant,0.194304333315557
-0.175179609486199,0.0737989047270117,-2.3737426745587,0.0176088175490237,ax_water,951,0.972432877059465,0,,1278.55381785894,3057.69166829914,Mammalia,100km,SES.diet_plant.mean,Endotherm,mean,diet_plant,0.0420222235554153
-0.135413264606493,0.0605327904063561,-2.23702333392306,0.025284815021317,ax_productivity,951,0.972432877059465,0,,1278.55381785894,3057.69166829914,Mammalia,100km,SES.diet_plant.mean,Endotherm,mean,diet_plant,0.056264717279457
-0.0592911475628201,0.0234186853738718,-2.53178804088512,0.01134825673113,ax_structure,951,0.972432877059465,0,,1278.55381785894,3057.69166829914,Mammalia,100km,SES.diet_plant.mean,Endotherm,mean,diet_plant,0.0288992873277225
-0.0143581426991949,0.0376060140761057,-0.381804428146451,0.702606433975822,ax_human,951,0.972432877059465,0,,1278.55381785894,3057.69166829914,Mammalia,100km,SES.diet_plant.mean,Endotherm,mean,diet_plant,0.793514777566748
-0.181921133746933,0.134536728904857,-1.35220422874697,0.176309991299225,ax_thermal,951,0.984056750612292,0,,1770.9562371146,3515.56504991541,Mammalia,100km,SES.litter_size.mean,Endotherm,mean,litter_size,0.280906510146497
-0.181089953553052,0.0956278422279278,-1.89369486264708,0.0582655236278566,ax_water,951,0.984056750612292,0,,1770.9562371146,3515.56504991541,Mammalia,100km,SES.litter_size.mean,Endotherm,mean,litter_size,0.115405143417494
-0.45770952220433,0.0783901071670544,-5.83886843309093,5.25565502229597e-09,ax_productivity,951,0.984056750612292,0,,1770.9562371146,3515.56504991541,Mammalia,100km,SES.litter_size.mean,Endotherm,mean,litter_size,5.48998359016904e-08
-0.0210751990092512,0.0301578547227261,-0.698829515660793,0.484658580497523,ax_structure,951,0.984056750612292,0,,1770.9562371146,3515.56504991541,Mammalia,100km,SES.litter_size.mean,Endotherm,mean,litter_size,0.60601695663533
0.0407597101354239,0.0485677151830085,0.839234664052793,0.401337638835577,ax_human,951,0.984056750612292,0,,1770.9562371146,3515.56504991541,Mammalia,100km,SES.litter_size.mean,Endotherm,mean,litter_size,0.521961719024859
-0.17444602281715,0.0893104065326412,-1.95325527662214,0.050789354070508,ax_thermal,951,0.960005443421093,0,,1034.74489112432,2308.86962408552,Mammalia,100km,SES.diet_breadth.var,Endotherm,var,diet_breadth,0.1027059687739
-0.374875539611285,0.0646858238583837,-5.79532758880829,6.81879486208459e-09,ax_water,951,0.960005443421093,0,,1034.74489112432,2308.86962408552,Mammalia,100km,SES.diet_breadth.var,Endotherm,var,diet_breadth,7.0332223734709e-08
-0.332630782694341,0.0530696705048948,-6.26781322608101,3.66153551922821e-10,ax_productivity,951,0.960005443421093,0,,1034.74489112432,2308.86962408552,Mammalia,100km,SES.diet_breadth.var,Endotherm,var,diet_breadth,4.65497538878625e-09
0.011522448282307,0.0206936538132957,0.556810720149568,0.577656758697416,ax_structure,951,0.960005443421093,0,,1034.74489112432,2308.86962408552,Mammalia,100km,SES.diet_breadth.var,Endotherm,var,diet_breadth,0.690493501649972
-0.0815063042291125,0.0330865652926016,-2.46342597088305,0.0137616310746416,ax_human,951,0.960005443421093,0,,1034.74489112432,2308.86962408552,Mammalia,100km,SES.diet_breadth.var,Endotherm,var,diet_breadth,0.0341955681248669
0.00294655978146734,0.0799285022191494,0.0368649442896905,0.970592691140878,ax_thermal,951,0.960723681360775,0,,821.802806597517,2094.14584012002,Mammalia,100km,SES.diet_vert.var,Endotherm,var,diet_vert,0.980783796238968
-0.132252616844512,0.0578510275363183,-2.28608933110972,0.0222490330181391,ax_water,951,0.960723681360775,0,,821.802806597517,2094.14584012002,Mammalia,100km,SES.diet_vert.var,Endotherm,var,diet_vert,0.0508903963036933
-0.124793287472034,0.0474622215463196,-2.6293182958207,0.00855562400814636,ax_productivity,951,0.960723681360775,0,,821.802806597517,2094.14584012002,Mammalia,100km,SES.diet_vert.var,Endotherm,var,diet_vert,0.0228521553312053
0.0381453863978395,0.0184977952335831,2.06215853922882,0.0391926445712447,ax_structure,951,0.960723681360775,0,,821.802806597517,2094.14584012002,Mammalia,100km,SES.diet_vert.var,Endotherm,var,diet_vert,0.0827232137668486
-0.0492488370621278,0.0295840238128812,-1.66471056721785,0.0959705137259736,ax_human,951,0.960723681360775,0,,821.802806597517,2094.14584012002,Mammalia,100km,SES.diet_vert.var,Endotherm,var,diet_vert,0.174685507780907
0.181791965081786,0.101666624939479,1.78811842322891,0.0737569038672339,ax_thermal,951,0.974815959162088,0,,1249.59908252603,2593.70736076049,Mammalia,100km,SES.diet_plant.var,Endotherm,var,diet_plant,0.140001530488731
-0.142457965947115,0.0727080664731468,-1.95931445927982,0.0500759714403227,ax_water,951,0.974815959162088,0,,1249.59908252603,2593.70736076049,Mammalia,100km,SES.diet_plant.var,Endotherm,var,diet_plant,0.101513712190518
0.00301389739285905,0.0596324737228427,0.0505412102618267,0.959691110309497,ax_productivity,951,0.974815959162088,0,,1249.59908252603,2593.70736076049,Mammalia,100km,SES.diet_plant.var,Endotherm,var,diet_plant,0.972740062365621
0.0105267082272898,0.0230405513412728,0.45687744496084,0.647759136679772,ax_structure,951,0.974815959162088,0,,1249.59908252603,2593.70736076049,Mammalia,100km,SES.diet_plant.var,Endotherm,var,diet_plant,0.752888011449203
-0.0352391980770649,0.0370242353419872,-0.9517873293416,0.341204849274642,ax_human,951,0.974815959162088,0,,1249.59908252603,2593.70736076049,Mammalia,100km,SES.diet_plant.var,Endotherm,var,diet_plant,0.463608908707882
-0.529648770964778,0.113014432071539,-4.68655870986023,2.77837143936033e-06,ax_thermal,951,0.970165686191114,0,,1459.21700777526,3254.82423986887,Mammalia,100km,SES.litter_size.var,Endotherm,var,litter_size,1.84474864799633e-05
-0.0826144087294368,0.0811173542302439,-1.01845541577877,0.308461578349877,ax_water,951,0.970165686191114,0,,1459.21700777526,3254.82423986887,Mammalia,100km,SES.litter_size.var,Endotherm,var,litter_size,0.43145851209784
-0.141161241596627,0.066540579982584,-2.12143088673971,0.0338855583295654,ax_productivity,951,0.970165686191114,0,,1459.21700777526,3254.82423986887,Mammalia,100km,SES.litter_size.var,Endotherm,var,litter_size,0.072738633063465
-0.132968608836208,0.0257763749311369,-5.15854573001215,2.48875326347431e-07,ax_structure,951,0.970165686191114,0,,1459.21700777526,3254.82423986887,Mammalia,100km,SES.litter_size.var,Endotherm,var,litter_size,2.03062455328252e-06
-0.0673254805149278,0.0413631429065198,-1.62766839713033,0.103595217612471,ax_human,951,0.970165686191114,0,,1459.21700777526,3254.82423986887,Mammalia,100km,SES.litter_size.var,Endotherm,var,litter_size,0.185072066322933
-0.0157265902077007,0.0932739449631466,-0.168606465759698,0.866106194440218,ax_thermal,951,0.959442867495381,0,,1118.80234711192,2743.2213579373,Mammalia,100km,SES.diet_breadth.skew,Endotherm,skew,diet_breadth,0.915215308557962
0.255692704664773,0.0675931229208035,3.78282129328984,0.000155060744985613,ax_water,951,0.959442867495381,0,,1118.80234711192,2743.2213579373,Mammalia,100km,SES.diet_breadth.skew,Endotherm,skew,diet_breadth,0.000678132324737083
-0.0936536752597524,0.0554548537412008,-1.68882737833589,0.0912525154907233,ax_productivity,951,0.959442867495381,0,,1118.80234711192,2743.2213579373,Mammalia,100km,SES.diet_breadth.skew,Endotherm,skew,diet_breadth,0.167775323518476
0.0125293548258556,0.0216323416489125,0.579195494838419,0.562457270343491,ax_structure,951,0.959442867495381,0,,1118.80234711192,2743.2213579373,Mammalia,100km,SES.diet_breadth.skew,Endotherm,skew,diet_breadth,0.675772837628809
-0.0259241733936855,0.0345796606416279,-0.749694268615155,0.45343886019167,ax_human,951,0.959442867495381,0,,1118.80234711192,2743.2213579373,Mammalia,100km,SES.diet_breadth.skew,Endotherm,skew,diet_breadth,0.575572546992523
-0.0198277155418501,0.086308175853256,-0.229731602433145,0.818300336404884,ax_thermal,951,0.957603702595451,0,,976.093210647928,2179.59894751418,Mammalia,100km,SES.diet_vert.skew,Endotherm,skew,diet_vert,0.881163855353913
0.214039873646461,0.0626577279094753,3.4160171584213,0.000635442429233413,ax_water,951,0.957603702595451,0,,976.093210647928,2179.59894751418,Mammalia,100km,SES.diet_vert.skew,Endotherm,skew,diet_vert,0.00239569099756965
-0.0137767685430009,0.0514053325561293,-0.268002712130265,0.78869723110082,ax_productivity,951,0.957603702595451,0,,976.093210647928,2179.59894751418,Mammalia,100km,SES.diet_vert.skew,Endotherm,skew,diet_vert,0.858952474776981
-0.0141676503285776,0.0200793113008867,-0.705584475297814,0.480446581537001,ax_structure,951,0.957603702595451,0,,976.093210647928,2179.59894751418,Mammalia,100km,SES.diet_vert.skew,Endotherm,skew,diet_vert,0.602775475061135
-0.0211554844270469,0.0320730978311783,-0.659602154378789,0.509509171376755,ax_human,951,0.957603702595451,0,,976.093210647928,2179.59894751418,Mammalia,100km,SES.diet_vert.skew,Endotherm,skew,diet_vert,0.629687295446781
0.517333124493557,0.102476958634891,5.04828725778966,4.45788514324974e-07,ax_thermal,951,0.964476390225912,0,,1285.29069591695,3014.90142131601,Mammalia,100km,SES.diet_plant.skew,Endotherm,skew,diet_plant,3.44855265798565e-06
0.118647824313841,0.0739142565448331,1.60520892531571,0.108447833921614,ax_water,951,0.964476390225912,0,,1285.29069591695,3014.90142131601,Mammalia,100km,SES.diet_plant.skew,Endotherm,skew,diet_plant,0.190626417611411
-0.0447987981228649,0.0606391493418276,-0.73877682337413,0.460042527506842,ax_productivity,951,0.964476390225912,0,,1285.29069591695,3014.90142131601,Mammalia,100km,SES.diet_plant.skew,Endotherm,skew,diet_plant,0.582152581104337
0.0889105348428842,0.0235734199423779,3.7716434467385,0.000162175883078763,ax_structure,951,0.964476390225912,0,,1285.29069591695,3014.90142131601,Mammalia,100km,SES.diet_plant.skew,Endotherm,skew,diet_plant,0.000701763715697024
-0.02267911496102,0.0377549597146435,-0.600692336382597,0.548044924326074,ax_human,951,0.964476390225912,0,,1285.29069591695,3014.90142131601,Mammalia,100km,SES.diet_plant.skew,Endotherm,skew,diet_plant,0.664296877970999
-0.0986126291291703,0.138300951187051,-0.713029290708183,0.475827632284155,ax_thermal,951,0.98181557935671,0,,1825.52633032102,3540.02397242559,Mammalia,100km,SES.litter_size.skew,Endotherm,skew,litter_size,0.598433525265349
0.129407345949171,0.0984358324902996,1.3146365777109,0.188632070894895,ax_water,951,0.98181557935671,0,,1825.52633032102,3540.02397242559,Mammalia,100km,SES.litter_size.skew,Endotherm,skew,litter_size,0.295752004079951
0.373551680726511,0.080703779499415,4.62867641445738,3.68010283580134e-06,ax_productivity,951,0.98181557935671,0,,1825.52633032102,3540.02397242559,Mammalia,100km,SES.litter_size.skew,Endotherm,skew,litter_size,2.42384283161212e-05
0.0378448675505266,0.0310771182609915,1.21777274304195,0.223310344990624,ax_structure,951,0.98181557935671,0,,1825.52633032102,3540.02397242559,Mammalia,100km,SES.litter_size.skew,Endotherm,skew,litter_size,0.338161556587833
-0.0468682092036901,0.0500249900928331,-0.936895921752611,0.348812097215505,ax_human,951,0.98181557935671,0,,1825.52633032102,3540.02397242559,Mammalia,100km,SES.litter_size.skew,Endotherm,skew,litter_size,0.471212388330666
0.199619309236129,0.0875333881432359,2.28049334625869,0.0225784449713791,ax_thermal,951,0.944889654542315,0,,1041.449937393,2215.02119190625,Mammalia,100km,SES.diet_breadth.kurt,Endotherm,kurt,diet_breadth,0.0513573505590314
0.403070605773989,0.0644078238482331,6.25810005200241,3.89695831159997e-10,ax_water,951,0.944889654542315,0,,1041.449937393,2215.02119190625,Mammalia,100km,SES.diet_breadth.kurt,Endotherm,kurt,diet_breadth,4.87863483284272e-09
0.00813032711181651,0.0528240369460232,0.153913399691967,0.877678018575051,ax_productivity,951,0.944889654542315,0,,1041.449937393,2215.02119190625,Mammalia,100km,SES.diet_breadth.kurt,Endotherm,kurt,diet_breadth,0.922687147732746
0.00481561557875475,0.0208435607685283,0.231036128242822,0.817286734906791,ax_structure,951,0.944889654542315,0,,1041.449937393,2215.02119190625,Mammalia,100km,SES.diet_breadth.kurt,Endotherm,kurt,diet_breadth,0.880650621055937
-0.0171437671733319,0.0331011332557152,-0.517920853068434,0.604513491978968,ax_human,951,0.944889654542315,0,,1041.449937393,2215.02119190625,Mammalia,100km,SES.diet_breadth.kurt,Endotherm,kurt,diet_breadth,0.71426666199244
-0.0365735464406994,0.0814435377381147,-0.449066279000592,0.653383845133195,ax_thermal,951,0.951925836782474,0,,882.032448792785,1992.275171532,Mammalia,100km,SES.diet_vert.kurt,Endotherm,kurt,diet_vert,0.75662204232234
0.196033327219206,0.0594699347405893,3.2963434056942,0.000979522039965097,ax_water,951,0.951925836782474,0,,882.032448792785,1992.275171532,Mammalia,100km,SES.diet_vert.kurt,Endotherm,kurt,diet_vert,0.00348463372135089
-0.0299547548655007,0.0487857780334668,-0.614005885997183,0.539211437688014,ax_productivity,951,0.951925836782474,0,,882.032448792785,1992.275171532,Mammalia,100km,SES.diet_vert.kurt,Endotherm,kurt,diet_vert,0.655818728858574
0.00233952770128134,0.0191386984975915,0.122240689541965,0.902708402477227,ax_structure,951,0.951925836782474,0,,882.032448792785,1992.275171532,Mammalia,100km,SES.diet_vert.kurt,Endotherm,kurt,diet_vert,0.935212747986515
-0.0366355011328101,0.0304955004152823,-1.20134120227294,0.22961887398571,ax_human,951,0.951925836782474,0,,882.032448792785,1992.275171532,Mammalia,100km,SES.diet_vert.kurt,Endotherm,kurt,diet_vert,0.343904066974032
0.619905025366821,0.121802518153667,5.08942700663007,3.59147068751398e-07,ax_thermal,951,0.965417462303003,0,,1611.7189189092,2720.8277894119,Mammalia,100km,SES.diet_plant.kurt,Endotherm,kurt,diet_plant,2.84541639010769e-06
0.262893309429629,0.0877795313145248,2.99492723978726,0.00274510315185905,ax_water,951,0.965417462303003,0,,1611.7189189092,2720.8277894119,Mammalia,100km,SES.diet_plant.kurt,Endotherm,kurt,diet_plant,0.00852645675956221
-0.281563929000397,0.0720132368313334,-3.90989131150799,9.23376592647518e-05,ax_productivity,951,0.965417462303003,0,,1611.7189189092,2720.8277894119,Mammalia,100km,SES.diet_plant.kurt,Endotherm,kurt,diet_plant,0.000416026816467563
0.0848642975485543,0.0279779860266126,3.03325255319777,0.00241933032604669,ax_structure,951,0.965417462303003,0,,1611.7189189092,2720.8277894119,Mammalia,100km,SES.diet_plant.kurt,Endotherm,kurt,diet_plant,0.00764489736939608
-0.0377343184016497,0.04482440540932,-0.841825297113787,0.399885749770406,ax_human,951,0.965417462303003,0,,1611.7189189092,2720.8277894119,Mammalia,100km,SES.diet_plant.kurt,Endotherm,kurt,diet_plant,0.520899626388773
1.41929139635488,0.230003727913267,6.17073214087246,6.79744927012393e-10,ax_thermal,951,0.974944429041972,0,,2802.17699705064,4578.05629508715,Mammalia,100km,SES.litter_size.kurt,Endotherm,kurt,litter_size,8.0781281181183e-09
0.0857376931524947,0.164474162172904,0.521283659510987,0.60216918242066,ax_water,951,0.974944429041972,0,,2802.17699705064,4578.05629508715,Mammalia,100km,SES.litter_size.kurt,Endotherm,kurt,litter_size,0.713037876656955
0.358711842924012,0.134894898894068,2.65919501674934,0.00783276098576846,ax_productivity,951,0.974944429041972,0,,2802.17699705064,4578.05629508715,Mammalia,100km,SES.litter_size.kurt,Endotherm,kurt,litter_size,0.0212603155284791
-0.0578566137807433,0.0521166130344421,-1.1101376396526,0.266939719843162,ax_structure,951,0.974944429041972,0,,2802.17699705064,4578.05629508715,Mammalia,100km,SES.litter_size.kurt,Endotherm,kurt,litter_size,0.38537072230879
0.225087395303743,0.0837500177566148,2.68761012036878,0.00719653686904231,ax_human,951,0.974944429041972,0,,2802.17699705064,4578.05629508715,Mammalia,100km,SES.litter_size.kurt,Endotherm,kurt,litter_size,0.019703373063822
0.268288497337777,0.117326075323986,2.28669114343866,0.0222138570121073,ax_thermal,951,0.944744501488041,0,,1599.09702535062,2728.19926053583,Mammalia,100km,SES.FDis,Endotherm,multivariate,SES.FDis,0.0508809015361117
0.615774689985494,0.0863435968762248,7.13167753328853,9.91429160990265e-13,ax_water,951,0.944744501488041,0,,1599.09702535062,2728.19926053583,Mammalia,100km,SES.FDis,Endotherm,multivariate,SES.FDis,1.8428604460169e-11
0.0663528394532283,0.0708141963320841,0.93699911726832,0.348759011986318,ax_productivity,951,0.944744501488041,0,,1599.09702535062,2728.19926053583,Mammalia,100km,SES.FDis,Endotherm,multivariate,SES.FDis,0.471212388330666
0.135222014885963,0.0279456867620195,4.83874366865591,1.30662433650564e-06,ax_structure,951,0.944744501488041,0,,1599.09702535062,2728.19926053583,Mammalia,100km,SES.FDis,Endotherm,multivariate,SES.FDis,9.39852592925106e-06
-0.179573750326369,0.0443766352415202,-4.0465832830506,5.19706397168473e-05,ax_human,951,0.944744501488041,0,,1599.09702535062,2728.19926053583,Mammalia,100km,SES.FDis,Endotherm,multivariate,SES.FDis,0.000254423430255611
0.110941350627056,0.0980920836184543,1.1309918857324,0.258058506702193,ax_thermal,951,0.916623437991617,0,,1364.82262676334,2235.8051288081,Mammalia,100km,SES.FRic,Endotherm,multivariate,SES.FRic,0.377197817283063
0.273158183637189,0.0747037633706924,3.65655184306756,0.000255630730081169,ax_water,951,0.916623437991617,0,,1364.82262676334,2235.8051288081,Mammalia,100km,SES.FRic,Endotherm,multivariate,SES.FRic,0.00103873307129775
0.148122720457826,0.0611267019005063,2.42320812104209,0.0153841102963079,ax_productivity,951,0.916623437991617,0,,1364.82262676334,2235.8051288081,Mammalia,100km,SES.FRic,Endotherm,multivariate,SES.FRic,0.0374887680326077
0.00952238800427224,0.0247892139809776,0.384134325984656,0.700878891088112,ax_structure,951,0.916623437991617,0,,1364.82262676334,2235.8051288081,Mammalia,100km,SES.FRic,Endotherm,multivariate,SES.FRic,0.793220776065608
-0.10282987684207,0.0387377697891127,-2.65451205378816,0.00794232019532726,ax_human,951,0.916623437991617,0,,1364.82262676334,2235.8051288081,Mammalia,100km,SES.FRic,Endotherm,multivariate,SES.FRic,0.0214940678553411
0.189325234696697,0.117666870092256,1.60899354719181,0.107617752611131,ax_thermal,951,0.950805581775207,0,,1585.26619470423,2777.28961216718,Mammalia,100km,SES.RaoQ,Endotherm,multivariate,SES.RaoQ,0.190391709042347
0.598179094589583,0.0860220925179642,6.95378451139937,3.55604434787438e-12,ax_water,951,0.950805581775207,0,,1585.26619470423,2777.28961216718,Mammalia,100km,SES.RaoQ,Endotherm,multivariate,SES.RaoQ,5.95093135766732e-11
0.0133546193588908,0.0705656816920151,0.189250908354818,0.849896169409471,ax_productivity,951,0.950805581775207,0,,1585.26619470423,2777.28961216718,Mammalia,100km,SES.RaoQ,Endotherm,multivariate,SES.RaoQ,0.903910322847945
0.110077337661727,0.0277076844399556,3.9728089837414,7.10300085047244e-05,ax_structure,951,0.950805581775207,0,,1585.26619470423,2777.28961216718,Mammalia,100km,SES.RaoQ,Endotherm,multivariate,SES.RaoQ,0.000334739120539506
-0.199360096852818,0.0441267094132137,-4.51790082478074,6.24557231709844e-06,ax_human,951,0.950805581775207,0,,1585.26619470423,2777.28961216718,Mammalia,100km,SES.RaoQ,Endotherm,multivariate,SES.RaoQ,3.87982522728842e-05
0.22040620930779,0.111124569294077,1.98341564523426,0.0473210209697215,ax_thermal,951,0.945894346141221,0,,1492.01827181289,2610.47871422867,Mammalia,100km,SES.trait_vol,Endotherm,multivariate,SES.trait_vol,0.0973732426478585
0.578830766388414,0.0816747510982169,7.08702210420389,1.37023725699237e-12,ax_water,951,0.945894346141221,0,,1492.01827181289,2610.47871422867,Mammalia,100km,SES.trait_vol,Endotherm,multivariate,SES.trait_vol,2.49687677940832e-11
0.0306921754621466,0.0669883416949734,0.458171895072448,0.6468289498669,ax_productivity,951,0.945894346141221,0,,1492.01827181289,2610.47871422867,Mammalia,100km,SES.trait_vol,Endotherm,multivariate,SES.trait_vol,0.752547517832424
0.103740859252974,0.0264099244681403,3.92810132335374,8.56191400113726e-05,ax_structure,951,0.945894346141221,0,,1492.01827181289,2610.47871422867,Mammalia,100km,SES.trait_vol,Endotherm,multivariate,SES.trait_vol,0.000392221758711316
-0.192033841154218,0.0419617611224766,-4.57640089494138,4.73043646120885e-06,ax_human,951,0.945894346141221,0,,1492.01827181289,2610.47871422867,Mammalia,100km,SES.trait_vol,Endotherm,multivariate,SES.trait_vol,3.04231992015001e-05
-0.0181389007577654,0.111571658280272,-0.162576240573567,0.870852095354067,ax_thermal,951,0.899230960830398,7.32238881762096e-295,,1684.3604502184,2441.86651378475,Mammalia,100km,SES.trait_dens,Endotherm,multivariate,SES.trait_dens,0.917864676337192
0.298083469480003,0.0869247312774047,3.42921358627757,0.000605332955909255,ax_water,951,0.899230960830398,7.32238881762096e-295,,1684.3604502184,2441.86651378475,Mammalia,100km,SES.trait_dens,Endotherm,multivariate,SES.trait_dens,0.00228743328961101
-0.0130813844562206,0.0709590949205408,-0.184351061282123,0.853738059178589,ax_productivity,951,0.899230960830398,7.32238881762096e-295,,1684.3604502184,2441.86651378475,Mammalia,100km,SES.trait_dens,Endotherm,multivariate,SES.trait_dens,0.90631176794742
0.0129374065340823,0.029334926461548,0.441023997487792,0.659195624084597,ax_structure,951,0.899230960830398,7.32238881762096e-295,,1684.3604502184,2441.86651378475,Mammalia,100km,SES.trait_dens,Endotherm,multivariate,SES.trait_dens,0.759719482430597
-0.0965096275665855,0.0453187000332193,-2.12957625650874,0.0332066130233513,ax_human,951,0.899230960830398,7.32238881762096e-295,,1684.3604502184,2441.86651378475,Mammalia,100km,SES.trait_dens,Endotherm,multivariate,SES.trait_dens,0.0713746334971115
0.227394100023598,0.173289077350526,1.31222407955713,0.189444539502811,ax_thermal,843,0.950671199820039,1.11253692925368e-308,,2064.42074746342,2971.76356750638,Reptilia,100km,SES.body_mass.mean,Ectotherm,mean,body_mass,0.296459012199055
-0.547377811528423,0.104447841605967,-5.24068092850996,1.59985137804242e-07,ax_water,843,0.950671199820039,1.11253692925368e-308,,2064.42074746342,2971.76356750638,Reptilia,100km,SES.body_mass.mean,Ectotherm,mean,body_mass,1.35245168040699e-06
-0.0758775223310485,0.104983212477726,-0.722758625310187,0.46982819081717,ax_productivity,843,0.950671199820039,1.11253692925368e-308,,2064.42074746342,2971.76356750638,Reptilia,100km,SES.body_mass.mean,Ectotherm,mean,body_mass,0.59316261196317
0.0273104869862188,0.0419984538925498,0.650273628074282,0.515515488721458,ax_structure,843,0.950671199820039,1.11253692925368e-308,,2064.42074746342,2971.76356750638,Reptilia,100km,SES.body_mass.mean,Ectotherm,mean,body_mass,0.634242611780338
0.128993517657264,0.0662899086972162,1.94589976351379,0.051666781369502,ax_human,843,0.950671199820039,1.11253692925368e-308,,2064.42074746342,2971.76356750638,Reptilia,100km,SES.body_mass.mean,Ectotherm,mean,body_mass,0.104223273611296
-0.124666356083367,0.136260815715233,-0.914909803152091,0.360238983208241,ax_thermal,843,0.959816116400685,0,,1639.62887989778,2721.98384696927,Reptilia,100km,SES.body_length.mean,Ectotherm,mean,body_length,0.482936493667913
-0.0342487178843544,0.0811555376380538,-0.422013320115018,0.673015294984426,ax_water,843,0.959816116400685,0,,1639.62887989778,2721.98384696927,Reptilia,100km,SES.body_length.mean,Ectotherm,mean,body_length,0.772724965374177
0.241482271142854,0.0818663316688458,2.9497140792831,0.0031806813104196,ax_productivity,843,0.959816116400685,0,,1639.62887989778,2721.98384696927,Reptilia,100km,SES.body_length.mean,Ectotherm,mean,body_length,0.00975012588614606
0.0836619793750034,0.0325539414182139,2.56994931274879,0.0101713395951037,ax_structure,843,0.959816116400685,0,,1639.62887989778,2721.98384696927,Reptilia,100km,SES.body_length.mean,Ectotherm,mean,body_length,0.0263522858388154
0.20581478636641,0.0515723930389877,3.99079379952018,6.5852516403675e-05,ax_human,843,0.959816116400685,0,,1639.62887989778,2721.98384696927,Reptilia,100km,SES.body_length.mean,Ectotherm,mean,body_length,0.000311855953561669
-0.0252315624175351,0.106305208306198,-0.237350199670922,0.812385120797057,ax_thermal,843,0.952898593820214,0,,1235.46821077936,2239.35638316517,Reptilia,100km,SES.nocturnality.mean,Ectotherm,mean,nocturnality,0.878168658254111
0.263824089511954,0.0638803505657469,4.1299724747193,3.62806669151894e-05,ax_water,843,0.952898593820214,0,,1235.46821077936,2239.35638316517,Reptilia,100km,SES.nocturnality.mean,Ectotherm,mean,nocturnality,0.000184783520934505
0.154806524620909,0.0642673953246936,2.40878790619708,0.0160055964705677,ax_productivity,843,0.952898593820214,0,,1235.46821077936,2239.35638316517,Reptilia,100km,SES.nocturnality.mean,Ectotherm,mean,nocturnality,0.0386585835224314
-0.000310133812350758,0.0256706556844222,-0.0120812579220155,0.990360785314327,ax_structure,843,0.952898593820214,0,,1235.46821077936,2239.35638316517,Reptilia,100km,SES.nocturnality.mean,Ectotherm,mean,nocturnality,0.993389411569111
0.033150597922515,0.0405564832350981,0.817393306277257,0.413703699750612,ax_human,843,0.952898593820214,0,,1235.46821077936,2239.35638316517,Reptilia,100km,SES.nocturnality.mean,Ectotherm,mean,nocturnality,0.534652535532706
0.222581279863643,0.0864850221600075,2.57363962342336,0.0100635032918033,ax_thermal,843,0.940849382292248,0,,917.517608684565,1922.652414189,Reptilia,100km,SES.verticality.mean,Ectotherm,mean,verticality,0.0261555394588865
0.139737617561255,0.0528739778133515,2.64284291328595,0.00822131680874327,ax_water,843,0.940849382292248,0,,917.517608684565,1922.652414189,Reptilia,100km,SES.verticality.mean,Ectotherm,mean,verticality,0.0221759203393733
0.192820855107491,0.0529089977628424,3.64438683892266,0.000268030030338373,ax_productivity,843,0.940849382292248,0,,917.517608684565,1922.652414189,Reptilia,100km,SES.verticality.mean,Ectotherm,mean,verticality,0.00108268288116978
0.0498328841807069,0.0213208253431569,2.33728682537616,0.0194242751184424,ax_structure,843,0.940849382292248,0,,917.517608684565,1922.652414189,Reptilia,100km,SES.verticality.mean,Ectotherm,mean,verticality,0.045638697986025
0.0490002847107284,0.0335021470562138,1.46260132607352,0.143576500195644,ax_human,843,0.940849382292248,0,,917.517608684565,1922.652414189,Reptilia,100km,SES.verticality.mean,Ectotherm,mean,verticality,0.240910543263294
-0.603976653112637,0.110080289516131,-5.48669208418215,4.0953006985589e-08,ax_thermal,843,0.962553545445664,0,,1274.83865773498,2380.41702777913,Reptilia,100km,SES.habitat_breadth.mean,Ectotherm,mean,habitat_breadth,3.71065919648431e-07
0.192255701631196,0.0653468129229236,2.94208229952945,0.00326013271443437,ax_water,843,0.962553545445664,0,,1274.83865773498,2380.41702777913,Reptilia,100km,SES.habitat_breadth.mean,Ectotherm,mean,habitat_breadth,0.00995645745190385
-0.196273516881732,0.0659833411861761,-2.97459197053896,0.00293378495570651,ax_productivity,843,0.962553545445664,0,,1274.83865773498,2380.41702777913,Reptilia,100km,SES.habitat_breadth.mean,Ectotherm,mean,habitat_breadth,0.00904399873563661
0.0254710226079911,0.0261948084991354,0.972369109277196,0.330866953973486,ax_structure,843,0.962553545445664,0,,1274.83865773498,2380.41702777913,Reptilia,100km,SES.habitat_breadth.mean,Ectotherm,mean,habitat_breadth,0.452939736658195
0.0596209542473553,0.0415398656497671,1.43527075292044,0.151209958631757,ax_human,843,0.962553545445664,0,,1274.83865773498,2380.41702777913,Reptilia,100km,SES.habitat_breadth.mean,Ectotherm,mean,habitat_breadth,0.251362137313965
-0.714976681307717,0.138199900799337,-5.17349634241668,2.29753622349449e-07,ax_thermal,843,0.942415152385181,1.11253900944927e-308,,1703.58915288606,2560.57285863232,Reptilia,100km,SES.range_size.mean,Ectotherm,mean,range_size,1.88397970326548e-06
-0.957740093572901,0.0842920383703308,-11.362165538875,0,ax_water,843,0.942415152385181,1.11253900944927e-308,,1703.58915288606,2560.57285863232,Reptilia,100km,SES.range_size.mean,Ectotherm,mean,range_size,0
0.341073774058356,0.0844109285175709,4.04063525953703,5.33066096470858e-05,ax_productivity,843,0.942415152385181,1.11253900944927e-308,,1703.58915288606,2560.57285863232,Reptilia,100km,SES.range_size.mean,Ectotherm,mean,range_size,0.000260187023277443
-0.0259215171751016,0.0339739550442119,-0.762982029656798,0.445474113101804,ax_structure,843,0.942415152385181,1.11253900944927e-308,,1703.58915288606,2560.57285863232,Reptilia,100km,SES.range_size.mean,Ectotherm,mean,range_size,0.567659320502687
0.22530903674716,0.0534244059003695,4.21734285950387,2.47197970175694e-05,ax_human,843,0.942415152385181,1.11253900944927e-308,,1703.58915288606,2560.57285863232,Reptilia,100km,SES.range_size.mean,Ectotherm,mean,range_size,0.000132397555689012
0.376315127350269,0.15643755518893,2.40552933019052,0.0161490555785937,ax_thermal,843,0.913921790278533,3.50252728718096e-191,,2000.8904804571,2563.07632808634,Reptilia,100km,SES.body_mass.var,Ectotherm,var,body_mass,0.0388335060834218
0.776375936990145,0.0999988362199151,7.76384972403836,8.21565038222616e-15,ax_water,843,0.913921790278533,3.50252728718096e-191,,2000.8904804571,2563.07632808634,Reptilia,100km,SES.body_mass.var,Ectotherm,var,body_mass,1.92480951812156e-13
-0.57845861046269,0.0985953562903775,-5.8669965019351,4.43760028723261e-09,ax_productivity,843,0.913921790278533,3.50252728718096e-191,,2000.8904804571,2563.07632808634,Reptilia,100km,SES.body_mass.var,Ectotherm,var,body_mass,4.66516953273172e-08
-0.0112473439499218,0.0406811915806982,-0.276475282873924,0.782183041478496,ax_structure,843,0.913921790278533,3.50252728718096e-191,,2000.8904804571,2563.07632808634,Reptilia,100km,SES.body_mass.var,Ectotherm,var,body_mass,0.855186792016489
0.0671757872857542,0.0629969054885083,1.06633471540929,0.286272361837951,ax_human,843,0.913921790278533,3.50252728718096e-191,,2000.8904804571,2563.07632808634,Reptilia,100km,SES.body_mass.var,Ectotherm,var,body_mass,0.407540515116528
0.12218396262024,0.120355696803532,1.0151905216393,0.31001501788433,ax_thermal,843,0.933692245409823,2.7976821786013e-272,,1495.01239109615,2303.32904336846,Reptilia,100km,SES.body_length.var,Ectotherm,var,body_length,0.432701812196002
0.101475648672669,0.07440568347063,1.36381582614888,0.172625538033077,ax_water,843,0.933692245409823,2.7976821786013e-272,,1495.01239109615,2303.32904336846,Reptilia,100km,SES.body_length.var,Ectotherm,var,body_length,0.2763993238512
-0.155375448546052,0.0741882886722244,-2.09433929973133,0.0362297658304975,ax_productivity,843,0.933692245409823,2.7976821786013e-272,,1495.01239109615,2303.32904336846,Reptilia,100km,SES.body_length.var,Ectotherm,var,body_length,0.0772650402626996
0.0215127688634994,0.0300693607793511,0.715438183783156,0.474338325225909,ax_structure,843,0.933692245409823,2.7976821786013e-272,,1495.01239109615,2303.32904336846,Reptilia,100km,SES.body_length.var,Ectotherm,var,body_length,0.597840685819045
-0.07057782728167,0.0470804397027939,-1.49909023210507,0.133850225277298,ax_human,843,0.933692245409823,2.7976821786013e-272,,1495.01239109615,2303.32904336846,Reptilia,100km,SES.body_length.var,Ectotherm,var,body_length,0.227417228235179
0.0814742153274242,0.129450631164047,0.62938445795738,0.529097390505057,ax_thermal,843,0.936951038498477,0,,1608.37740919409,2665.58206769076,Reptilia,100km,SES.nocturnality.var,Ectotherm,var,nocturnality,0.646105525263063
0.111553056726064,0.0796174282525267,1.40111353976727,0.161180123347646,ax_water,843,0.936951038498477,0,,1608.37740919409,2665.58206769076,Reptilia,100km,SES.nocturnality.var,Ectotherm,var,nocturnality,0.262758849194969
-0.0821019961615541,0.0795173311834499,-1.0325044231193,0.30183587666801,ax_productivity,843,0.936951038498477,0,,1608.37740919409,2665.58206769076,Reptilia,100km,SES.nocturnality.var,Ectotherm,var,nocturnality,0.425267042728124
-0.0733695277050133,0.0321428817041123,-2.28260578439757,0.0224535999305138,ax_structure,843,0.936951038498477,0,,1608.37740919409,2665.58206769076,Reptilia,100km,SES.nocturnality.var,Ectotherm,var,nocturnality,0.051215443513272
-0.101529067772794,0.0504105259384882,-2.01404500117062,0.0440048090270635,ax_human,843,0.936951038498477,0,,1608.37740919409,2665.58206769076,Reptilia,100km,SES.nocturnality.var,Ectotherm,var,nocturnality,0.0915836126959189
0.188863413081363,0.0979220150104438,1.92871248678063,0.0537665652126016,ax_thermal,843,0.956930739999687,0,,1088.3113590854,2209.2737797801,Reptilia,100km,SES.verticality.var,Ectotherm,var,verticality,0.10766442850875
0.152141145925824,0.0585326455236141,2.5992528539385,0.00934269269644772,ax_water,843,0.956930739999687,0,,1088.3113590854,2209.2737797801,Reptilia,100km,SES.verticality.var,Ectotherm,var,verticality,0.0245152256354788
0.213399418856955,0.0589815701066145,3.61806948291164,0.000296808721427677,ax_productivity,843,0.956930739999687,0,,1088.3113590854,2209.2737797801,Reptilia,100km,SES.verticality.var,Ectotherm,var,verticality,0.00118723488571071
0.0824886234601804,0.0234965391179825,3.51067121187434,0.000446976865683624,ax_structure,843,0.956930739999687,0,,1088.3113590854,2209.2737797801,Reptilia,100km,SES.verticality.var,Ectotherm,var,verticality,0.00172075600873508
-0.00694827621442141,0.0371822945514677,-0.186870560255597,0.851762122077984,ax_human,843,0.956930739999687,0,,1088.3113590854,2209.2737797801,Reptilia,100km,SES.verticality.var,Ectotherm,var,verticality,0.90530776423065
-0.176383798397768,0.100514872126312,-1.75480299249763,0.0792930115662318,ax_thermal,843,0.950946725165903,1.1125369400865e-308,,1145.49004050019,2109.50012226367,Reptilia,100km,SES.habitat_breadth.var,Ectotherm,var,habitat_breadth,0.147913153537308
-0.0546454904371207,0.0605611465805593,-0.902319284269668,0.36688728439788,ax_water,843,0.950946725165903,1.1125369400865e-308,,1145.49004050019,2109.50012226367,Reptilia,100km,SES.habitat_breadth.var,Ectotherm,var,habitat_breadth,0.488942574496481
-0.00185697587056108,0.0608786564780642,-0.0305029049258041,0.975665976664801,ax_productivity,843,0.950946725165903,1.1125369400865e-308,,1145.49004050019,2109.50012226367,Reptilia,100km,SES.habitat_breadth.var,Ectotherm,var,habitat_breadth,0.983461709729731
0.0425117909157485,0.0243497747213491,1.74588025565902,0.0808317614342224,ax_structure,843,0.950946725165903,1.1125369400865e-308,,1145.49004050019,2109.50012226367,Reptilia,100km,SES.habitat_breadth.var,Ectotherm,var,habitat_breadth,0.150470021285045
0.0465123192655238,0.0384379615956979,1.21006206715003,0.226255077356253,ax_human,843,0.950946725165903,1.1125369400865e-308,,1145.49004050019,2109.50012226367,Reptilia,100km,SES.habitat_breadth.var,Ectotherm,var,habitat_breadth,0.341361710821054
0.177172057621621,0.112588071440484,1.57363080613097,0.115572826980461,ax_thermal,843,0.899145286215339,4.21153979968482e-295,,1499.59772579675,2211.45770774547,Reptilia,100km,SES.range_size.var,Ectotherm,var,range_size,0.202058004601223
0.439087568368316,0.0739179062239874,5.94020570655484,2.84664647409727e-09,ax_water,843,0.899145286215339,4.21153979968482e-295,,1499.59772579675,2211.45770774547,Reptilia,100km,SES.range_size.var,Ectotherm,var,range_size,3.07138172205232e-08
-0.27060893694374,0.0722009354897372,-3.74799765554568,0.000178251920107231,ax_productivity,843,0.899145286215339,4.21153979968482e-295,,1499.59772579675,2211.45770774547,Reptilia,100km,SES.range_size.var,Ectotherm,var,range_size,0.000755337640478421
0.0463343915650922,0.0302348579805436,1.5324825271185,0.12540340611514,ax_structure,843,0.899145286215339,4.21153979968482e-295,,1499.59772579675,2211.45770774547,Reptilia,100km,SES.range_size.var,Ectotherm,var,range_size,0.214902388744858
-0.0860672478583293,0.0463942728791451,-1.85512656017975,0.0635781557896644,ax_human,843,0.899145286215339,4.21153979968482e-295,,1499.59772579675,2211.45770774547,Reptilia,100km,SES.range_size.var,Ectotherm,var,range_size,0.123248434391312
0.12494054901573,0.0951386439343984,1.31324710810342,0.189099694868836,ax_thermal,843,0.902773696239145,0,,1202.24695219661,1982.99309590974,Reptilia,100km,SES.body_mass.skew,Ectotherm,skew,body_mass,0.296202005334185
9.7445058353849e-05,0.0620474647889993,0.0015704921818357,0.998746929050357,ax_water,843,0.902773696239145,0,,1202.24695219661,1982.99309590974,Reptilia,100km,SES.body_mass.skew,Ectotherm,skew,body_mass,0.999356292643432
-0.211205562618452,0.060749635834917,-3.47665561637915,0.000507709498144715,ax_productivity,843,0.902773696239145,0,,1202.24695219661,1982.99309590974,Reptilia,100km,SES.body_mass.skew,Ectotherm,skew,body_mass,0.00193188764955298
0.0347652277040232,0.0253447294277803,1.37169456880913,0.170158539878165,ax_structure,843,0.902773696239145,0,,1202.24695219661,1982.99309590974,Reptilia,100km,SES.body_mass.skew,Ectotherm,skew,body_mass,0.273588240588422
0.0806040928113537,0.0389802099916142,2.06782089754504,0.0386568678617032,ax_human,843,0.902773696239145,0,,1202.24695219661,1982.99309590974,Reptilia,100km,SES.body_mass.skew,Ectotherm,skew,body_mass,0.0819777471368187
0.233843230236589,0.144879170332195,1.614056939313,0.106515076352963,ax_thermal,843,0.935918512492002,0,,1801.18105507059,2809.77851826434,Reptilia,100km,SES.body_length.skew,Ectotherm,skew,body_length,0.189052732920843
-0.476297192982884,0.0892508879908046,-5.33661013022029,9.47003613305242e-08,ax_water,843,0.935918512492002,0,,1801.18105507059,2809.77851826434,Reptilia,100km,SES.body_length.skew,Ectotherm,skew,body_length,8.26109535010956e-07
-0.141061508762088,0.089092123667602,-1.58332188026386,0.113348118314121,ax_productivity,843,0.935918512492002,0,,1801.18105507059,2809.77851826434,Reptilia,100km,SES.body_length.skew,Ectotherm,skew,body_length,0.198601403883717
0.0180448159329675,0.0360435852138075,0.500638763483909,0.616625376350166,ax_structure,843,0.935918512492002,0,,1801.18105507059,2809.77851826434,Reptilia,100km,SES.body_length.skew,Ectotherm,skew,body_length,0.725236652669741
-0.148595469926661,0.056498718635227,-2.63006796465667,0.00853677995533775,ax_human,843,0.935918512492002,0,,1801.18105507059,2809.77851826434,Reptilia,100km,SES.body_length.skew,Ectotherm,skew,body_length,0.0228390197826328
0.0308702963012176,0.126561037342699,0.243916271147712,0.807295667167273,ax_thermal,839,0.948971482482667,0,,1528.06520530502,2494.93634041309,Reptilia,100km,SES.nocturnality.skew,Ectotherm,skew,nocturnality,0.874599438101541
-0.246145924142885,0.0768239612689396,-3.20402541182686,0.00135520514558207,ax_water,839,0.948971482482667,0,,1528.06520530502,2494.93634041309,Reptilia,100km,SES.nocturnality.skew,Ectotherm,skew,nocturnality,0.00462065787682869
-0.166102489073033,0.0767717054994923,-2.16358993189401,0.030495834918898,ax_productivity,839,0.948971482482667,0,,1528.06520530502,2494.93634041309,Reptilia,100km,SES.nocturnality.skew,Ectotherm,skew,nocturnality,0.0660675948044817
0.0124992010028675,0.0309225272933692,0.404210201976205,0.686058152272095,ax_structure,839,0.948971482482667,0,,1528.06520530502,2494.93634041309,Reptilia,100km,SES.nocturnality.skew,Ectotherm,skew,nocturnality,0.779677125937108
-0.0242023783299629,0.0484405971749626,-0.49963005704794,0.61733558971156,ax_human,839,0.948971482482667,0,,1528.06520530502,2494.93634041309,Reptilia,100km,SES.nocturnality.skew,Ectotherm,skew,nocturnality,0.725236652669741
-1.78958981064446,0.224840533019464,-7.95937363522232,1.77635683940025e-15,ax_thermal,741,0.935925410766957,3.14155364936866e-258,,2189.65897095856,2895.60262710167,Reptilia,100km,SES.verticality.skew,Ectotherm,skew,verticality,4.93766985867188e-14
0.0564244680800154,0.16629078661641,0.339312052267646,0.734374664254595,ax_water,741,0.935925410766957,3.14155364936866e-258,,2189.65897095856,2895.60262710167,Reptilia,100km,SES.verticality.skew,Ectotherm,skew,verticality,0.816525050425448
0.264308620915199,0.139507197506945,1.89458770327632,0.0581470451607768,ax_productivity,741,0.935925410766957,3.14155364936866e-258,,2189.65897095856,2895.60262710167,Reptilia,100km,SES.verticality.skew,Ectotherm,skew,verticality,0.115309738891988
0.171721607407616,0.057593442769248,2.98161733611985,0.00286730146214431,ax_structure,741,0.935925410766957,3.14155364936866e-258,,2189.65897095856,2895.60262710167,Reptilia,100km,SES.verticality.skew,Ectotherm,skew,verticality,0.0088556956646265
0.103438985975816,0.084535916863086,1.22360991415455,0.221099417814578,ax_human,741,0.935925410766957,3.14155364936866e-258,,2189.65897095856,2895.60262710167,Reptilia,100km,SES.verticality.skew,Ectotherm,skew,verticality,0.335743560385099
0.130084688810173,0.105080477742302,1.23795296333911,0.215733502163636,ax_thermal,843,0.912749819073334,0,,1334.0564416183,2212.43324160881,Reptilia,100km,SES.habitat_breadth.skew,Ectotherm,skew,habitat_breadth,0.329732473018046
-0.380788979611235,0.0673097277124247,-5.65726519111955,1.53804022851034e-08,ax_water,843,0.912749819073334,0,,1334.0564416183,2212.43324160881,Reptilia,100km,SES.habitat_breadth.skew,Ectotherm,skew,habitat_breadth,1.50142022306962e-07
0.0280658111134933,0.0663175311253516,0.42320349743485,0.672146795277217,ax_productivity,843,0.912749819073334,0,,1334.0564416183,2212.43324160881,Reptilia,100km,SES.habitat_breadth.skew,Ectotherm,skew,habitat_breadth,0.772580207849318
-0.0651326288502553,0.0273941327891343,-2.37761236508607,0.0174251330656465,ax_structure,843,0.912749819073334,0,,1334.0564416183,2212.43324160881,Reptilia,100km,SES.habitat_breadth.skew,Ectotherm,skew,habitat_breadth,0.0416577525184553
-0.0754602705499641,0.0423915210158412,-1.78007933524644,0.0750629779602106,ax_human,843,0.912749819073334,0,,1334.0564416183,2212.43324160881,Reptilia,100km,SES.habitat_breadth.skew,Ectotherm,skew,habitat_breadth,0.14133557273794
0.447843769605174,0.15628530965029,2.86555256285627,0.00416282158194314,ax_thermal,843,0.926888492234278,1.11253692927008e-308,,1956.24010970414,2766.99998651746,Reptilia,100km,SES.range_size.skew,Ectotherm,skew,range_size,0.012278826248897
0.0814648304112762,0.0976974321311191,0.83384822542667,0.404366515822159,ax_water,843,0.926888492234278,1.11253692927008e-308,,1956.24010970414,2766.99998651746,Reptilia,100km,SES.range_size.skew,Ectotherm,skew,range_size,0.525484220244327
-0.137082031492838,0.0970564449846142,-1.41239493693149,0.157833706433559,ax_productivity,843,0.926888492234278,1.11253692927008e-308,,1956.24010970414,2766.99998651746,Reptilia,100km,SES.range_size.skew,Ectotherm,skew,range_size,0.259366010572181
0.0642220997013982,0.0395689387003472,1.62304327108057,0.104580155145148,ax_structure,843,0.926888492234278,1.11253692927008e-308,,1956.24010970414,2766.99998651746,Reptilia,100km,SES.range_size.skew,Ectotherm,skew,range_size,0.186176250823379
-0.116755011735559,0.0617305081960662,-1.89136644339175,0.0585754447992675,ax_human,843,0.926888492234278,1.11253692927008e-308,,1956.24010970414,2766.99998651746,Reptilia,100km,SES.range_size.skew,Ectotherm,skew,range_size,0.115879046406271
-0.271648718642078,0.0837306372657114,-3.24431686552231,0.00117732696846806,ax_thermal,843,0.886722942427029,6.22541883637822e-288,,1047.64765266871,1723.06352914525,Reptilia,100km,SES.body_mass.kurt,Ectotherm,kurt,body_mass,0.0041522929640594
0.106635356094678,0.0562556487252607,1.89554930946508,0.0580196655836787,ax_water,843,0.886722942427029,6.22541883637822e-288,,1047.64765266871,1723.06352914525,Reptilia,100km,SES.body_mass.kurt,Ectotherm,kurt,body_mass,0.115196430456699
-0.101956882546354,0.0544926661037456,-1.87102026449292,0.0613422722686832,ax_productivity,843,0.886722942427029,6.22541883637822e-288,,1047.64765266871,1723.06352914525,Reptilia,100km,SES.body_mass.kurt,Ectotherm,kurt,body_mass,0.120024312110782
0.013490257129477,0.0231223424187276,0.583429519603979,0.559604190495569,ax_structure,843,0.886722942427029,6.22541883637822e-288,,1047.64765266871,1723.06352914525,Reptilia,100km,SES.body_mass.kurt,Ectotherm,kurt,body_mass,0.673331527815651
0.0368214480734247,0.0351933524834399,1.04626145209528,0.295440337598677,ax_human,843,0.886722942427029,6.22541883637822e-288,,1047.64765266871,1723.06352914525,Reptilia,100km,SES.body_mass.kurt,Ectotherm,kurt,body_mass,0.417737155551314
-0.442098872548578,0.191073241273304,-2.31376654105227,0.0206805316390644,ax_thermal,843,0.911430005666153,2.28188211605228e-258,,2346.79136869383,3012.23750834715,Reptilia,100km,SES.body_length.kurt,Ectotherm,kurt,body_length,0.0479718131372922
0.0606026522944571,0.122680545751483,0.493987469025623,0.621315029306635,ax_water,843,0.911430005666153,2.28188211605228e-258,,2346.79136869383,3012.23750834715,Reptilia,100km,SES.body_length.kurt,Ectotherm,kurt,body_length,0.72834642463394
0.26310346496316,0.120773975438493,2.17847813660114,0.0293704582202623,ax_productivity,843,0.911430005666153,2.28188211605228e-258,,2346.79136869383,3012.23750834715,Reptilia,100km,SES.body_length.kurt,Ectotherm,kurt,body_length,0.0637980814320929
0.0241576158638453,0.0499528830237166,0.483608040248162,0.628664067551885,ax_structure,843,0.911430005666153,2.28188211605228e-258,,2346.79136869383,3012.23750834715,Reptilia,100km,SES.body_length.kurt,Ectotherm,kurt,body_length,0.735384501273247
0.210087684199125,0.077239090951241,2.71996577913828,0.00652886726200408,ax_human,843,0.911430005666153,2.28188211605228e-258,,2346.79136869383,3012.23750834715,Reptilia,100km,SES.body_length.kurt,Ectotherm,kurt,body_length,0.0181920917705189
-0.0239994298787323,0.224859351608696,-0.106730850671919,0.915002507096304,ax_thermal,839,0.932327847093869,0,,2537.65780397691,3451.87100020048,Reptilia,100km,SES.nocturnality.kurt,Ectotherm,kurt,nocturnality,0.945623371184439
-0.188453192328734,0.139971543580108,-1.34636789384893,0.178183899858556,ax_water,839,0.932327847093869,0,,2537.65780397691,3451.87100020048,Reptilia,100km,SES.nocturnality.kurt,Ectotherm,kurt,nocturnality,0.283160461015535
-0.0645221506177516,0.138772694330336,-0.464948460712035,0.641968365487061,ax_productivity,839,0.932327847093869,0,,2537.65780397691,3451.87100020048,Reptilia,100km,SES.nocturnality.kurt,Ectotherm,kurt,nocturnality,0.747747243891179
0.0513719739346036,0.0566148055293376,0.907394690386826,0.364198116231708,ax_structure,839,0.932327847093869,0,,2537.65780397691,3451.87100020048,Reptilia,100km,SES.nocturnality.kurt,Ectotherm,kurt,nocturnality,0.486784768231459
0.0335482418009878,0.0880006732194813,0.381227103994029,0.703034738905174,ax_human,839,0.932327847093869,0,,2537.65780397691,3451.87100020048,Reptilia,100km,SES.nocturnality.kurt,Ectotherm,kurt,nocturnality,0.793514777566748
1.16405979574689,0.282838961001769,4.11562746385427,3.86127537388425e-05,ax_thermal,741,0.923704810060432,5.04267348465084e-272,,2556.06123720769,3210.24736942153,Reptilia,100km,SES.verticality.kurt,Ectotherm,kurt,verticality,0.000194845895789852
-0.500061072747723,0.211074973297485,-2.36911588776063,0.0178306655048994,ax_water,741,0.923704810060432,5.04267348465084e-272,,2556.06123720769,3210.24736942153,Reptilia,100km,SES.verticality.kurt,Ectotherm,kurt,verticality,0.0423188009088785
-0.104773418374271,0.177433102984659,-0.59049532816506,0.554858616962056,ax_productivity,741,0.923704810060432,5.04267348465084e-272,,2556.06123720769,3210.24736942153,Reptilia,100km,SES.verticality.kurt,Ectotherm,kurt,verticality,0.669094214571891
-0.264029310769996,0.0738270898850961,-3.57632017164607,0.000348464830682405,ax_structure,741,0.923704810060432,5.04267348465084e-272,,2556.06123720769,3210.24736942153,Reptilia,100km,SES.verticality.kurt,Ectotherm,kurt,verticality,0.00137046120460226
-0.150348203296878,0.107795877872061,-1.39474909676343,0.163091513854981,ax_human,741,0.923704810060432,5.04267348465084e-272,,2556.06123720769,3210.24736942153,Reptilia,100km,SES.verticality.kurt,Ectotherm,kurt,verticality,0.264494253061009
-0.288206536257641,0.0998128881078686,-2.88746815888318,0.00388355911086724,ax_thermal,843,0.930106136502814,1.11253692947715e-308,,1190.25994818495,2066.17585779886,Reptilia,100km,SES.habitat_breadth.kurt,Ectotherm,kurt,habitat_breadth,0.0115800671669496
-0.1996711049105,0.0620646357326102,-3.217147777532,0.00129471892097888,ax_water,843,0.930106136502814,1.11253692947715e-308,,1190.25994818495,2066.17585779886,Reptilia,100km,SES.habitat_breadth.kurt,Ectotherm,kurt,habitat_breadth,0.00445144450818733
-0.0651874398588007,0.0617659034306372,-1.05539523002373,0.29124460353352,ax_productivity,843,0.930106136502814,1.11253692947715e-308,,1190.25994818495,2066.17585779886,Reptilia,100km,SES.habitat_breadth.kurt,Ectotherm,kurt,habitat_breadth,0.41318438563579
-0.0940773488673274,0.0251107379672959,-3.74649876836966,0.000179319883556239,ax_structure,843,0.930106136502814,1.11253692947715e-308,,1190.25994818495,2066.17585779886,Reptilia,100km,SES.habitat_breadth.kurt,Ectotherm,kurt,habitat_breadth,0.000756001565635559
-0.0472296771766283,0.0392426956427509,-1.20352785156727,0.228772120177619,ax_human,843,0.930106136502814,1.11253692947715e-308,,1190.25994818495,2066.17585779886,Reptilia,100km,SES.habitat_breadth.kurt,Ectotherm,kurt,habitat_breadth,0.343577176823531
-0.64551431898148,0.151457767625529,-4.26200867146991,2.02597579730401e-05,ax_thermal,843,0.935906206802349,0,,1876.08629297554,2777.78424449285,Reptilia,100km,SES.range_size.kurt,Ectotherm,kurt,range_size,0.000112250010391168
-0.0407284606339204,0.0933053514345132,-0.436507231447553,0.662468753675574,ax_water,843,0.935906206802349,0,,1876.08629297554,2777.78424449285,Reptilia,100km,SES.range_size.kurt,Ectotherm,kurt,range_size,0.762955587098273
0.245031617515233,0.093138791710671,2.63082237824607,0.00851785410685291,ax_productivity,843,0.935906206802349,0,,1876.08629297554,2777.78424449285,Reptilia,100km,SES.range_size.kurt,Ectotherm,kurt,range_size,0.0228390197826328
-0.121350124886441,0.0376811067752612,-3.22045012133538,0.00127989462728029,ax_structure,843,0.935906206802349,0,,1876.08629297554,2777.78424449285,Reptilia,100km,SES.range_size.kurt,Ectotherm,kurt,range_size,0.00440972098474721
0.145915501262801,0.0590651839889885,2.47041474195703,0.0134956484508362,ax_human,843,0.935906206802349,0,,1876.08629297554,2777.78424449285,Reptilia,100km,SES.range_size.kurt,Ectotherm,kurt,range_size,0.0336365706069473
-0.103457402385039,0.116912140278081,-0.884915819169511,0.376202035380326,ax_thermal,843,0.955334364009911,0,,1390.49912689709,2681.27483163806,Reptilia,100km,SES.diet_breadth.mean,Ectotherm,mean,diet_breadth,0.498361339276038
-0.0684487391365121,0.0700281043068505,-0.977446695352227,0.328348055098405,ax_water,843,0.955334364009911,0,,1390.49912689709,2681.27483163806,Reptilia,100km,SES.diet_breadth.mean,Ectotherm,mean,diet_breadth,0.449867009491549
0.0693879006233252,0.0705213969649315,0.983926915937727,0.325151448446777,ax_productivity,843,0.955334364009911,0,,1390.49912689709,2681.27483163806,Reptilia,100km,SES.diet_breadth.mean,Ectotherm,mean,diet_breadth,0.446981035584841
-0.0433116903067833,0.0281228644545137,-1.54008815058068,0.123538867730723,ax_structure,843,0.955334364009911,0,,1390.49912689709,2681.27483163806,Reptilia,100km,SES.diet_breadth.mean,Ectotherm,mean,diet_breadth,0.212150516312445
0.00334353077517134,0.044475017972103,0.0751777273540075,0.940073305194405,ax_human,843,0.955334364009911,0,,1390.49912689709,2681.27483163806,Reptilia,100km,SES.diet_breadth.mean,Ectotherm,mean,diet_breadth,0.962973279524562
-0.188464423381968,0.112696219017674,-1.67232250580129,0.0944607440315983,ax_thermal,843,0.96227952699099,0,,1314.92564316954,2810.67374172001,Reptilia,100km,SES.diet_vert.mean,Ectotherm,mean,diet_vert,0.172511826516505
0.213723595538537,0.0669213934662504,3.19365130444156,0.00140485695997383,ax_water,843,0.96227952699099,0,,1314.92564316954,2810.67374172001,Reptilia,100km,SES.diet_vert.mean,Ectotherm,mean,diet_vert,0.00477011472951778
0.317077017876753,0.067566829251595,4.69279114306327,2.69502594574256e-06,ax_productivity,843,0.96227952699099,0,,1314.92564316954,2810.67374172001,Reptilia,100km,SES.diet_vert.mean,Ectotherm,mean,diet_vert,1.79867762165979e-05
0.073462113598426,0.0268277880339833,2.73828440516117,0.00617606400526105,ax_structure,843,0.96227952699099,0,,1314.92564316954,2810.67374172001,Reptilia,100km,SES.diet_vert.mean,Ectotherm,mean,diet_vert,0.0173734905122266
0.189432781774638,0.0425394610714563,4.45310723275116,8.46364579487613e-06,ax_human,843,0.96227952699099,0,,1314.92564316954,2810.67374172001,Reptilia,100km,SES.diet_vert.mean,Ectotherm,mean,diet_vert,5.05245639142903e-05
0.0285851896098786,0.129621645909626,0.220527901873801,0.825460044648056,ax_thermal,843,0.93689124085153,0,,1610.77370183404,2571.65417058996,Reptilia,100km,SES.diet_plant.mean,Ectotherm,mean,diet_plant,0.885385528595691
-0.248850802638234,0.0797300523784941,-3.12116692783407,0.00180135892659061,ax_water,843,0.93689124085153,0,,1610.77370183404,2571.65417058996,Reptilia,100km,SES.diet_plant.mean,Ectotherm,mean,diet_plant,0.00594412201128492
-0.106818632701733,0.0796274169163825,-1.341480570868,0.179764473719799,ax_productivity,843,0.93689124085153,0,,1610.77370183404,2571.65417058996,Reptilia,100km,SES.diet_plant.mean,Ectotherm,mean,diet_plant,0.285395679477706
-0.176686348932899,0.0321889435477825,-5.48903845417041,4.04127644682006e-08,ax_structure,843,0.93689124085153,0,,1610.77370183404,2571.65417058996,Reptilia,100km,SES.diet_plant.mean,Ectotherm,mean,diet_plant,3.68205187376939e-07
-0.0688272466188071,0.050481252888086,-1.36342191766502,0.172749577407,ax_human,843,0.93689124085153,0,,1610.77370183404,2571.65417058996,Reptilia,100km,SES.diet_plant.mean,Ectotherm,mean,diet_plant,0.2763993238512
-0.0837063280313096,0.164844670103284,-0.507789108248772,0.611601248953388,ax_thermal,843,0.961229382520491,0,,1958.03717609102,3002.05840982281,Reptilia,100km,SES.litter_size.mean,Ectotherm,mean,litter_size,0.720564689858877
-0.569702409430929,0.0980111418235948,-5.81262904228079,6.14992434755379e-09,ax_water,843,0.961229382520491,0,,1958.03717609102,3002.05840982281,Reptilia,100km,SES.litter_size.mean,Ectotherm,mean,litter_size,6.38346577847356e-08
-0.197965327348463,0.0989198817004525,-2.00126934995674,0.0453633709097567,ax_productivity,843,0.961229382520491,0,,1958.03717609102,3002.05840982281,Reptilia,100km,SES.litter_size.mean,Ectotherm,mean,litter_size,0.0939342528939407
0.111672592909635,0.0393013640273979,2.84144318328965,0.0044909853584596,ax_structure,843,0.961229382520491,0,,1958.03717609102,3002.05840982281,Reptilia,100km,SES.litter_size.mean,Ectotherm,mean,litter_size,0.0131053665264657
0.0790958152426865,0.0622944045422952,1.26970978892629,0.204188024613705,ax_human,843,0.961229382520491,0,,1958.03717609102,3002.05840982281,Reptilia,100km,SES.litter_size.mean,Ectotherm,mean,litter_size,0.314430385320634
0.112637420117707,0.0799004713625332,1.40972159734372,0.158621904946104,ax_thermal,843,0.93323134634606,0,,805.673956310086,1844.24873511864,Reptilia,100km,SES.diet_breadth.var,Ectotherm,var,diet_breadth,0.259880044067544
0.051508275518801,0.0494321070257694,1.04200040455385,0.297411491385019,ax_water,843,0.93323134634606,0,,805.673956310086,1844.24873511864,Reptilia,100km,SES.diet_breadth.var,Ectotherm,var,diet_breadth,0.420116146314756
0.091996779720226,0.0492758318712346,1.86697568009867,0.0619049841354278,ax_productivity,843,0.93323134634606,0,,805.673956310086,1844.24873511864,Reptilia,100km,SES.diet_breadth.var,Ectotherm,var,diet_breadth,0.120575028482306
-0.00106098795731495,0.019979768157916,-0.0531031165591671,0.957649748303483,ax_structure,843,0.93323134634606,0,,805.673956310086,1844.24873511864,Reptilia,100km,SES.diet_breadth.var,Ectotherm,var,diet_breadth,0.972474047812825
-0.0200822586278311,0.0312754218107303,-0.642109920990453,0.520801814742175,ax_human,843,0.93323134634606,0,,805.673956310086,1844.24873511864,Reptilia,100km,SES.diet_breadth.var,Ectotherm,var,diet_breadth,0.639786499009114
-0.409096888584859,0.0974765662377892,-4.19687422705154,2.70624121216923e-05,ax_thermal,843,0.937403629483965,0,,1128.79414371004,2276.03228454412,Reptilia,100km,SES.diet_vert.var,Ectotherm,var,diet_vert,0.000141796664151998
-0.00494543706996195,0.0599098062913992,-0.0825480397300489,0.934210918473358,ax_water,843,0.937403629483965,0,,1128.79414371004,2276.03228454412,Reptilia,100km,SES.diet_vert.var,Ectotherm,var,diet_vert,0.95816504458806
0.0665624111017489,0.0598480815634947,1.11218955332981,0.266056658599153,ax_productivity,843,0.937403629483965,0,,1128.79414371004,2276.03228454412,Reptilia,100km,SES.diet_vert.var,Ectotherm,var,diet_vert,0.384434290839305
0.0425687326724019,0.0241832170211457,1.76025930028995,0.0783638515359328,ax_structure,843,0.937403629483965,0,,1128.79414371004,2276.03228454412,Reptilia,100km,SES.diet_vert.var,Ectotherm,var,diet_vert,0.146876247450206
-0.0386249794067499,0.0379357582327557,-1.01816811383512,0.308598069933394,ax_human,843,0.937403629483965,0,,1128.79414371004,2276.03228454412,Reptilia,100km,SES.diet_vert.var,Ectotherm,var,diet_vert,0.43145851209784
0.0162002189320307,0.114544006644051,0.141432270501707,0.887528462314576,ax_thermal,843,0.915355046772158,1.03996666610376e-276,,1470.42163721276,2164.60124372104,Reptilia,100km,SES.diet_plant.var,Ectotherm,var,diet_plant,0.926266300508493
0.092403051090554,0.0730345860809604,1.26519579351245,0.205801150007558,ax_water,843,0.915355046772158,1.03996666610376e-276,,1470.42163721276,2164.60124372104,Reptilia,100km,SES.diet_plant.var,Ectotherm,var,diet_plant,0.316024237839321
-0.0707918505662911,0.0720721314591191,-0.982236117249367,0.325983538192256,ax_productivity,843,0.915355046772158,1.03996666610376e-276,,1470.42163721276,2164.60124372104,Reptilia,100km,SES.diet_plant.var,Ectotherm,var,diet_plant,0.447470092508173
-0.0994791316842983,0.0296966474536495,-3.34984384481666,0.000808571299660166,ax_structure,843,0.915355046772158,1.03996666610376e-276,,1470.42163721276,2164.60124372104,Reptilia,100km,SES.diet_plant.var,Ectotherm,var,diet_plant,0.00295994850768454
-0.081969826680062,0.0460258822704738,-1.78095068766659,0.0749205069739798,ax_human,843,0.915355046772158,1.03996666610376e-276,,1470.42163721276,2164.60124372104,Reptilia,100km,SES.diet_plant.var,Ectotherm,var,diet_plant,0.141229461422215
0.339801408495495,0.149657619729914,2.27052527702053,0.0231757314235319,ax_thermal,843,0.909129510122652,6.92554930966609e-231,,1943.03284639692,2545.59270740059,Reptilia,100km,SES.litter_size.var,Ectotherm,var,litter_size,0.0522808796899482
0.938680562830732,0.0964857451703135,9.72869682639444,0,ax_water,843,0.909129510122652,6.92554930966609e-231,,1943.03284639692,2545.59270740059,Reptilia,100km,SES.litter_size.var,Ectotherm,var,litter_size,0
-0.729290288777157,0.0948504396105275,-7.68884458281639,1.48769885299771e-14,ax_productivity,843,0.909129510122652,6.92554930966609e-231,,1943.03284639692,2545.59270740059,Reptilia,100km,SES.litter_size.var,Ectotherm,var,litter_size,3.34222756015924e-13
-0.0333990339445871,0.0393195766749517,-0.849425064280099,0.395644811226726,ax_structure,843,0.909129510122652,6.92554930966609e-231,,1943.03284639692,2545.59270740059,Reptilia,100km,SES.litter_size.var,Ectotherm,var,litter_size,0.517430215639419
0.0790443954115183,0.0607125531430128,1.30194484203825,0.192935241839514,ax_human,843,0.909129510122652,6.92554930966609e-231,,1943.03284639692,2545.59270740059,Reptilia,100km,SES.litter_size.var,Ectotherm,var,litter_size,0.301059749397529
0.37793598774767,0.100352618624083,3.76607997807615,0.00016583069058429,ax_thermal,842,0.875091676584008,1.01531927315369e-244,,1393.982003565,2004.7684676328,Reptilia,100km,SES.diet_breadth.skew,Ectotherm,skew,diet_breadth,0.000712224277831968
-0.126296401378196,0.0688100309031637,-1.83543590549948,0.066441127736262,ax_water,842,0.875091676584008,1.01531927315369e-244,,1393.982003565,2004.7684676328,Reptilia,100km,SES.diet_breadth.skew,Ectotherm,skew,diet_breadth,0.127741441368663
-0.00292942921679273,0.0660031602866858,-0.0443831659585496,0.964598980044349,ax_productivity,842,0.875091676584008,1.01531927315369e-244,,1393.982003565,2004.7684676328,Reptilia,100km,SES.diet_breadth.skew,Ectotherm,skew,diet_breadth,0.977110764220342
0.0819824676454844,0.0284009306136569,2.88661201848303,0.0038941409899329,ax_structure,842,0.875091676584008,1.01531927315369e-244,,1393.982003565,2004.7684676328,Reptilia,100km,SES.diet_breadth.skew,Ectotherm,skew,diet_breadth,0.0115905466850998
-0.0474816841667101,0.042903599917299,-1.1067062964002,0.268420932230685,ax_human,842,0.875091676584008,1.01531927315369e-244,,1393.982003565,2004.7684676328,Reptilia,100km,SES.diet_breadth.skew,Ectotherm,skew,diet_breadth,0.387168275161235
-0.221541680776617,0.0998913645369798,-2.21782615347698,0.0265666881589137,ax_thermal,821,0.899723836212744,3.07148685736317e-281,,1239.20167204221,1922.04728043407,Reptilia,100km,SES.diet_vert.skew,Ectotherm,skew,diet_vert,0.0587188255803484
-0.0967091244466968,0.0647750339203826,-1.49299998152939,0.135437191736114,ax_water,821,0.899723836212744,3.07148685736317e-281,,1239.20167204221,1922.04728043407,Reptilia,100km,SES.diet_vert.skew,Ectotherm,skew,diet_vert,0.229696995291859
-0.209414679596904,0.0634100220971818,-3.30254859832656,0.00095810484097858,ax_productivity,821,0.899723836212744,3.07148685736317e-281,,1239.20167204221,1922.04728043407,Reptilia,100km,SES.diet_vert.skew,Ectotherm,skew,diet_vert,0.00342023419051767
0.120798034389422,0.0271279908223701,4.45289277707252,8.47210675392063e-06,ax_structure,821,0.899723836212744,3.07148685736317e-281,,1239.20167204221,1922.04728043407,Reptilia,100km,SES.diet_vert.skew,Ectotherm,skew,diet_vert,5.05245639142903e-05
-0.178045991702867,0.040517179177521,-4.39433334988057,1.11113203355995e-05,ax_human,821,0.899723836212744,3.07148685736317e-281,,1239.20167204221,1922.04728043407,Reptilia,100km,SES.diet_vert.skew,Ectotherm,skew,diet_vert,6.46190260651884e-05
0.08165720660395,0.19759173793217,0.413262252048118,0.679414483005183,ax_thermal,707,0.950898741055566,0,,1846.70428811892,2781.47102735999,Reptilia,100km,SES.diet_plant.skew,Ectotherm,skew,diet_plant,0.776400875761018
1.34475432222884,0.115303708142901,11.6627153097473,0,ax_water,707,0.950898741055566,0,,1846.70428811892,2781.47102735999,Reptilia,100km,SES.diet_plant.skew,Ectotherm,skew,diet_plant,0
0.00747689228773,0.125922854142986,0.0593767695198517,0.952652015644647,ax_productivity,707,0.950898741055566,0,,1846.70428811892,2781.47102735999,Reptilia,100km,SES.diet_plant.skew,Ectotherm,skew,diet_plant,0.969800934610317
0.186496345914917,0.0457208879748191,4.07901845689502,4.52262466010822e-05,ax_structure,707,0.950898741055566,0,,1846.70428811892,2781.47102735999,Reptilia,100km,SES.diet_plant.skew,Ectotherm,skew,diet_plant,0.000225443904029711
0.00429433931313737,0.0752324576149333,0.0570809388564353,0.95448072025247,ax_human,707,0.950898741055566,0,,1846.70428811892,2781.47102735999,Reptilia,100km,SES.diet_plant.skew,Ectotherm,skew,diet_plant,0.970457768886579
-0.2600354398464,0.0783115053034392,-3.32052664342004,0.000898477826978272,ax_thermal,843,0.865067628208121,1.73556192350684e-272,,1020.81072980676,1646.52958239657,Reptilia,100km,SES.litter_size.skew,Ectotherm,skew,litter_size,0.00325276740892796
0.105303123964668,0.0547954894270973,1.92174803192092,0.0546374702606287,ax_water,843,0.865067628208121,1.73556192350684e-272,,1020.81072980676,1646.52958239657,Reptilia,100km,SES.litter_size.skew,Ectotherm,skew,litter_size,0.109141840715507
-0.229912043789555,0.0522813444813648,-4.39759241217496,1.09458284764941e-05,ax_productivity,843,0.865067628208121,1.73556192350684e-272,,1020.81072980676,1646.52958239657,Reptilia,100km,SES.litter_size.skew,Ectotherm,skew,litter_size,6.38831270514244e-05
-0.0935478391586101,0.0227265535120373,-4.11623518317732,3.85111345913014e-05,ax_structure,843,0.865067628208121,1.73556192350684e-272,,1020.81072980676,1646.52958239657,Reptilia,100km,SES.litter_size.skew,Ectotherm,skew,litter_size,0.000194845895789852
0.0174883296423536,0.0340824154665039,0.513118844512094,0.607868190357392,ax_human,843,0.865067628208121,1.73556192350684e-272,,1020.81072980676,1646.52958239657,Reptilia,100km,SES.litter_size.skew,Ectotherm,skew,litter_size,0.717197001572751
0.312876995607146,0.101275504369064,3.08936497089142,0.00200584862571174,ax_thermal,842,0.857275272185554,5.62951589087341e-200,,1481.27385817371,1998.00820144607,Reptilia,100km,SES.diet_breadth.kurt,Ectotherm,kurt,diet_breadth,0.00650116945882856
-0.0289763250181546,0.07180104665923,-0.403564103399177,0.686533286954099,ax_water,842,0.857275272185554,5.62951589087341e-200,,1481.27385817371,1998.00820144607,Reptilia,100km,SES.diet_breadth.kurt,Ectotherm,kurt,diet_breadth,0.779677125937108
-0.0101292234221727,0.068015185721429,-0.148925909923398,0.881612096034543,ax_productivity,842,0.857275272185554,5.62951589087341e-200,,1481.27385817371,1998.00820144607,Reptilia,100km,SES.diet_breadth.kurt,Ectotherm,kurt,diet_breadth,0.924828781096047
0.0865260573569897,0.0298655619074112,2.8971849793162,0.00376527672570792,ax_structure,842,0.857275272185554,5.62951589087341e-200,,1481.27385817371,1998.00820144607,Reptilia,100km,SES.diet_breadth.kurt,Ectotherm,kurt,diet_breadth,0.0113512018936783
-0.0301565305942676,0.044558899764376,-0.676779066667556,0.498546141741277,ax_human,842,0.857275272185554,5.62951589087341e-200,,1481.27385817371,1998.00820144607,Reptilia,100km,SES.diet_breadth.kurt,Ectotherm,kurt,diet_breadth,0.617534495812458
-0.309904032003687,0.114603848581079,-2.70413285278495,0.00684829027282818,ax_thermal,821,0.82065280317907,2.69639475526513e-175,,1781.08421234783,2199.50526486315,Reptilia,100km,SES.diet_vert.kurt,Ectotherm,kurt,diet_vert,0.0189077374535997
0.062657664794126,0.0862511247293439,0.7264562055364,0.467559145821227,ax_water,821,0.82065280317907,2.69639475526513e-175,,1781.08421234783,2199.50526486315,Reptilia,100km,SES.diet_vert.kurt,Ectotherm,kurt,diet_vert,0.590752695798777
-0.10289719171759,0.0800114510401672,-1.28603081658817,0.198432306967427,ax_productivity,821,0.82065280317907,2.69639475526513e-175,,1781.08421234783,2199.50526486315,Reptilia,100km,SES.diet_vert.kurt,Ectotherm,kurt,diet_vert,0.308463491399603
0.25590314722259,0.0372112793968971,6.87703167883898,6.11133366135164e-12,ax_structure,821,0.82065280317907,2.69639475526513e-175,,1781.08421234783,2199.50526486315,Reptilia,100km,SES.diet_vert.kurt,Ectotherm,kurt,diet_vert,9.92335366793731e-11
-0.0887232364884076,0.0530210030615669,-1.6733602037929,0.0942564072141876,ax_human,821,0.82065280317907,2.69639475526513e-175,,1781.08421234783,2199.50526486315,Reptilia,100km,SES.diet_vert.kurt,Ectotherm,kurt,diet_vert,0.172330554995839
-0.0555149341843357,0.173181093972048,-0.320560015594405,0.748543842601062,ax_thermal,707,0.939431515772426,1.11255678286699e-308,,1671.68738975297,2455.06262370238,Reptilia,100km,SES.diet_plant.kurt,Ectotherm,kurt,diet_plant,0.826118372722572
-0.0694763037836016,0.101865557983678,-0.682039201068665,0.495214163416827,ax_water,707,0.939431515772426,1.11255678286699e-308,,1671.68738975297,2455.06262370238,Reptilia,100km,SES.diet_plant.kurt,Ectotherm,kurt,diet_plant,0.615732545870808
0.02026984746548,0.110936164785286,0.182716317124463,0.855020612079941,ax_productivity,707,0.939431515772426,1.11255678286699e-308,,1671.68738975297,2455.06262370238,Reptilia,100km,SES.diet_plant.kurt,Ectotherm,kurt,diet_plant,0.907007635065397
0.167295482173552,0.0405185188396831,4.12886470098965,3.64558836061235e-05,ax_structure,707,0.939431515772426,1.11255678286699e-308,,1671.68738975297,2455.06262370238,Reptilia,100km,SES.diet_plant.kurt,Ectotherm,kurt,diet_plant,0.000185101080848429
-0.0682975091061603,0.0663913584265896,-1.02871082509448,0.3036155815659,ax_human,707,0.939431515772426,1.11255678286699e-308,,1671.68738975297,2455.06262370238,Reptilia,100km,SES.diet_plant.kurt,Ectotherm,kurt,diet_plant,0.42630954945897
-0.206120231777804,0.0713787821937787,-2.88769611140507,0.00388074602869803,ax_thermal,843,0.881407400242743,3.42627016469158e-223,,799.328564507976,1361.53351313481,Reptilia,100km,SES.litter_size.kurt,Ectotherm,kurt,litter_size,0.0115800671669496
-0.0950983183591499,0.0484370104202502,-1.96333996532932,0.0496066845625305,ax_water,843,0.881407400242743,3.42627016469158e-223,,799.328564507976,1361.53351313481,Reptilia,100km,SES.litter_size.kurt,Ectotherm,kurt,litter_size,0.100686835003156
-0.120681876958212,0.0467476079500948,-2.58156261357898,0.00983541481609351,ax_productivity,843,0.881407400242743,3.42627016469158e-223,,799.328564507976,1361.53351313481,Reptilia,100km,SES.litter_size.kurt,Ectotherm,kurt,litter_size,0.0256033020609418
-0.0012834759058095,0.019951586176638,-0.064329517184572,0.948707850809044,ax_structure,843,0.881407400242743,3.42627016469158e-223,,799.328564507976,1361.53351313481,Reptilia,100km,SES.litter_size.kurt,Ectotherm,kurt,litter_size,0.966986249426248
0.0454617776405451,0.0302590515418314,1.50241912168651,0.132988901058931,ax_human,843,0.881407400242743,3.42627016469158e-223,,799.328564507976,1361.53351313481,Reptilia,100km,SES.litter_size.kurt,Ectotherm,kurt,litter_size,0.226246678150048
0.313146685514314,0.133326737075337,2.34871633689925,0.0188382521996009,ax_thermal,923,0.936820769966559,0,,1817.91477892369,2829.86587120125,Reptilia,100km,SES.FDis,Ectotherm,multivariate,SES.FDis,0.0443889850680251
0.630034098993337,0.0811120252209602,7.76745614817332,7.99360577730113e-15,ax_water,923,0.936820769966559,0,,1817.91477892369,2829.86587120125,Reptilia,100km,SES.FDis,Ectotherm,multivariate,SES.FDis,1.89992948909766e-13
-0.216529664947987,0.0846883749617589,-2.55678143600891,0.0105645573080195,ax_productivity,923,0.936820769966559,0,,1817.91477892369,2829.86587120125,Reptilia,100km,SES.FDis,Ectotherm,multivariate,SES.FDis,0.0271991742310079
0.017703580474127,0.0321027940823457,0.551465409170185,0.581314672732634,ax_structure,923,0.936820769966559,0,,1817.91477892369,2829.86587120125,Reptilia,100km,SES.FDis,Ectotherm,multivariate,SES.FDis,0.69435984215697
-0.0811063171490498,0.0522040943776856,-1.55363900314528,0.120270550297611,ax_human,923,0.936820769966559,0,,1817.91477892369,2829.86587120125,Reptilia,100km,SES.FDis,Ectotherm,multivariate,SES.FDis,0.208282684781501
0.330814759869917,0.10478349160755,3.15712670760135,0.00159332095407527,ax_thermal,843,0.906401409435828,6.09483752486143e-271,,1351.83606510679,2073.85327084122,Reptilia,100km,SES.FRic,Ectotherm,multivariate,SES.FRic,0.00533274768302744
0.24431306114563,0.0678881809266668,3.59875692367628,0.000319741870533186,ax_water,843,0.906401409435828,6.09483752486143e-271,,1351.83606510679,2073.85327084122,Reptilia,100km,SES.FRic,Ectotherm,multivariate,SES.FRic,0.00127275890212239
-0.21392257057742,0.066622856756671,-3.210948629218,0.00132297582599206,ax_productivity,843,0.906401409435828,6.09483752486143e-271,,1351.83606510679,2073.85327084122,Reptilia,100km,SES.FRic,Ectotherm,multivariate,SES.FRic,0.00452960408064086
0.110891846479911,0.0276931927615065,4.00429980879815,6.22014391076231e-05,ax_structure,843,0.906401409435828,6.09483752486143e-271,,1351.83606510679,2073.85327084122,Reptilia,100km,SES.FRic,Ectotherm,multivariate,SES.FRic,0.000297406297774058
-0.0689803251253993,0.0426887741105031,-1.6158891081491,0.106118290929694,ax_human,843,0.906401409435828,6.09483752486143e-271,,1351.83606510679,2073.85327084122,Reptilia,100km,SES.FRic,Ectotherm,multivariate,SES.FRic,0.188552542930334
0.334002571086932,0.131076618846743,2.54814759509057,0.0108296641643697,ax_thermal,901,0.936136191601823,0,,1757.05840342272,2766.02425317182,Reptilia,100km,SES.RaoQ,Ectotherm,multivariate,SES.RaoQ,0.0277510144211974
0.682871573480724,0.0799126946748736,8.54522020886669,0,ax_water,901,0.936136191601823,0,,1757.05840342272,2766.02425317182,Reptilia,100km,SES.RaoQ,Ectotherm,multivariate,SES.RaoQ,0
-0.198154028605831,0.0838823056641649,-2.36228638491614,0.018162605364604,ax_productivity,901,0.936136191601823,0,,1757.05840342272,2766.02425317182,Reptilia,100km,SES.RaoQ,Ectotherm,multivariate,SES.RaoQ,0.0428585220114397
0.0530304170284718,0.0318334643477012,1.66587011860371,0.0957392864150697,ax_structure,901,0.936136191601823,0,,1757.05840342272,2766.02425317182,Reptilia,100km,SES.RaoQ,Ectotherm,multivariate,SES.RaoQ,0.174509185236758
-0.0623493405588269,0.0516862639485762,-1.20630387641985,0.22770034355336,ax_human,901,0.936136191601823,0,,1757.05840342272,2766.02425317182,Reptilia,100km,SES.RaoQ,Ectotherm,multivariate,SES.RaoQ,0.342797802410532
0.267305444321088,0.117717513388437,2.27073641488714,0.0231629391961312,ax_thermal,923,0.940990292262657,0,,1574.75728192906,2576.84172122875,Reptilia,100km,SES.trait_vol,Ectotherm,multivariate,SES.trait_vol,0.0522808796899482
0.591260891574853,0.0711356940127651,8.311732946174,0,ax_water,923,0.940990292262657,0,,1574.75728192906,2576.84172122875,Reptilia,100km,SES.trait_vol,Ectotherm,multivariate,SES.trait_vol,0
-0.225307872729861,0.0744918799660238,-3.02459641014062,0.00248965107738508,ax_productivity,923,0.940990292262657,0,,1574.75728192906,2576.84172122875,Reptilia,100km,SES.trait_vol,Ectotherm,multivariate,SES.trait_vol,0.00783690550270927
0.036110071767156,0.0281199147625954,1.28414584724094,0.199090928834482,ax_structure,923,0.940990292262657,0,,1574.75728192906,2576.84172122875,Reptilia,100km,SES.trait_vol,Ectotherm,multivariate,SES.trait_vol,0.308786217850454
-0.0736112957470792,0.0458357155464876,-1.60598116271188,0.108278048914163,ax_human,923,0.940990292262657,0,,1574.75728192906,2576.84172122875,Reptilia,100km,SES.trait_vol,Ectotherm,multivariate,SES.trait_vol,0.190609257451304
0.38007341747258,0.115097414137619,3.30218902240614,0.000959333980267152,ax_thermal,901,0.898772874220215,1.99841583816569e-293,,1658.34282841835,2419.74309570951,Reptilia,100km,SES.trait_dens,Ectotherm,multivariate,SES.trait_dens,0.00342023419051767
0.261609813505809,0.0749718397415106,3.48944102756171,0.000484031844804944,ax_water,901,0.898772874220215,1.99841583816569e-293,,1658.34282841835,2419.74309570951,Reptilia,100km,SES.trait_dens,Ectotherm,multivariate,SES.trait_dens,0.00185470146140212
0.0374661683158612,0.0763308150886194,0.490839358552157,0.623540070151435,ax_productivity,901,0.898772874220215,1.99841583816569e-293,,1658.34282841835,2419.74309570951,Reptilia,100km,SES.trait_dens,Ectotherm,multivariate,SES.trait_dens,0.730432653605966
0.0682668687170553,0.0302394807520795,2.25754103639365,0.0239742883074661,ax_structure,901,0.898772874220215,1.99841583816569e-293,,1658.34282841835,2419.74309570951,Reptilia,100km,SES.trait_dens,Ectotherm,multivariate,SES.trait_dens,0.0537863650126462
0.0200368099618146,0.0478967800065084,0.418333131352293,0.675703569269228,ax_human,901,0.898772874220215,1.99841583816569e-293,,1658.34282841835,2419.74309570951,Reptilia,100km,SES.trait_dens,Ectotherm,multivariate,SES.trait_dens,0.773850456425652
