estimate,se,z,p,term,n,lambda,class,clade,order,response,n_species,thermal,p_adj
0.131827029855852,0.0601963661215222,2.18994996458298,0.0285278657756236,ax_thermal,2330,0.982498520252317,Aves,ACCIPITRIDAE,ACCIPITRIFORMES,SES.FDis,42,Endotherm,0.102328214195172
0.0344755019974721,0.0423616571341258,0.813837425866405,0.415738091633398,ax_water,2330,0.982498520252317,Aves,ACCIPITRIDAE,ACCIPITRIFORMES,SES.FDis,42,Endotherm,0.602866306140888
-0.0199910047055859,0.0284275416988395,-0.703226642576766,0.481914518213685,ax_productivity,2330,0.982498520252317,Aves,ACCIPITRIDAE,ACCIPITRIFORMES,SES.FDis,42,Endotherm,0.662632462543817
-0.006589228927591,0.0118422068046688,-0.556419005028116,0.577924449725438,ax_structure,2330,0.982498520252317,Aves,ACCIPITRIDAE,ACCIPITRIFORMES,SES.FDis,42,Endotherm,0.744684536315331
0.00510231377080012,0.0168351017859626,0.303075908638374,0.761832013351554,ax_human,2330,0.982498520252317,Aves,ACCIPITRIDAE,ACCIPITRIFORMES,SES.FDis,42,Endotherm,0.866576702760834
0.151932217195672,0.0639149891347114,2.37709838103,0.0174494334376574,ax_thermal,2330,0.979434194348184,Aves,ACCIPITRIDAE,ACCIPITRIFORMES,SES.RaoQ,42,Endotherm,0.0702233296881333
0.0367613874659491,0.0452642938023328,0.812149806787761,0.416705676639266,ax_water,2330,0.979434194348184,Aves,ACCIPITRIDAE,ACCIPITRIFORMES,SES.RaoQ,42,Endotherm,0.602866306140888
-0.0190555807446973,0.0304210733778598,-0.626394095566853,0.531056481388425,ax_productivity,2330,0.979434194348184,Aves,ACCIPITRIDAE,ACCIPITRIFORMES,SES.RaoQ,42,Endotherm,0.70522591089811
-0.0145573522414485,0.0126901126317725,-1.14714129526329,0.251323229156497,ax_structure,2330,0.979434194348184,Aves,ACCIPITRIDAE,ACCIPITRIFORMES,SES.RaoQ,42,Endotherm,0.436508766429705
0.00381190076354603,0.0180298278066046,0.211421917304705,0.832558055727152,ax_human,2330,0.979434194348184,Aves,ACCIPITRIDAE,ACCIPITRIFORMES,SES.RaoQ,42,Endotherm,0.90183758572801
-0.306980811525409,0.0574571852537723,-5.34277497530658,9.15343660867762e-08,ax_thermal,2330,0.98627573653484,Aves,ACCIPITRIDAE,ACCIPITRIFORMES,SES.body_mass.mean,42,Endotherm,3.1796148219617e-06
-0.0830155392562194,0.0401628830944277,-2.06697161309461,0.0387368288827821,ax_water,2330,0.98627573653484,Aves,ACCIPITRIDAE,ACCIPITRIFORMES,SES.body_mass.mean,42,Endotherm,0.124713692988469
-0.0254173615039259,0.0269048744703451,-0.944712138759141,0.34480585811132,ax_productivity,2330,0.98627573653484,Aves,ACCIPITRIDAE,ACCIPITRIFORMES,SES.body_mass.mean,42,Endotherm,0.541288725728158
0.0313519623671054,0.0111914774297121,2.8014140728077,0.00508791887787896,ax_structure,2330,0.98627573653484,Aves,ACCIPITRIDAE,ACCIPITRIFORMES,SES.body_mass.mean,42,Endotherm,0.0290183677306164
0.00352673055940106,0.0159202213595937,0.22152522127312,0.82468350063949,ax_human,2330,0.98627573653484,Aves,ACCIPITRIDAE,ACCIPITRIFORMES,SES.body_mass.mean,42,Endotherm,0.899036277891487
-0.0258899232310676,0.0654409078229069,-0.39562292291436,0.692383223950385,ax_thermal,2330,0.967773996834623,Aves,ACCIPITRIDAE,ACCIPITRIFORMES,SES.body_mass.var,42,Endotherm,0.823374644697755
-0.0405420868474965,0.047756787253032,-0.848928271340586,0.395921206352346,ax_water,2330,0.967773996834623,Aves,ACCIPITRIDAE,ACCIPITRIFORMES,SES.body_mass.var,42,Endotherm,0.589860036552028
-0.0291620944324752,0.0322939077385288,-0.903021544143535,0.366514460855334,ax_productivity,2330,0.967773996834623,Aves,ACCIPITRIDAE,ACCIPITRIFORMES,SES.body_mass.var,42,Endotherm,0.56650947111129
0.00381302049284107,0.0135618002364582,0.281158874659614,0.778588546099563,ax_structure,2330,0.967773996834623,Aves,ACCIPITRIDAE,ACCIPITRIFORMES,SES.body_mass.var,42,Endotherm,0.872979680238764
0.00866048545875957,0.0192148359422207,0.450718678254749,0.652192318630287,ax_human,2330,0.967773996834623,Aves,ACCIPITRIDAE,ACCIPITRIFORMES,SES.body_mass.var,42,Endotherm,0.792719945296481
-0.0423646885769831,0.055546367748123,-0.762690528552421,0.445647980485491,ax_thermal,2330,0.978233897520972,Aves,ACCIPITRIDAE,ACCIPITRIFORMES,SES.habitat_breadth.mean,42,Endotherm,0.625803547064732
-0.0596098018040176,0.0394431796663339,-1.51128287091156,0.13071639620632,ax_water,2330,0.978233897520972,Aves,ACCIPITRIDAE,ACCIPITRIFORMES,SES.habitat_breadth.mean,42,Endotherm,0.284728783815746
-0.0792891734131669,0.026524888056785,-2.98923687230736,0.00279675221052589,ax_productivity,2330,0.978233897520972,Aves,ACCIPITRIDAE,ACCIPITRIFORMES,SES.habitat_breadth.mean,42,Endotherm,0.0198479189134095
-0.0112343592248948,0.0110712835461886,-1.01472960908515,0.310234735908992,ax_structure,2330,0.978233897520972,Aves,ACCIPITRIDAE,ACCIPITRIFORMES,SES.habitat_breadth.mean,42,Endotherm,0.506819123019641
-0.00591067882926778,0.0157259233254215,-0.375855757843672,0.707024133013767,ax_human,2330,0.978233897520972,Aves,ACCIPITRIDAE,ACCIPITRIFORMES,SES.habitat_breadth.mean,42,Endotherm,0.831793097663255
0.486494365221981,0.0571088363074524,8.5187231377449,0,ax_thermal,2330,0.957917263776876,Aves,ACCIPITRIDAE,ACCIPITRIFORMES,SES.habitat_breadth.var,42,Endotherm,0
0.30377098389052,0.0429701896416632,7.0693424074626,1.55675472512939e-12,ax_water,2330,0.957917263776876,Aves,ACCIPITRIDAE,ACCIPITRIFORMES,SES.habitat_breadth.var,42,Endotherm,3.42486039528467e-10
0.000670707249320701,0.029212640673106,0.0229594871900154,0.981682588962001,ax_productivity,2330,0.957917263776876,Aves,ACCIPITRIDAE,ACCIPITRIFORMES,SES.habitat_breadth.var,42,Endotherm,0.987668458406891
-0.0326311598724289,0.0123579222695185,-2.64050535039497,0.00827824855208892,ax_structure,2330,0.957917263776876,Aves,ACCIPITRIDAE,ACCIPITRIFORMES,SES.habitat_breadth.var,42,Endotherm,0.0426847190967085
-0.022856976703798,0.0174584050467928,-1.30922479129885,0.190458216850455,ax_human,2330,0.957917263776876,Aves,ACCIPITRIDAE,ACCIPITRIFORMES,SES.habitat_breadth.var,42,Endotherm,0.370675057598877
-0.0638355213556452,0.0519500999742908,-1.2287853418422,0.219152298747607,ax_thermal,1554,0.912193096695066,Aves,FRINGILLIDAE,PASSERIFORMES,SES.FDis,34,Endotherm,0.400186900756066
0.365584916759527,0.0699445626830865,5.22678107826573,1.72486525062965e-07,ax_water,1554,0.912193096695066,Aves,FRINGILLIDAE,PASSERIFORMES,SES.FDis,34,Endotherm,5.42100507340747e-06
-0.0619554678680919,0.0364915351502096,-1.69780382253214,0.0895447942229313,ax_productivity,1554,0.912193096695066,Aves,FRINGILLIDAE,PASSERIFORMES,SES.FDis,34,Endotherm,0.226435111828102
-0.0158471100774305,0.012344653711214,-1.28372252864694,0.199239058828405,ax_structure,1554,0.912193096695066,Aves,FRINGILLIDAE,PASSERIFORMES,SES.FDis,34,Endotherm,0.376784466552284
0.0857035133534656,0.0292619912701421,2.92883394579215,0.00340236133023231,ax_human,1554,0.912193096695066,Aves,FRINGILLIDAE,PASSERIFORMES,SES.FDis,34,Endotherm,0.0226824088682154
-0.0904984292556361,0.0515406027531639,-1.75586672296107,0.0791111681751522,ax_thermal,1554,0.903283082362742,Aves,FRINGILLIDAE,PASSERIFORMES,SES.RaoQ,34,Endotherm,0.206376960456919
0.294883196808197,0.0704004388797224,4.18865566040004,2.80611803507025e-05,ax_water,1554,0.903283082362742,Aves,FRINGILLIDAE,PASSERIFORMES,SES.RaoQ,34,Endotherm,0.000500550784634153
-0.0539301221947461,0.0365942235124359,-1.47373320208363,0.140553439597375,ax_productivity,1554,0.903283082362742,Aves,FRINGILLIDAE,PASSERIFORMES,SES.RaoQ,34,Endotherm,0.296374664965711
-0.0144800516595326,0.0125525121720459,-1.15355806559418,0.248681398953206,ax_structure,1554,0.903283082362742,Aves,FRINGILLIDAE,PASSERIFORMES,SES.RaoQ,34,Endotherm,0.434205617219884
0.0949946078856562,0.029644963176464,3.20440971102556,0.00135339731956763,ax_human,1554,0.903283082362742,Aves,FRINGILLIDAE,PASSERIFORMES,SES.RaoQ,34,Endotherm,0.0114518234732645
-0.0271590333775538,0.055058846659136,-0.493272834894141,0.621819820050747,ax_thermal,1554,0.94297241414886,Aves,FRINGILLIDAE,PASSERIFORMES,SES.body_mass.mean,34,Endotherm,0.774348539415843
-0.147326651082103,0.0708083574881383,-2.08063929609981,0.037466934228475,ax_water,1554,0.94297241414886,Aves,FRINGILLIDAE,PASSERIFORMES,SES.body_mass.mean,34,Endotherm,0.12186654919144
0.038608626218828,0.0373243452490027,1.03440866708464,0.300945154300388,ax_productivity,1554,0.94297241414886,Aves,FRINGILLIDAE,PASSERIFORMES,SES.body_mass.mean,34,Endotherm,0.497804014632221
0.0018787864183235,0.0120953827396527,0.155330877803826,0.876560474063728,ax_structure,1554,0.94297241414886,Aves,FRINGILLIDAE,PASSERIFORMES,SES.body_mass.mean,34,Endotherm,0.921567331883501
-0.0480333684012818,0.0290087044461256,-1.65582604664364,0.0977570514241741,ax_human,1554,0.94297241414886,Aves,FRINGILLIDAE,PASSERIFORMES,SES.body_mass.mean,34,Endotherm,0.238079903837472
0.0338490816167316,0.0609778219888664,0.555104798969564,0.578822980499644,ax_thermal,1554,0.918167450149918,Aves,FRINGILLIDAE,PASSERIFORMES,SES.body_mass.var,34,Endotherm,0.744684536315331
0.653584094581441,0.081322911322937,8.03689985945079,8.88178419700125e-16,ax_water,1554,0.918167450149918,Aves,FRINGILLIDAE,PASSERIFORMES,SES.body_mass.var,34,Endotherm,2.93098878501041e-13
-0.107268678389597,0.0425273787061513,-2.52234399704681,0.0116575645229422,ax_productivity,1554,0.918167450149918,Aves,FRINGILLIDAE,PASSERIFORMES,SES.body_mass.var,34,Endotherm,0.0559895298205711
0.0407645342670465,0.0142573617682307,2.85919196901357,0.00424721676287532,ax_structure,1554,0.918167450149918,Aves,FRINGILLIDAE,PASSERIFORMES,SES.body_mass.var,34,Endotherm,0.0259975549904137
0.00786428124754133,0.0338778453578384,0.232136405502594,0.816432069563054,ax_human,1554,0.918167450149918,Aves,FRINGILLIDAE,PASSERIFORMES,SES.body_mass.var,34,Endotherm,0.895091637726936
-0.13991465640452,0.0585448361687811,-2.38987185823109,0.016854252165077,ax_thermal,1554,0.942955614430168,Aves,FRINGILLIDAE,PASSERIFORMES,SES.habitat_breadth.mean,34,Endotherm,0.0698345536086145
-0.217775113139507,0.0752931722982466,-2.89236203618663,0.0038235706922205,ax_water,1554,0.942955614430168,Aves,FRINGILLIDAE,PASSERIFORMES,SES.habitat_breadth.mean,34,Endotherm,0.0245005500666556
-0.0945134610982152,0.0396882085713249,-2.38139902254248,0.0172470185427336,ax_productivity,1554,0.942955614430168,Aves,FRINGILLIDAE,PASSERIFORMES,SES.habitat_breadth.mean,34,Endotherm,0.0698345536086145
0.0363951419114703,0.0128616853056181,2.82973351055111,0.00465867899845085,ax_structure,1554,0.942955614430168,Aves,FRINGILLIDAE,PASSERIFORMES,SES.habitat_breadth.mean,34,Endotherm,0.0279520739907051
-0.0760361842713801,0.0308463731010392,-2.46499593395693,0.01370148063584,ax_human,1554,0.942955614430168,Aves,FRINGILLIDAE,PASSERIFORMES,SES.habitat_breadth.mean,34,Endotherm,0.0606911222795597
-0.00789297955404066,0.0533749266464668,-0.147878040307586,0.882439018944557,ax_thermal,1554,0.9377864569149,Aves,FRINGILLIDAE,PASSERIFORMES,SES.habitat_breadth.var,34,Endotherm,0.924459924608584
-0.111145452614118,0.0691260685615327,-1.60786596036749,0.107864538390293,ax_water,1554,0.9377864569149,Aves,FRINGILLIDAE,PASSERIFORMES,SES.habitat_breadth.var,34,Endotherm,0.250874978020895
-0.101972947177527,0.0363880549958504,-2.80237421838445,0.00507279933066185,ax_productivity,1554,0.9377864569149,Aves,FRINGILLIDAE,PASSERIFORMES,SES.habitat_breadth.var,34,Endotherm,0.0290183677306164
0.0539102933804085,0.011869370244062,4.54196745672997,5.57316458937862e-06,ax_structure,1554,0.9377864569149,Aves,FRINGILLIDAE,PASSERIFORMES,SES.habitat_breadth.var,34,Endotherm,0.000108184959676173
0.0132257677139051,0.0284151381797182,0.465447946452192,0.641610705419145,ax_human,1554,0.9377864569149,Aves,FRINGILLIDAE,PASSERIFORMES,SES.habitat_breadth.var,34,Endotherm,0.786131407605629
0.0653596887373756,0.0568928995671627,1.14881978655733,0.250630298692798,ax_thermal,2949,0.982630414607558,Aves,MUSCICAPIDAE,PASSERIFORMES,SES.FDis,63,Endotherm,0.436453818304081
-0.0390048887847868,0.0468349402556767,-0.832816025212271,0.404948495396611,ax_water,2949,0.982630414607558,Aves,MUSCICAPIDAE,PASSERIFORMES,SES.FDis,63,Endotherm,0.597910530115801
0.0800139970713866,0.0256630567192753,3.11786697690181,0.00182165002888568,ax_productivity,2949,0.982630414607558,Aves,MUSCICAPIDAE,PASSERIFORMES,SES.FDis,63,Endotherm,0.014144576694877
0.00735368806904025,0.0108195136097492,0.679669006785486,0.496714064699188,ax_structure,2949,0.982630414607558,Aves,MUSCICAPIDAE,PASSERIFORMES,SES.FDis,63,Endotherm,0.675940789075183
0.0161805794679466,0.0145133154813787,1.11487822949257,0.264902607097799,ax_human,2949,0.982630414607558,Aves,MUSCICAPIDAE,PASSERIFORMES,SES.FDis,63,Endotherm,0.455540619461409
0.0710112448101072,0.0593684998342279,1.19610980584635,0.231653711508189,ax_thermal,2949,0.982617334700858,Aves,MUSCICAPIDAE,PASSERIFORMES,SES.RaoQ,63,Endotherm,0.414339971803265
-0.0420531738184981,0.0488735206929762,-0.860449037070123,0.38954156467915,ax_water,2949,0.982617334700858,Aves,MUSCICAPIDAE,PASSERIFORMES,SES.RaoQ,63,Endotherm,0.584025947888967
0.0874139503284265,0.0267805419859825,3.26408443765555,0.00109818431699771,ax_productivity,2949,0.982617334700858,Aves,MUSCICAPIDAE,PASSERIFORMES,SES.RaoQ,63,Endotherm,0.00966402198957983
0.00826642732757256,0.0112906912889677,0.732145367896986,0.464079845480552,ax_structure,2949,0.982617334700858,Aves,MUSCICAPIDAE,PASSERIFORMES,SES.RaoQ,63,Endotherm,0.643472054657909
0.0156800082446566,0.0151453279331965,1.03530331689208,0.300527281302841,ax_human,2949,0.982617334700858,Aves,MUSCICAPIDAE,PASSERIFORMES,SES.RaoQ,63,Endotherm,0.497804014632221
-0.178190053109614,0.0533818958911289,-3.33802406480708,0.000843764414009129,ax_thermal,2949,0.981644298762973,Aves,MUSCICAPIDAE,PASSERIFORMES,SES.body_mass.mean,63,Endotherm,0.00773450712841702
-0.0656989552382563,0.0439886325192833,-1.49354393341179,0.135294863076937,ax_water,2949,0.981644298762973,Aves,MUSCICAPIDAE,PASSERIFORMES,SES.body_mass.mean,63,Endotherm,0.291812449773786
0.0436708452263296,0.0241345355527227,1.8094752696164,0.0703771987946718,ax_productivity,2949,0.981644298762973,Aves,MUSCICAPIDAE,PASSERIFORMES,SES.body_mass.mean,63,Endotherm,0.192917755866444
-0.0709788853173141,0.0101783738768696,-6.97349951730637,3.09152703437121e-12,ax_structure,2949,0.981644298762973,Aves,MUSCICAPIDAE,PASSERIFORMES,SES.body_mass.mean,63,Endotherm,4.48441284106593e-10
0.0160902849685804,0.0136514719355884,1.1786483570782,0.238538227536617,ax_human,2949,0.981644298762973,Aves,MUSCICAPIDAE,PASSERIFORMES,SES.body_mass.mean,63,Endotherm,0.422078365078197
0.0550410012059583,0.0486157807370049,1.1321632682135,0.257565799693235,ax_thermal,2949,0.967607426244795,Aves,MUSCICAPIDAE,PASSERIFORMES,SES.body_mass.var,63,Endotherm,0.445361536634205
-0.0630686255471581,0.0407891063107177,-1.54621248788151,0.122053258555707,ax_water,2949,0.967607426244795,Aves,MUSCICAPIDAE,PASSERIFORMES,SES.body_mass.var,63,Endotherm,0.272145779212049
0.0624785137753794,0.022866383079104,2.73233040657287,0.00628880388589059,ax_productivity,2949,0.967607426244795,Aves,MUSCICAPIDAE,PASSERIFORMES,SES.body_mass.var,63,Endotherm,0.0334726658442564
-0.0283781105150674,0.00970334446826166,-2.92457003952487,0.00344932447240209,ax_structure,2949,0.967607426244795,Aves,MUSCICAPIDAE,PASSERIFORMES,SES.body_mass.var,63,Endotherm,0.0227655415178538
0.0225991332058912,0.0129808464987886,1.74095989872465,0.0816906079913862,ax_human,2949,0.967607426244795,Aves,MUSCICAPIDAE,PASSERIFORMES,SES.body_mass.var,63,Endotherm,0.211434514801235
-0.0608723146707344,0.0589822343182786,-1.0320449093579,0.302051079727389,ax_thermal,2949,0.987213362863736,Aves,MUSCICAPIDAE,PASSERIFORMES,SES.habitat_breadth.mean,63,Endotherm,0.498384281550191
-0.160636694939411,0.0483566389337512,-3.32191604878668,0.000894015881039323,ax_water,2949,0.987213362863736,Aves,MUSCICAPIDAE,PASSERIFORMES,SES.habitat_breadth.mean,63,Endotherm,0.00808288330802676
-0.0920589003676842,0.0263521456911429,-3.49341193869559,0.000476890240756145,ax_productivity,2949,0.987213362863736,Aves,MUSCICAPIDAE,PASSERIFORMES,SES.habitat_breadth.mean,63,Endotherm,0.0051597960475255
-0.0508175118850791,0.0110954754516477,-4.58002111820567,4.64928982890633e-06,ax_structure,2949,0.987213362863736,Aves,MUSCICAPIDAE,PASSERIFORMES,SES.habitat_breadth.mean,63,Endotherm,9.29857965781267e-05
-0.0116776571358313,0.0148915650494196,-0.784179305336778,0.432934906393422,ax_human,2949,0.987213362863736,Aves,MUSCICAPIDAE,PASSERIFORMES,SES.habitat_breadth.mean,63,Endotherm,0.617142631143972
-0.12769475811312,0.0507253094055729,-2.51737760911697,0.0118232038990311,ax_thermal,2949,0.967224029201487,Aves,MUSCICAPIDAE,PASSERIFORMES,SES.habitat_breadth.var,63,Endotherm,0.0559895298205711
-0.10647834163319,0.0425833928921913,-2.50046636496913,0.0124029910086549,ax_water,2949,0.967224029201487,Aves,MUSCICAPIDAE,PASSERIFORMES,SES.habitat_breadth.var,63,Endotherm,0.0572445738860997
0.0105369193464652,0.023887776354152,0.441100887342902,0.659139961145857,ax_productivity,2949,0.967224029201487,Aves,MUSCICAPIDAE,PASSERIFORMES,SES.habitat_breadth.var,63,Endotherm,0.79822454010324
0.00305398351019911,0.0101389098986629,0.30121418778974,0.763251171650266,ax_structure,2949,0.967224029201487,Aves,MUSCICAPIDAE,PASSERIFORMES,SES.habitat_breadth.var,63,Endotherm,0.866576702760834
0.00379699200718814,0.0135623247437482,0.279966162065131,0.779503465900844,ax_human,2949,0.967224029201487,Aves,MUSCICAPIDAE,PASSERIFORMES,SES.habitat_breadth.var,63,Endotherm,0.872979680238764
0.0718894437604375,0.0882654710016896,0.81446847724929,0.415376623669553,ax_thermal,1311,0.964028536746144,Aves,PHASIANIDAE,GALLIFORMES,SES.FDis,57,Endotherm,0.602866306140888
0.0609260185754639,0.0809209026769501,0.752908291429852,0.451505025305666,ax_water,1311,0.964028536746144,Aves,PHASIANIDAE,GALLIFORMES,SES.FDis,57,Endotherm,0.632682201065264
-0.0144887380450855,0.0468391066298826,-0.30932994003438,0.757070558159267,ax_productivity,1311,0.964028536746144,Aves,PHASIANIDAE,GALLIFORMES,SES.FDis,57,Endotherm,0.864475031808159
-0.0613173523050633,0.0198231832476886,-3.09321421988131,0.00198001152195371,ax_structure,1311,0.964028536746144,Aves,PHASIANIDAE,GALLIFORMES,SES.FDis,57,Endotherm,0.0151954372615052
0.0480770999866084,0.0301213085845755,1.59611591414151,0.110462916252703,ax_human,1311,0.964028536746144,Aves,PHASIANIDAE,GALLIFORMES,SES.FDis,57,Endotherm,0.254026218560223
0.0886523155494982,0.0855618695468836,1.03611943052415,0.300146428397709,ax_thermal,1311,0.963929111956875,Aves,PHASIANIDAE,GALLIFORMES,SES.RaoQ,57,Endotherm,0.497804014632221
0.060478799267202,0.0784411210820971,0.771008859038417,0.440701680570237,ax_water,1311,0.963929111956875,Aves,PHASIANIDAE,GALLIFORMES,SES.RaoQ,57,Endotherm,0.623492313891934
-0.00930124665261595,0.0454124695157589,-0.204817019461764,0.837715089288983,ax_productivity,1311,0.963929111956875,Aves,PHASIANIDAE,GALLIFORMES,SES.RaoQ,57,Endotherm,0.903418233546942
-0.0566671426074888,0.0192198989679498,-2.94835798575134,0.00319466883623032,ax_structure,1311,0.963929111956875,Aves,PHASIANIDAE,GALLIFORMES,SES.RaoQ,57,Endotherm,0.0220919700395048
0.0443821282960967,0.029204330293388,1.51971053094633,0.128583743691379,ax_human,1311,0.963929111956875,Aves,PHASIANIDAE,GALLIFORMES,SES.RaoQ,57,Endotherm,0.282884236121035
-0.188103067702989,0.0654713759128469,-2.87305811250071,0.00406519331785571,ax_thermal,1311,0.957875319765188,Aves,PHASIANIDAE,GALLIFORMES,SES.body_mass.mean,57,Endotherm,0.0255779809117396
-0.0598065181724308,0.0599711529032082,-0.997254767954135,0.318640862998571,ax_water,1311,0.957875319765188,Aves,PHASIANIDAE,GALLIFORMES,SES.body_mass.mean,57,Endotherm,0.517987609800632
0.0150643876507835,0.0351426127509168,0.428664418253607,0.668167458423868,ax_productivity,1311,0.957875319765188,Aves,PHASIANIDAE,GALLIFORMES,SES.body_mass.mean,57,Endotherm,0.803261425427601
0.0706626933886622,0.014898471312193,4.74294925351378,2.10629046670796e-06,ax_structure,1311,0.957875319765188,Aves,PHASIANIDAE,GALLIFORMES,SES.body_mass.mean,57,Endotherm,4.43563780880285e-05
-0.0217691486532069,0.022623608335811,-0.962231503042261,0.3359333277463,ax_human,1311,0.957875319765188,Aves,PHASIANIDAE,GALLIFORMES,SES.body_mass.mean,57,Endotherm,0.535694526336171
-0.104784228005433,0.0589008163846311,-1.77899449340696,0.075240664755637,ax_thermal,1311,0.952410850241631,Aves,PHASIANIDAE,GALLIFORMES,SES.body_mass.var,57,Endotherm,0.198635354954882
-0.103406276385025,0.0539143982882953,-1.91797144488347,0.0551146320032778,ax_water,1311,0.952410850241631,Aves,PHASIANIDAE,GALLIFORMES,SES.body_mass.var,57,Endotherm,0.161669587209615
0.0515338829285822,0.0319596518963187,1.61246696602844,0.106860362762468,ax_productivity,1311,0.952410850241631,Aves,PHASIANIDAE,GALLIFORMES,SES.body_mass.var,57,Endotherm,0.250874978020895
-0.0379735390478636,0.0135723284553691,-2.79786472695049,0.00514416518860927,ax_structure,1311,0.952410850241631,Aves,PHASIANIDAE,GALLIFORMES,SES.body_mass.var,57,Endotherm,0.0290183677306164
0.0200134092631466,0.0205968998554907,0.971670950655782,0.331214272917624,ax_human,1311,0.952410850241631,Aves,PHASIANIDAE,GALLIFORMES,SES.body_mass.var,57,Endotherm,0.530585971178719
-0.0688040971236814,0.0723164315788778,-0.951431031945134,0.341385613651151,ax_thermal,1311,0.926257790300977,Aves,PHASIANIDAE,GALLIFORMES,SES.habitat_breadth.mean,57,Endotherm,0.539029916291291
-0.0634844655280013,0.0660532332985871,-0.961110643002533,0.336496538883385,ax_water,1311,0.926257790300977,Aves,PHASIANIDAE,GALLIFORMES,SES.habitat_breadth.mean,57,Endotherm,0.535694526336171
-0.114753689112767,0.0415396192342938,-2.76251181951206,0.00573584849772102,ax_productivity,1311,0.926257790300977,Aves,PHASIANIDAE,GALLIFORMES,SES.habitat_breadth.mean,57,Endotherm,0.0307777236463079
-0.0385234962630744,0.0178288211503599,-2.1607427624174,0.0307152156779329,ax_structure,1311,0.926257790300977,Aves,PHASIANIDAE,GALLIFORMES,SES.habitat_breadth.mean,57,Endotherm,0.107259483319766
0.0345408835965827,0.0269604894644597,1.2811667845317,0.200135090153381,ax_human,1311,0.926257790300977,Aves,PHASIANIDAE,GALLIFORMES,SES.habitat_breadth.mean,57,Endotherm,0.377397598574948
0.198658402248496,0.0785393137555859,2.52941352233762,0.0114253325607905,ax_thermal,1311,0.95432580884603,Aves,PHASIANIDAE,GALLIFORMES,SES.habitat_breadth.var,57,Endotherm,0.0554464668391303
0.286669063733093,0.0719075929957895,3.98663133877779,6.70180361646011e-05,ax_water,1311,0.95432580884603,Aves,PHASIANIDAE,GALLIFORMES,SES.habitat_breadth.var,57,Endotherm,0.00105314056830087
0.0380743621657922,0.0424515989313397,0.896888765659283,0.369778275397793,ax_productivity,1311,0.95432580884603,Aves,PHASIANIDAE,GALLIFORMES,SES.habitat_breadth.var,57,Endotherm,0.568889654458144
-0.00491651519917276,0.0180167488839871,-0.272885814795502,0.784940990990022,ax_structure,1311,0.95432580884603,Aves,PHASIANIDAE,GALLIFORMES,SES.habitat_breadth.var,57,Endotherm,0.875103131846984
0.0111404587898926,0.0273477671687286,0.407362645775022,0.683741658003375,ax_human,1311,0.95432580884603,Aves,PHASIANIDAE,GALLIFORMES,SES.habitat_breadth.var,57,Endotherm,0.816038868503123
0.033987344002257,0.062002012996607,0.548165170123056,0.583578495351547,ax_thermal,2193,0.963019883361947,Aves,SYLVIIDAE,PASSERIFORMES,SES.FDis,60,Endotherm,0.748883962653974
0.254669817053865,0.0687599537193874,3.70375201375476,0.000212433935081302,ax_water,2193,0.963019883361947,Aves,SYLVIIDAE,PASSERIFORMES,SES.FDis,60,Endotherm,0.0026962768683396
0.0706759225498119,0.032256552542389,2.19105629645125,0.0284477188069674,ax_productivity,2193,0.963019883361947,Aves,SYLVIIDAE,PASSERIFORMES,SES.FDis,60,Endotherm,0.102328214195172
0.0311739022043389,0.0122791948252105,2.53875784594081,0.0111246793186197,ax_structure,2193,0.963019883361947,Aves,SYLVIIDAE,PASSERIFORMES,SES.FDis,60,Endotherm,0.0547931966439478
0.0159136929170285,0.0193920228998665,0.820630885142883,0.411856549800151,ax_human,2193,0.963019883361947,Aves,SYLVIIDAE,PASSERIFORMES,SES.FDis,60,Endotherm,0.602866306140888
0.0195895510620507,0.0613557572367552,0.31927812391688,0.74951561985861,ax_thermal,2193,0.961628462724559,Aves,SYLVIIDAE,PASSERIFORMES,SES.RaoQ,60,Endotherm,0.862612755197062
0.263317611659852,0.0680707192105359,3.86829483680696,0.000109599095885926,ax_water,2193,0.961628462724559,Aves,SYLVIIDAE,PASSERIFORMES,SES.RaoQ,60,Endotherm,0.00153905113371726
0.0754656868957547,0.0320244942809837,2.35649894214151,0.0184481201915259,ax_productivity,2193,0.961628462724559,Aves,SYLVIIDAE,PASSERIFORMES,SES.RaoQ,60,Endotherm,0.0730834425646284
0.0248525013489819,0.0122051035107898,2.03623847409497,0.0417264146030969,ax_structure,2193,0.961628462724559,Aves,SYLVIIDAE,PASSERIFORMES,SES.RaoQ,60,Endotherm,0.131767625062411
0.0152838930354985,0.0192651046703321,0.793345963961227,0.427576284051995,ax_human,2193,0.961628462724559,Aves,SYLVIIDAE,PASSERIFORMES,SES.RaoQ,60,Endotherm,0.613479016248515
-0.0347779562997642,0.064309642968765,-0.540789136656469,0.588652931376539,ax_thermal,2193,0.975529234691257,Aves,SYLVIIDAE,PASSERIFORMES,SES.body_mass.mean,60,Endotherm,0.75292816803976
0.0351597098370976,0.0711330000046419,0.494281273597391,0.621107548449506,ax_water,2193,0.975529234691257,Aves,SYLVIIDAE,PASSERIFORMES,SES.body_mass.mean,60,Endotherm,0.774348539415843
-0.0161142960145241,0.0325828400858608,-0.494563886145606,0.620907999678409,ax_productivity,2193,0.975529234691257,Aves,SYLVIIDAE,PASSERIFORMES,SES.body_mass.mean,60,Endotherm,0.774348539415843
-0.0112245643501595,0.0122915302155212,-0.913195033762809,0.36113997540689,ax_structure,2193,0.975529234691257,Aves,SYLVIIDAE,PASSERIFORMES,SES.body_mass.mean,60,Endotherm,0.559512637954337
0.0256515807324474,0.0194907581334056,1.3160894284806,0.188144028757155,ax_human,2193,0.975529234691257,Aves,SYLVIIDAE,PASSERIFORMES,SES.body_mass.mean,60,Endotherm,0.368471985103033
0.108556855476102,0.0600702414048591,1.80716529411717,0.0707365104843629,ax_thermal,2193,0.970147966711331,Aves,SYLVIIDAE,PASSERIFORMES,SES.body_mass.var,60,Endotherm,0.192917755866444
0.100631852986265,0.0665030470205806,1.51319161293651,0.13023099402694,ax_water,2193,0.970147966711331,Aves,SYLVIIDAE,PASSERIFORMES,SES.body_mass.var,60,Endotherm,0.284728783815746
0.058733927300128,0.0307620728201914,1.90929680335379,0.0562238144572034,ax_productivity,2193,0.970147966711331,Aves,SYLVIIDAE,PASSERIFORMES,SES.body_mass.var,60,Endotherm,0.162182402378243
0.0181892573344068,0.0116461617494396,1.56182420661313,0.118329407593711,ax_structure,2193,0.970147966711331,Aves,SYLVIIDAE,PASSERIFORMES,SES.body_mass.var,60,Endotherm,0.265637445618534
0.00314425928198998,0.0184374245163922,0.170536794832408,0.864588000061436,ax_human,2193,0.970147966711331,Aves,SYLVIIDAE,PASSERIFORMES,SES.body_mass.var,60,Endotherm,0.919862562510788
-0.179039772593735,0.0639617245384715,-2.7991705021344,0.00512340762135177,ax_thermal,2193,0.973363588317569,Aves,SYLVIIDAE,PASSERIFORMES,SES.habitat_breadth.mean,60,Endotherm,0.0290183677306164
-0.163882036395188,0.0707704397134639,-2.31568486869257,0.0205754811759327,ax_water,2193,0.973363588317569,Aves,SYLVIIDAE,PASSERIFORMES,SES.habitat_breadth.mean,60,Endotherm,0.0794141378720208
-0.0449668816432579,0.0325415966391882,-1.38182776161347,0.167024592738237,ax_productivity,2193,0.973363588317569,Aves,SYLVIIDAE,PASSERIFORMES,SES.habitat_breadth.mean,60,Endotherm,0.338147948488455
-0.0592469570066541,0.0122928593056181,-4.81962377781197,1.4382919482081e-06,ax_structure,2193,0.973363588317569,Aves,SYLVIIDAE,PASSERIFORMES,SES.habitat_breadth.mean,60,Endotherm,3.27335408902534e-05
0.00609186018050613,0.0194806165865054,0.312713930457729,0.754498011037575,ax_human,2193,0.973363588317569,Aves,SYLVIIDAE,PASSERIFORMES,SES.habitat_breadth.mean,60,Endotherm,0.864307222077293
-0.0539743405102124,0.048501061364244,-1.11284864685463,0.265773438389409,ax_thermal,2193,0.974922771115424,Aves,SYLVIIDAE,PASSERIFORMES,SES.habitat_breadth.var,60,Endotherm,0.455611608667558
0.172524483392893,0.0536515058859583,3.21565034464478,0.0013014930145856,ax_water,2193,0.974922771115424,Aves,SYLVIIDAE,PASSERIFORMES,SES.habitat_breadth.var,60,Endotherm,0.0111556544107337
0.0191406742284942,0.0246014533269605,0.778030223422538,0.43655119587506,ax_productivity,2193,0.974922771115424,Aves,SYLVIIDAE,PASSERIFORMES,SES.habitat_breadth.var,60,Endotherm,0.619621052209762
0.0100696271449741,0.00928413130135573,1.08460628335832,0.278096070908004,ax_structure,2193,0.974922771115424,Aves,SYLVIIDAE,PASSERIFORMES,SES.habitat_breadth.var,60,Endotherm,0.471833950640829
0.0155754689006464,0.0147193666800868,1.05816162061632,0.28998176524216,ax_human,2193,0.974922771115424,Aves,SYLVIIDAE,PASSERIFORMES,SES.habitat_breadth.var,60,Endotherm,0.487653125863553
-0.0995631350677855,0.123016259973929,-0.809349390795057,0.418314203962572,ax_thermal,1094,0.884691706673702,Aves,TIMALIIDAE,PASSERIFORMES,SES.FDis,81,Endotherm,0.602866306140888
0.376951491979047,0.0714090707722702,5.27876203824552,1.30059575109698e-07,ax_water,1094,0.884691706673702,Aves,TIMALIIDAE,PASSERIFORMES,SES.FDis,81,Endotherm,4.29196597862003e-06
-0.0255974110624537,0.0604408614748963,-0.423511684609019,0.671921975267354,ax_productivity,1094,0.884691706673702,Aves,TIMALIIDAE,PASSERIFORMES,SES.FDis,81,Endotherm,0.806306370320825
-0.012025371566211,0.0311440070682193,-0.386121527004218,0.699406667543741,ax_structure,1094,0.884691706673702,Aves,TIMALIIDAE,PASSERIFORMES,SES.FDis,81,Endotherm,0.827255198170016
-0.00787222257904706,0.0375815301958174,-0.209470517512967,0.834080948471462,ax_human,1094,0.884691706673702,Aves,TIMALIIDAE,PASSERIFORMES,SES.FDis,81,Endotherm,0.90183758572801
-0.105684424001945,0.120017211851879,-0.880577230309074,0.378546687189439,ax_thermal,1094,0.873590320958563,Aves,TIMALIIDAE,PASSERIFORMES,SES.RaoQ,81,Endotherm,0.575670077292695
0.402023249972483,0.0700495517733088,5.73912665813326,9.51660283909916e-09,ax_water,1094,0.873590320958563,Aves,TIMALIIDAE,PASSERIFORMES,SES.RaoQ,81,Endotherm,3.92559867112841e-07
-0.0214109642957803,0.0603809531795517,-0.354597984435781,0.722890786349592,ax_productivity,1094,0.873590320958563,Aves,TIMALIIDAE,PASSERIFORMES,SES.RaoQ,81,Endotherm,0.846749864975828
-0.00489452858643297,0.031329200084992,-0.156228967645352,0.875852544195974,ax_structure,1094,0.873590320958563,Aves,TIMALIIDAE,PASSERIFORMES,SES.RaoQ,81,Endotherm,0.921567331883501
-0.00518582054855991,0.0375811593360021,-0.137989903456543,0.890248397085157,ax_human,1094,0.873590320958563,Aves,TIMALIIDAE,PASSERIFORMES,SES.RaoQ,81,Endotherm,0.926750134731452
-0.503476802956057,0.146850699947137,-3.42849440375358,0.000606939048397814,ax_thermal,1094,0.9413756511371,Aves,TIMALIIDAE,PASSERIFORMES,SES.body_mass.mean,81,Endotherm,0.00589087899915526
-0.0514062035389509,0.0830628482188821,-0.618883226872843,0.535993288988851,ax_water,1094,0.9413756511371,Aves,TIMALIIDAE,PASSERIFORMES,SES.body_mass.mean,81,Endotherm,0.710352551671971
0.0369635703580261,0.0645177590477862,0.572920865565843,0.56669827607095,ax_productivity,1094,0.9413756511371,Aves,TIMALIIDAE,PASSERIFORMES,SES.body_mass.mean,81,Endotherm,0.736261539777218
-0.180253946668266,0.0321044179299842,-5.61461500599008,1.97000369350775e-08,ax_structure,1094,0.9413756511371,Aves,TIMALIIDAE,PASSERIFORMES,SES.body_mass.mean,81,Endotherm,7.64824963361832e-07
-0.0591961626258088,0.0400883144757866,-1.47664383997894,0.139771133556659,ax_human,1094,0.9413756511371,Aves,TIMALIIDAE,PASSERIFORMES,SES.body_mass.mean,81,Endotherm,0.295669705600624
-1.10224900270866,0.164649845776063,-6.69450370580855,2.16404671959936e-11,ax_thermal,1094,0.947583840864575,Aves,TIMALIIDAE,PASSERIFORMES,SES.body_mass.var,81,Endotherm,2.04038690705082e-09
-0.045821204890248,0.092893684274684,-0.49326501847807,0.621825342258177,ax_water,1094,0.947583840864575,Aves,TIMALIIDAE,PASSERIFORMES,SES.body_mass.var,81,Endotherm,0.774348539415843
0.136841252006389,0.0715881562052126,1.91150686454507,0.0559394754864269,ax_productivity,1094,0.947583840864575,Aves,TIMALIIDAE,PASSERIFORMES,SES.body_mass.var,81,Endotherm,0.162182402378243
-0.119784077834078,0.0355011398025391,-3.37409104328282,0.000740598689677574,ax_structure,1094,0.947583840864575,Aves,TIMALIIDAE,PASSERIFORMES,SES.body_mass.var,81,Endotherm,0.00688443852376336
0.0279098756275312,0.0444957746269533,0.627247774907256,0.530496831141163,ax_human,1094,0.947583840864575,Aves,TIMALIIDAE,PASSERIFORMES,SES.body_mass.var,81,Endotherm,0.70522591089811
0.0547123473959184,0.156098402475142,0.35049908601487,0.725964175957285,ax_thermal,1094,0.940574760174103,Aves,TIMALIIDAE,PASSERIFORMES,SES.habitat_breadth.mean,81,Endotherm,0.848028948905855
0.111684704732396,0.0883231095494554,1.26450150251854,0.206050081762015,ax_water,1094,0.940574760174103,Aves,TIMALIIDAE,PASSERIFORMES,SES.habitat_breadth.mean,81,Endotherm,0.385239410433223
0.169382191241866,0.0686754545749756,2.46641529044332,0.0136473004178541,ax_productivity,1094,0.940574760174103,Aves,TIMALIIDAE,PASSERIFORMES,SES.habitat_breadth.mean,81,Endotherm,0.0606911222795597
-0.175986574048939,0.0341887594955762,-5.14749808549534,2.63983697790238e-07,ax_structure,1094,0.940574760174103,Aves,TIMALIIDAE,PASSERIFORMES,SES.habitat_breadth.mean,81,Endotherm,7.57518437137204e-06
-0.0435709760753722,0.0426701528910063,-1.02111131841189,0.307201701254416,ax_human,1094,0.940574760174103,Aves,TIMALIIDAE,PASSERIFORMES,SES.habitat_breadth.mean,81,Endotherm,0.50436100205949
0.300265299631988,0.120468655413808,2.49247655832616,0.0126855703947677,ax_thermal,1094,0.905895953883983,Aves,TIMALIIDAE,PASSERIFORMES,SES.habitat_breadth.var,81,Endotherm,0.0577412169692875
0.264556517379725,0.0692241778563649,3.82173578036074,0.000132515630247188,ax_water,1094,0.905895953883983,Aves,TIMALIIDAE,PASSERIFORMES,SES.habitat_breadth.var,81,Endotherm,0.00182208991589883
0.00189885021448408,0.0566238655787259,0.0335344504490611,0.97324839378719,ax_productivity,1094,0.905895953883983,Aves,TIMALIIDAE,PASSERIFORMES,SES.habitat_breadth.var,81,Endotherm,0.985190091870469
-0.0988481749442373,0.0287892770027956,-3.43350668148556,0.000595827518605763,ax_structure,1094,0.905895953883983,Aves,TIMALIIDAE,PASSERIFORMES,SES.habitat_breadth.var,81,Endotherm,0.00586934570566871
0.00883902631987597,0.0351696274437935,0.251325560215334,0.801562415025769,ax_human,1094,0.905895953883983,Aves,TIMALIIDAE,PASSERIFORMES,SES.habitat_breadth.var,81,Endotherm,0.881718656528346
0.230656703609647,0.0878355445382582,2.62600641713083,0.00863931886292679,ax_thermal,1446,0.951914030054191,Mammalia,CRICETIDAE,RODENTIA,SES.FDis,70,Endotherm,0.0442011662754394
-0.241435465719976,0.109536814454011,-2.20414905183628,0.0275138634386309,ax_water,1446,0.951914030054191,Mammalia,CRICETIDAE,RODENTIA,SES.FDis,70,Endotherm,0.100326794859096
-0.00722744600021124,0.0414456015339716,-0.174383908851875,0.861563759443994,ax_productivity,1446,0.951914030054191,Mammalia,CRICETIDAE,RODENTIA,SES.FDis,70,Endotherm,0.918630179697958
-0.0298714691041118,0.0172747027731639,-1.72920307205036,0.083772756737075,ax_structure,1446,0.951914030054191,Mammalia,CRICETIDAE,RODENTIA,SES.FDis,70,Endotherm,0.215136262437624
-0.0273338784800965,0.0221954811187661,-1.23150646448416,0.218133500376443,ax_human,1446,0.951914030054191,Mammalia,CRICETIDAE,RODENTIA,SES.FDis,70,Endotherm,0.399911417356813
0.211088415832217,0.0873127834500992,2.41761180311997,0.0156227337833161,ax_thermal,1446,0.953159078843866,Mammalia,CRICETIDAE,RODENTIA,SES.RaoQ,70,Endotherm,0.0671883681435178
-0.269769081303061,0.10863161612205,-2.48333856139975,0.0130157316463217,ax_water,1446,0.953159078843866,Mammalia,CRICETIDAE,RODENTIA,SES.RaoQ,70,Endotherm,0.0584379788202201
-0.00894191848682896,0.0410827457123211,-0.217656301490755,0.827696913703176,ax_productivity,1446,0.953159078843866,Mammalia,CRICETIDAE,RODENTIA,SES.RaoQ,70,Endotherm,0.899966990187967
-0.034074995673589,0.0171108113638887,-1.99143073632979,0.0464335529343047,ax_structure,1446,0.953159078843866,Mammalia,CRICETIDAE,RODENTIA,SES.RaoQ,70,Endotherm,0.141877815407789
-0.019494091581264,0.0219849274590486,-0.886702565545221,0.37523905673755,ax_human,1446,0.953159078843866,Mammalia,CRICETIDAE,RODENTIA,SES.RaoQ,70,Endotherm,0.571957915581485
0.153216879012603,0.0887508927442984,1.72637000344367,0.084280868722878,ax_thermal,1446,0.962407665417865,Mammalia,CRICETIDAE,RODENTIA,SES.body_mass.mean,70,Endotherm,0.215602222314339
0.115339630625787,0.108648179198301,1.06158825188661,0.288422649374539,ax_water,1446,0.962407665417865,Mammalia,CRICETIDAE,RODENTIA,SES.body_mass.mean,70,Endotherm,0.486851530913545
0.021150307387607,0.0409397410318765,0.516620448847954,0.60542113809858,ax_productivity,1446,0.962407665417865,Mammalia,CRICETIDAE,RODENTIA,SES.body_mass.mean,70,Endotherm,0.766944244040428
-0.0321851995014117,0.0169669775117816,-1.89693181823709,0.0578369373852108,ax_structure,1446,0.962407665417865,Mammalia,CRICETIDAE,RODENTIA,SES.body_mass.mean,70,Endotherm,0.165248392529174
0.00785231025007775,0.0217979525023936,0.360231551528314,0.718673981638258,ax_human,1446,0.962407665417865,Mammalia,CRICETIDAE,RODENTIA,SES.body_mass.mean,70,Endotherm,0.843994355660587
-0.00135212677489831,0.0802732937742377,-0.0168440425367503,0.986561034009292,ax_thermal,1446,0.954409531791395,Mammalia,CRICETIDAE,RODENTIA,SES.body_mass.var,70,Endotherm,0.991065878913444
-0.254788406362758,0.0996432073876192,-2.55700727668885,0.0105577008973485,ax_water,1446,0.954409531791395,Mammalia,CRICETIDAE,RODENTIA,SES.body_mass.var,70,Endotherm,0.0527885044867427
-0.0490013798693102,0.037664773677079,-1.30098697232131,0.193262914031507,ax_productivity,1446,0.954409531791395,Mammalia,CRICETIDAE,RODENTIA,SES.body_mass.var,70,Endotherm,0.370795125758125
-0.0742837216467121,0.0156758694236718,-4.73873056983608,2.15061227093472e-06,ax_structure,1446,0.954409531791395,Mammalia,CRICETIDAE,RODENTIA,SES.body_mass.var,70,Endotherm,4.43563780880285e-05
-0.0693371888424157,0.0201411781754457,-3.44255873407374,0.000576238718990263,ax_human,1446,0.954409531791395,Mammalia,CRICETIDAE,RODENTIA,SES.body_mass.var,70,Endotherm,0.00583428621349524
0.320013890362944,0.0942360534700024,3.39587534260242,0.000684095076290969,ax_thermal,1446,0.968379017807016,Mammalia,CRICETIDAE,RODENTIA,SES.habitat_breadth.mean,70,Endotherm,0.00645003929074342
0.347052875083643,0.114308413796291,3.03610962271006,0.0023965221625688,ax_water,1446,0.968379017807016,Mammalia,CRICETIDAE,RODENTIA,SES.habitat_breadth.mean,70,Endotherm,0.0175744958588379
0.000262791930091057,0.0429734912473454,0.00611521015545345,0.995120798641187,ax_productivity,1446,0.968379017807016,Mammalia,CRICETIDAE,RODENTIA,SES.habitat_breadth.mean,70,Endotherm,0.995120798641187
0.0423697288753807,0.0177617171577323,2.38545229040176,0.0170581348137651,ax_structure,1446,0.968379017807016,Mammalia,CRICETIDAE,RODENTIA,SES.habitat_breadth.mean,70,Endotherm,0.0698345536086145
0.0303095297598488,0.0228157686227429,1.3284465783737,0.18403062065539,ax_human,1446,0.968379017807016,Mammalia,CRICETIDAE,RODENTIA,SES.habitat_breadth.mean,70,Endotherm,0.363653322253165
0.130413242057884,0.0989660859110362,1.31775689477218,0.187585041885061,ax_thermal,1446,0.9464258990555,Mammalia,CRICETIDAE,RODENTIA,SES.habitat_breadth.var,70,Endotherm,0.368470617988513
-0.0252246616004342,0.124733252442967,-0.202228845206837,0.839737823759112,ax_water,1446,0.9464258990555,Mammalia,CRICETIDAE,RODENTIA,SES.habitat_breadth.var,70,Endotherm,0.904122289854835
0.0519267572327189,0.0472992240551766,1.09783528736421,0.272276419703614,ax_productivity,1446,0.9464258990555,Mammalia,CRICETIDAE,RODENTIA,SES.habitat_breadth.var,70,Endotherm,0.464391169887057
0.0358428709284061,0.019782914905881,1.81180938698528,0.0700156541825983,ax_structure,1446,0.9464258990555,Mammalia,CRICETIDAE,RODENTIA,SES.habitat_breadth.var,70,Endotherm,0.192917755866444
0.0533086492539416,0.0254168111924381,2.09737755260982,0.0359601665799596,ax_human,1446,0.9464258990555,Mammalia,CRICETIDAE,RODENTIA,SES.habitat_breadth.var,70,Endotherm,0.118546395357466
0.214790498896056,0.0699498762178905,3.07063443867998,0.0021360449913439,ax_thermal,1937,0.951161576465113,Mammalia,MURIDAE,RODENTIA,SES.FDis,58,Endotherm,0.0160203374350792
0.0261804270800069,0.0439679509752564,0.595443419565773,0.551547109297903,ax_water,1937,0.951161576465113,Mammalia,MURIDAE,RODENTIA,SES.FDis,58,Endotherm,0.720833845815081
-0.0226837609731104,0.0289032072725488,-0.784818126210327,0.432560210923711,ax_productivity,1937,0.951161576465113,Mammalia,MURIDAE,RODENTIA,SES.FDis,58,Endotherm,0.617142631143972
0.0360077266486365,0.0144653072201803,2.48924727975378,0.0128013893681576,ax_structure,1937,0.951161576465113,Mammalia,MURIDAE,RODENTIA,SES.FDis,58,Endotherm,0.0578692944039999
-0.0474573874111211,0.0160348721635514,-2.95963615593991,0.00308002565401999,ax_human,1937,0.951161576465113,Mammalia,MURIDAE,RODENTIA,SES.FDis,58,Endotherm,0.0216257120388638
0.211826692608415,0.0673866893066375,3.14345006095366,0.00166968903201337,ax_thermal,1937,0.953850202286339,Mammalia,MURIDAE,RODENTIA,SES.RaoQ,58,Endotherm,0.0132770453148051
0.00596367078416531,0.042154418992518,0.141472019463103,0.887497062939051,ax_water,1937,0.953850202286339,Mammalia,MURIDAE,RODENTIA,SES.RaoQ,58,Endotherm,0.926750134731452
-0.0178496045200472,0.0275923548340456,-0.646903993059081,0.517694081349989,ax_productivity,1937,0.953850202286339,Mammalia,MURIDAE,RODENTIA,SES.RaoQ,58,Endotherm,0.690862409052902
0.0232356822187459,0.0138038690318117,1.68327315806882,0.0923222241280679,ax_structure,1937,0.953850202286339,Mammalia,MURIDAE,RODENTIA,SES.RaoQ,58,Endotherm,0.23080556032017
-0.0450536184940603,0.015312304205677,-2.94231474825041,0.00325768632745627,ax_human,1937,0.953850202286339,Mammalia,MURIDAE,RODENTIA,SES.RaoQ,58,Endotherm,0.022165700784754
0.0912468565856005,0.072962071216412,1.25060672023625,0.21107799757715,ax_thermal,1937,0.967130378765933,Mammalia,MURIDAE,RODENTIA,SES.body_mass.mean,58,Endotherm,0.389138207823796
0.0796848710754395,0.0446399461689524,1.78505750822032,0.074251989328189,ax_water,1937,0.967130378765933,Mammalia,MURIDAE,RODENTIA,SES.body_mass.mean,58,Endotherm,0.198340096302218
0.003553372353545,0.0286501767645334,0.124026193023136,0.901294536143936,ax_productivity,1937,0.967130378765933,Mammalia,MURIDAE,RODENTIA,SES.body_mass.mean,58,Endotherm,0.930914544374019
0.0186587916141141,0.01431007084476,1.3038923298515,0.192270295824529,ax_structure,1937,0.967130378765933,Mammalia,MURIDAE,RODENTIA,SES.body_mass.mean,58,Endotherm,0.370675057598877
-0.0322924596040944,0.015922644108591,-2.02808399056481,0.0425516765627876,ax_human,1937,0.967130378765933,Mammalia,MURIDAE,RODENTIA,SES.body_mass.mean,58,Endotherm,0.133733840625904
-0.0905849230947709,0.0724154833475383,-1.25090545429398,0.210968973691444,ax_thermal,1937,0.969610851255751,Mammalia,MURIDAE,RODENTIA,SES.body_mass.var,58,Endotherm,0.389138207823796
-0.0010174480911385,0.0441395681247409,-0.023050703356751,0.981609828247177,ax_water,1937,0.969610851255751,Mammalia,MURIDAE,RODENTIA,SES.body_mass.var,58,Endotherm,0.987668458406891
0.0811118884029659,0.0282349768057135,2.87274499855628,0.00406922423595857,ax_productivity,1937,0.969610851255751,Mammalia,MURIDAE,RODENTIA,SES.body_mass.var,58,Endotherm,0.0255779809117396
-0.0133067845505235,0.0140992955983701,-0.943790734628035,0.345276596259931,ax_structure,1937,0.969610851255751,Mammalia,MURIDAE,RODENTIA,SES.body_mass.var,58,Endotherm,0.541288725728158
0.0095356736813558,0.0156959223522021,0.607525538632519,0.543502199463481,ax_human,1937,0.969610851255751,Mammalia,MURIDAE,RODENTIA,SES.body_mass.var,58,Endotherm,0.715990921448897
-0.311120691908047,0.0776190334615933,-4.0083041237816,6.11563326176068e-05,ax_thermal,1937,0.961982835040731,Mammalia,MURIDAE,RODENTIA,SES.habitat_breadth.mean,58,Endotherm,0.00100907948819051
-0.00532516677220702,0.0478821888698473,-0.111213937747955,0.911446699472579,ax_water,1937,0.961982835040731,Mammalia,MURIDAE,RODENTIA,SES.habitat_breadth.mean,58,Endotherm,0.938463060299379
0.0206596940644923,0.0309556459611341,0.667396638740192,0.504518812351439,ax_productivity,1937,0.961982835040731,Mammalia,MURIDAE,RODENTIA,SES.habitat_breadth.mean,58,Endotherm,0.680945636302556
-0.0334756075398712,0.0154702411208388,-2.163871091497,0.0304742441407457,ax_structure,1937,0.961982835040731,Mammalia,MURIDAE,RODENTIA,SES.habitat_breadth.mean,58,Endotherm,0.106984048579214
0.045512166577571,0.0171944020934007,2.64691766136135,0.00812291284062083,ax_human,1937,0.961982835040731,Mammalia,MURIDAE,RODENTIA,SES.habitat_breadth.mean,58,Endotherm,0.0422135627937776
0.00675331797982098,0.0603344009114187,0.111931466589616,0.910877746639374,ax_thermal,1937,0.935926614946771,Mammalia,MURIDAE,RODENTIA,SES.habitat_breadth.var,58,Endotherm,0.938463060299379
-0.00169366074879507,0.0389911259415855,-0.0434370823590072,0.965353118136545,ax_water,1937,0.935926614946771,Mammalia,MURIDAE,RODENTIA,SES.habitat_breadth.var,58,Endotherm,0.980204704569415
0.0129860813091474,0.0262973311945481,0.493817460527693,0.621435100788509,ax_productivity,1937,0.935926614946771,Mammalia,MURIDAE,RODENTIA,SES.habitat_breadth.var,58,Endotherm,0.774348539415843
0.028182404360944,0.0131956737115571,2.13573061724473,0.0327013773105427,ax_structure,1937,0.935926614946771,Mammalia,MURIDAE,RODENTIA,SES.habitat_breadth.var,58,Endotherm,0.111828544170768
-0.0183683491622597,0.0145645286459834,-1.2611701764427,0.207247541214189,ax_human,1937,0.935926614946771,Mammalia,MURIDAE,RODENTIA,SES.habitat_breadth.var,58,Endotherm,0.385239410433223
-0.356794338455362,0.0897526139863144,-3.97530860226273,7.02880528029581e-05,ax_thermal,1048,0.934010300369456,Mammalia,SCIURIDAE,RODENTIA,SES.FDis,49,Endotherm,0.00107883988023145
-0.0369940931650559,0.0501009923935077,-0.73839042696986,0.460277230194774,ax_water,1048,0.934010300369456,Mammalia,SCIURIDAE,RODENTIA,SES.FDis,49,Endotherm,0.643472054657909
0.0157138230752933,0.0457027053888278,0.343826977891217,0.730976410344591,ax_productivity,1048,0.934010300369456,Mammalia,SCIURIDAE,RODENTIA,SES.FDis,49,Endotherm,0.852007650267422
0.0468756706971455,0.0219328397502714,2.13723672952862,0.0325787420358137,ax_structure,1048,0.934010300369456,Mammalia,SCIURIDAE,RODENTIA,SES.FDis,49,Endotherm,0.111828544170768
-0.0057727719379451,0.0261799129581459,-0.220503862911007,0.82547876424582,ax_human,1048,0.934010300369456,Mammalia,SCIURIDAE,RODENTIA,SES.FDis,49,Endotherm,0.899036277891487
-0.444340357140727,0.0910820286972811,-4.87846355088917,1.06915416209219e-06,ax_thermal,1048,0.934276959258389,Mammalia,SCIURIDAE,RODENTIA,SES.RaoQ,49,Endotherm,2.61348795178091e-05
-0.0257994402089956,0.0508010429970479,-0.507852569296557,0.611556739840952,ax_water,1048,0.934276959258389,Mammalia,SCIURIDAE,RODENTIA,SES.RaoQ,49,Endotherm,0.771754203240972
0.00989540260180493,0.0463417219812759,0.213531180515974,0.830912671341572,ax_productivity,1048,0.934276959258389,Mammalia,SCIURIDAE,RODENTIA,SES.RaoQ,49,Endotherm,0.90183758572801
0.0429620755866769,0.0222351748323924,1.93216720401449,0.0533388716793937,ax_structure,1048,0.934276959258389,Mammalia,SCIURIDAE,RODENTIA,SES.RaoQ,49,Endotherm,0.157863925149775
0.0102667680469981,0.0265429848814656,0.386797795833698,0.698905909133382,ax_human,1048,0.934276959258389,Mammalia,SCIURIDAE,RODENTIA,SES.RaoQ,49,Endotherm,0.827255198170016
-0.218159509935775,0.0965420586642375,-2.25973542468686,0.0238376763135055,ax_thermal,1048,0.942485422258391,Mammalia,SCIURIDAE,RODENTIA,SES.body_mass.mean,49,Endotherm,0.0909414240862061
-0.112919520390628,0.0525099290543153,-2.15044130556386,0.0315203240314161,ax_water,1048,0.942485422258391,Mammalia,SCIURIDAE,RODENTIA,SES.body_mass.mean,49,Endotherm,0.109295210272264
-0.0108661299744983,0.047922691901435,-0.226742896597862,0.820623669041494,ax_productivity,1048,0.942485422258391,Mammalia,SCIURIDAE,RODENTIA,SES.body_mass.mean,49,Endotherm,0.89670798272746
-0.00139502728521002,0.0228576158302284,-0.0610311808358048,0.951334376617085,ax_structure,1048,0.942485422258391,Mammalia,SCIURIDAE,RODENTIA,SES.body_mass.mean,49,Endotherm,0.971951530289901
-0.058185717418547,0.0273560585644264,-2.12697736706162,0.0334219637625228,ax_human,1048,0.942485422258391,Mammalia,SCIURIDAE,RODENTIA,SES.body_mass.mean,49,Endotherm,0.113703588058067
-0.318801433449757,0.088579631763533,-3.59903769187944,0.000319396898800672,ax_thermal,1048,0.929977373147795,Mammalia,SCIURIDAE,RODENTIA,SES.body_mass.var,49,Endotherm,0.00383276278560807
0.0177087184783673,0.0500713127422544,0.353669946093169,0.723586248252071,ax_water,1048,0.929977373147795,Mammalia,SCIURIDAE,RODENTIA,SES.body_mass.var,49,Endotherm,0.846749864975828
-0.0154582350934804,0.0456715674793716,-0.338465175307643,0.735012666174813,ax_productivity,1048,0.929977373147795,Mammalia,SCIURIDAE,RODENTIA,SES.body_mass.var,49,Endotherm,0.852007650267422
0.0504958037897243,0.0219827429649421,2.29706565146373,0.0216150248576807,ax_structure,1048,0.929977373147795,Mammalia,SCIURIDAE,RODENTIA,SES.body_mass.var,49,Endotherm,0.0829413744538912
-0.00709247247425494,0.0262069226858168,-0.270633548214853,0.786672890636613,ax_human,1048,0.929977373147795,Mammalia,SCIURIDAE,RODENTIA,SES.body_mass.var,49,Endotherm,0.87520349084516
-0.209854889553505,0.0931898434131779,-2.25190730950224,0.0243281301256897,ax_thermal,1048,0.956416685702468,Mammalia,SCIURIDAE,RODENTIA,SES.habitat_breadth.mean,49,Endotherm,0.0922791142698574
-0.0406401271954851,0.048699888283029,-0.83450144606692,0.403998472824461,ax_water,1048,0.956416685702468,Mammalia,SCIURIDAE,RODENTIA,SES.habitat_breadth.mean,49,Endotherm,0.597845273686422
0.0438592742527979,0.0445079952172163,0.985424619526169,0.324415541460283,ax_productivity,1048,0.956416685702468,Mammalia,SCIURIDAE,RODENTIA,SES.habitat_breadth.mean,49,Endotherm,0.52478984647987
0.0334563522285675,0.0210257507433736,1.59120844895926,0.111562672069398,ax_structure,1048,0.956416685702468,Mammalia,SCIURIDAE,RODENTIA,SES.habitat_breadth.mean,49,Endotherm,0.255664456825703
0.00526796187464369,0.0252728966654617,0.208443137499271,0.834882977090627,ax_human,1048,0.956416685702468,Mammalia,SCIURIDAE,RODENTIA,SES.habitat_breadth.mean,49,Endotherm,0.90183758572801
-0.526585509030454,0.0845824299708229,-6.22570797755636,4.79386308427365e-10,ax_thermal,1048,0.960967874222861,Mammalia,SCIURIDAE,RODENTIA,SES.habitat_breadth.var,49,Endotherm,2.87631785056419e-08
-0.0352792161177131,0.0436788773317897,-0.807695121138946,0.419266112907072,ax_water,1048,0.960967874222861,Mammalia,SCIURIDAE,RODENTIA,SES.habitat_breadth.var,49,Endotherm,0.602866306140888
-0.0260366698461063,0.0399412379796558,-0.651874382545881,0.514482212069366,ax_productivity,1048,0.960967874222861,Mammalia,SCIURIDAE,RODENTIA,SES.habitat_breadth.var,49,Endotherm,0.688759148003613
0.0451075769725729,0.0188131035120961,2.39766803725767,0.0164998109989118,ax_structure,1048,0.960967874222861,Mammalia,SCIURIDAE,RODENTIA,SES.habitat_breadth.var,49,Endotherm,0.0693622627979734
0.0455728728506925,0.0226441973042218,2.01256296429619,0.0441606264802876,ax_human,1048,0.960967874222861,Mammalia,SCIURIDAE,RODENTIA,SES.habitat_breadth.var,49,Endotherm,0.136835744023426
0.235505111180681,0.100417643894825,2.34525629208492,0.019014004450171,ax_thermal,987,0.949782989908623,Mammalia,SORICIDAE,EULIPOTYPHLA,SES.FDis,60,Endotherm,0.0738190761006638
-0.150035161646404,0.0611858912659282,-2.45212022808194,0.0142017202054694,ax_water,987,0.949782989908623,Mammalia,SORICIDAE,EULIPOTYPHLA,SES.FDis,60,Endotherm,0.0616653640500645
-0.0996360390860001,0.0480317733131573,-2.07437769237445,0.0380442474188696,ax_productivity,987,0.949782989908623,Mammalia,SORICIDAE,EULIPOTYPHLA,SES.FDis,60,Endotherm,0.123084329884578
-0.0624745161819101,0.0254408475507394,-2.45567747133072,0.0140619300137099,ax_structure,987,0.949782989908623,Mammalia,SORICIDAE,EULIPOTYPHLA,SES.FDis,60,Endotherm,0.0614627404572752
0.00951718995646908,0.0341350837471858,0.278809626686611,0.780390926274046,ax_human,987,0.949782989908623,Mammalia,SORICIDAE,EULIPOTYPHLA,SES.FDis,60,Endotherm,0.872979680238764
0.203246775404541,0.0963316778393486,2.10986437652933,0.0348700394522914,ax_thermal,987,0.948587002696545,Mammalia,SORICIDAE,EULIPOTYPHLA,SES.RaoQ,60,Endotherm,0.116823482428997
-0.147569564802116,0.0591954417332086,-2.49292108448495,0.0126697001828735,ax_water,987,0.948587002696545,Mammalia,SORICIDAE,EULIPOTYPHLA,SES.RaoQ,60,Endotherm,0.0577412169692875
-0.0897724803637636,0.0464477370763638,-1.9327632736159,0.0532653665508887,ax_productivity,987,0.948587002696545,Mammalia,SORICIDAE,EULIPOTYPHLA,SES.RaoQ,60,Endotherm,0.157863925149775
-0.0516247686229178,0.0246328628540471,-2.09576811793259,0.0361027658588646,ax_structure,987,0.948587002696545,Mammalia,SORICIDAE,EULIPOTYPHLA,SES.RaoQ,60,Endotherm,0.118546395357466
0.00797449058940608,0.0330315694868052,0.241420275006659,0.809229400226204,ax_human,987,0.948587002696545,Mammalia,SORICIDAE,EULIPOTYPHLA,SES.RaoQ,60,Endotherm,0.888671221546247
0.293751971828479,0.0853120667808188,3.44326404121913,0.000574737882165222,ax_thermal,987,0.961511484275768,Mammalia,SORICIDAE,EULIPOTYPHLA,SES.body_mass.mean,60,Endotherm,0.00583428621349524
-0.0224662566735109,0.0479066745981829,-0.468958800875798,0.639099084867097,ax_water,987,0.961511484275768,Mammalia,SORICIDAE,EULIPOTYPHLA,SES.body_mass.mean,60,Endotherm,0.786131407605629
-0.0650478961571209,0.0377848707068127,-1.72153285006193,0.0851541764533597,ax_productivity,987,0.961511484275768,Mammalia,SORICIDAE,EULIPOTYPHLA,SES.body_mass.mean,60,Endotherm,0.216995198684237
-0.0110089222915901,0.0197664736442169,-0.556949230790642,0.577562117000777,ax_structure,987,0.961511484275768,Mammalia,SORICIDAE,EULIPOTYPHLA,SES.body_mass.mean,60,Endotherm,0.744684536315331
0.0435985257956401,0.0266800346384162,1.63412553193852,0.102232494798033,ax_human,987,0.961511484275768,Mammalia,SORICIDAE,EULIPOTYPHLA,SES.body_mass.mean,60,Endotherm,0.241840310274918
0.207450590278555,0.0878077424496143,2.36255465054911,0.0181494652338057,ax_thermal,987,0.959391399469569,Mammalia,SORICIDAE,EULIPOTYPHLA,SES.body_mass.var,60,Endotherm,0.0725978609352227
-0.098553973303588,0.050024280021601,-1.97012277360177,0.0488243014768304,ax_water,987,0.959391399469569,Mammalia,SORICIDAE,EULIPOTYPHLA,SES.body_mass.var,60,Endotherm,0.147816692544532
-0.135577233433195,0.0394211147618295,-3.43920343836828,0.000583428621349524,ax_productivity,987,0.959391399469569,Mammalia,SORICIDAE,EULIPOTYPHLA,SES.body_mass.var,60,Endotherm,0.00583428621349524
-0.0284636669866065,0.0206686014127526,-1.37714528516885,0.168467334151564,ax_structure,987,0.959391399469569,Mammalia,SORICIDAE,EULIPOTYPHLA,SES.body_mass.var,60,Endotherm,0.338989147987903
-0.0463874224146997,0.0278671249097516,-1.66459304879591,0.0959939731180852,ax_human,987,0.959391399469569,Mammalia,SORICIDAE,EULIPOTYPHLA,SES.body_mass.var,60,Endotherm,0.23607912002865
0.0546190527437635,0.0966984858519596,0.56483875897894,0.572183441430257,ax_thermal,987,0.95937257986353,Mammalia,SORICIDAE,EULIPOTYPHLA,SES.habitat_breadth.mean,60,Endotherm,0.741927448612907
0.0251079488366305,0.0550964624272488,0.455708909982812,0.648599313994112,ax_water,987,0.95937257986353,Mammalia,SORICIDAE,EULIPOTYPHLA,SES.habitat_breadth.mean,60,Endotherm,0.791267185279323
-0.0428821555743079,0.0434178633433543,-0.987661581482951,0.323318415855457,ax_productivity,987,0.95937257986353,Mammalia,SORICIDAE,EULIPOTYPHLA,SES.habitat_breadth.mean,60,Endotherm,0.52430013381966
-0.0812080313636619,0.0227645608763495,-3.56730058641413,0.000360677665578679,ax_structure,987,0.95937257986353,Mammalia,SORICIDAE,EULIPOTYPHLA,SES.habitat_breadth.mean,60,Endotherm,0.0041762677067005
0.0610628096251378,0.0306927734785316,1.98948490816084,0.0466477059749852,ax_human,987,0.95937257986353,Mammalia,SORICIDAE,EULIPOTYPHLA,SES.habitat_breadth.mean,60,Endotherm,0.141877815407789
0.318869135373532,0.0919877036113741,3.46643217359439,0.000527414784504243,ax_thermal,987,0.955366796752396,Mammalia,SORICIDAE,EULIPOTYPHLA,SES.habitat_breadth.var,60,Endotherm,0.0055252977424254
0.113526001486482,0.0538873987461657,2.10672632429784,0.0351413090078614,ax_water,987,0.955366796752396,Mammalia,SORICIDAE,EULIPOTYPHLA,SES.habitat_breadth.var,60,Endotherm,0.117137696692871
-0.0681504131255301,0.0423961868158738,-1.60746562943282,0.107952263269597,ax_productivity,987,0.955366796752396,Mammalia,SORICIDAE,EULIPOTYPHLA,SES.habitat_breadth.var,60,Endotherm,0.250874978020895
0.0118264132411966,0.0223234622077151,0.529775047040388,0.596267907946279,ax_structure,987,0.955366796752396,Mammalia,SORICIDAE,EULIPOTYPHLA,SES.habitat_breadth.var,60,Endotherm,0.757934345746709
0.0267563932714733,0.0300363068269814,0.890801702938998,0.373035561416239,ax_human,987,0.955366796752396,Mammalia,SORICIDAE,EULIPOTYPHLA,SES.habitat_breadth.var,60,Endotherm,0.571237750660598
-0.0174597251346467,0.0599885052158757,-0.291051178418529,0.77101217818909,ax_thermal,2090,0.949627284346565,Mammalia,VESPERTILIONIDAE,CHIROPTERA,SES.FDis,84,Endotherm,0.871349379460273
0.00214999109007498,0.0422791456914272,0.0508522831981189,0.959443228769736,ax_water,2090,0.949627284346565,Mammalia,VESPERTILIONIDAE,CHIROPTERA,SES.FDis,84,Endotherm,0.978721067987675
-0.0380406818522224,0.0275974901831886,-1.37841092069291,0.168076453559417,ax_productivity,2090,0.949627284346565,Mammalia,VESPERTILIONIDAE,CHIROPTERA,SES.FDis,84,Endotherm,0.338989147987903
-0.0350328809131968,0.0170573401954867,-2.05383022861128,0.039992126127564,ax_structure,2090,0.949627284346565,Mammalia,VESPERTILIONIDAE,CHIROPTERA,SES.FDis,84,Endotherm,0.126898092520155
0.0157727309174283,0.0161797532052516,0.974843727054429,0.329637783099409,ax_human,2090,0.949627284346565,Mammalia,VESPERTILIONIDAE,CHIROPTERA,SES.FDis,84,Endotherm,0.529798824476302
0.00813931032519744,0.0597504358139604,0.136221773353086,0.891645962961322,ax_thermal,2090,0.948736065339383,Mammalia,VESPERTILIONIDAE,CHIROPTERA,SES.RaoQ,84,Endotherm,0.926750134731452
0.00287459013342175,0.042249996653246,0.0680376416834794,0.945755669963967,ax_water,2090,0.948736065339383,Mammalia,VESPERTILIONIDAE,CHIROPTERA,SES.RaoQ,84,Endotherm,0.967749987870106
-0.0436951318353608,0.0276056403534143,-1.58283348170754,0.113459423180077,ax_productivity,2090,0.948736065339383,Mammalia,VESPERTILIONIDAE,CHIROPTERA,SES.RaoQ,84,Endotherm,0.258217997582243
-0.0372419650065286,0.0170670121483851,-2.18210221465463,0.0291019898027345,ax_structure,2090,0.948736065339383,Mammalia,VESPERTILIONIDAE,CHIROPTERA,SES.RaoQ,84,Endotherm,0.103265125106477
0.0111268574008449,0.0161887209846297,0.687321587135216,0.491880098314636,ax_human,2090,0.948736065339383,Mammalia,VESPERTILIONIDAE,CHIROPTERA,SES.RaoQ,84,Endotherm,0.670745588610868
0.0421870309711142,0.0623384897117643,0.67674130647334,0.498570103566708,ax_thermal,2090,0.942528100367887,Mammalia,VESPERTILIONIDAE,CHIROPTERA,SES.body_mass.mean,84,Endotherm,0.677070511016517
0.0213965765031942,0.0451003955988026,0.474421038199547,0.635199693572036,ax_water,2090,0.942528100367887,Mammalia,VESPERTILIONIDAE,CHIROPTERA,SES.body_mass.mean,84,Endotherm,0.786131407605629
-0.00263603712477664,0.0296754355578623,-0.0888289278732504,0.929217867441618,ax_productivity,2090,0.942528100367887,Mammalia,VESPERTILIONIDAE,CHIROPTERA,SES.body_mass.mean,84,Endotherm,0.954698927943363
-0.0681328613017533,0.0183837945190188,-3.70613701275147,0.000210444484077588,ax_structure,2090,0.942528100367887,Mammalia,VESPERTILIONIDAE,CHIROPTERA,SES.body_mass.mean,84,Endotherm,0.0026962768683396
0.0209029251920616,0.0174348265989797,1.19891787127294,0.230559881967294,ax_human,2090,0.942528100367887,Mammalia,VESPERTILIONIDAE,CHIROPTERA,SES.body_mass.mean,84,Endotherm,0.413845566790723
0.0657060624578905,0.0712916915650656,0.921651050991302,0.356710620553029,ax_thermal,2090,0.96489947607717,Mammalia,VESPERTILIONIDAE,CHIROPTERA,SES.body_mass.var,84,Endotherm,0.553950610741174
0.0120277193784707,0.0475800872228597,0.252788930842734,0.800431321869447,ax_water,2090,0.96489947607717,Mammalia,VESPERTILIONIDAE,CHIROPTERA,SES.body_mass.var,84,Endotherm,0.881718656528346
-0.0544606044304537,0.0305698214829288,-1.78151529150625,0.0748283090594732,ax_productivity,2090,0.96489947607717,Mammalia,VESPERTILIONIDAE,CHIROPTERA,SES.body_mass.var,84,Endotherm,0.198340096302218
-0.0276669462908753,0.0188212053515626,-1.4699880147994,0.141565000037232,ax_structure,2090,0.96489947607717,Mammalia,VESPERTILIONIDAE,CHIROPTERA,SES.body_mass.var,84,Endotherm,0.297557006447685
-0.0060020996483256,0.0178494682466018,-0.336262098422359,0.736673228547757,ax_human,2090,0.96489947607717,Mammalia,VESPERTILIONIDAE,CHIROPTERA,SES.body_mass.var,84,Endotherm,0.852007650267422
-0.258435123198889,0.066192368996487,-3.9043038815034,9.44969851897071e-05,ax_thermal,2090,0.971541744973956,Mammalia,VESPERTILIONIDAE,CHIROPTERA,SES.habitat_breadth.mean,84,Endotherm,0.00137075297071337
-0.0444872105725107,0.0432492341654486,-1.02862423880909,0.303656283338219,ax_water,2090,0.971541744973956,Mammalia,VESPERTILIONIDAE,CHIROPTERA,SES.habitat_breadth.mean,84,Endotherm,0.499783408985598
0.00346150577941689,0.0276175936291919,0.125336979966208,0.900256777222697,ax_productivity,2090,0.971541744973956,Mammalia,VESPERTILIONIDAE,CHIROPTERA,SES.habitat_breadth.mean,84,Endotherm,0.930914544374019
-0.0427250656911308,0.0169827580286522,-2.51579075784086,0.0118765669316363,ax_structure,2090,0.971541744973956,Mammalia,VESPERTILIONIDAE,CHIROPTERA,SES.habitat_breadth.mean,84,Endotherm,0.0559895298205711
0.0270646358333436,0.0161013482263279,1.68089252234724,0.0927837926777493,ax_human,2090,0.971541744973956,Mammalia,VESPERTILIONIDAE,CHIROPTERA,SES.habitat_breadth.mean,84,Endotherm,0.231084162895527
-0.115684202883267,0.0642276680039364,-1.80115838669679,0.0716779192001258,ax_thermal,2090,0.968741768317156,Mammalia,VESPERTILIONIDAE,CHIROPTERA,SES.habitat_breadth.var,84,Endotherm,0.194360800697143
-0.110060971844887,0.0423306417171806,-2.60003079046678,0.00932153962899185,ax_water,2090,0.968741768317156,Mammalia,VESPERTILIONIDAE,CHIROPTERA,SES.habitat_breadth.var,84,Endotherm,0.0469634821002643
0.0068690857606374,0.0270991020928005,0.25348019787203,0.799897161418949,ax_productivity,2090,0.968741768317156,Mammalia,VESPERTILIONIDAE,CHIROPTERA,SES.habitat_breadth.var,84,Endotherm,0.881718656528346
-0.0514954592296776,0.0166719610161903,-3.08874637960525,0.00201002950288665,ax_structure,2090,0.968741768317156,Mammalia,VESPERTILIONIDAE,CHIROPTERA,SES.habitat_breadth.var,84,Endotherm,0.0152484996770711
0.0325922025593581,0.0158087633672007,2.06165414728005,0.0392406749374239,ax_human,2090,0.968741768317156,Mammalia,VESPERTILIONIDAE,CHIROPTERA,SES.habitat_breadth.var,84,Endotherm,0.125115195452656
0.274672694245594,0.123380749677603,2.22622001376488,0.0259994480346364,ax_thermal,157,0.943352527390586,Reptilia,AGAMIDAE,SQUAMATA,SES.FDis,57,Ectotherm,0.0960473539733972
-0.462841408458986,0.0892490194464241,-5.18595510998111,2.14910575335736e-07,ax_water,157,0.943352527390586,Reptilia,AGAMIDAE,SQUAMATA,SES.FDis,57,Ectotherm,6.44731726007208e-06
-0.112340126128992,0.0824618396860531,-1.36232864263872,0.173094192202039,ax_productivity,157,0.943352527390586,Reptilia,AGAMIDAE,SQUAMATA,SES.FDis,57,Ectotherm,0.344102912208873
0.0582230780794373,0.0323848453808731,1.79784950011911,0.0722008606345195,ax_structure,157,0.943352527390586,Reptilia,AGAMIDAE,SQUAMATA,SES.FDis,57,Ectotherm,0.194500277627685
-0.0785368232741081,0.070464831621686,-1.11455347961036,0.265041814959365,ax_human,157,0.943352527390586,Reptilia,AGAMIDAE,SQUAMATA,SES.FDis,57,Ectotherm,0.455540619461409
0.402622813122797,0.12675170440108,3.17646863231739,0.00149079910673988,ax_thermal,157,0.946953482754959,Reptilia,AGAMIDAE,SQUAMATA,SES.RaoQ,57,Ectotherm,0.0121472519808435
-0.527160559174021,0.0914140383475689,-5.76673527067783,8.08218558745466e-09,ax_water,157,0.946953482754959,Reptilia,AGAMIDAE,SQUAMATA,SES.RaoQ,57,Ectotherm,3.55616165848005e-07
-0.165109085152021,0.0844021561306389,-1.95621880673833,0.0504393839880439,ax_productivity,157,0.946953482754959,Reptilia,AGAMIDAE,SQUAMATA,SES.RaoQ,57,Ectotherm,0.151318151964132
0.0737366163746142,0.0331329432304219,2.22547740059842,0.0260492066079365,ax_structure,157,0.946953482754959,Reptilia,AGAMIDAE,SQUAMATA,SES.RaoQ,57,Ectotherm,0.0960473539733972
-0.0941383193805517,0.0721167515123057,-1.30535995322097,0.19177030805273,ax_human,157,0.946953482754959,Reptilia,AGAMIDAE,SQUAMATA,SES.RaoQ,57,Ectotherm,0.370675057598877
0.657092636244198,0.186764777644402,3.51828992881781,0.000434337546616259,ax_thermal,157,0.916012087085982,Reptilia,AGAMIDAE,SQUAMATA,SES.body_mass.mean,57,Ectotherm,0.00477771301277885
0.189412081987318,0.138384409768641,1.36873859059693,0.171081002761759,ax_water,157,0.916012087085982,Reptilia,AGAMIDAE,SQUAMATA,SES.body_mass.mean,57,Ectotherm,0.343202011619335
-0.447990262096406,0.128584631775665,-3.48401092657784,0.000493959321589133,ax_productivity,157,0.916012087085982,Reptilia,AGAMIDAE,SQUAMATA,SES.body_mass.mean,57,Ectotherm,0.00525827664917464
-0.159402947744345,0.0506436798454228,-3.14753880900604,0.00164651247428549,ax_structure,157,0.916012087085982,Reptilia,AGAMIDAE,SQUAMATA,SES.body_mass.mean,57,Ectotherm,0.0132524174759564
-0.204325968565362,0.109979937071012,-1.85784765846367,0.0631906510549805,ax_human,157,0.916012087085982,Reptilia,AGAMIDAE,SQUAMATA,SES.body_mass.mean,57,Ectotherm,0.178230041437124
-0.0878024597979784,0.189448545833221,-0.463463361050415,0.643032271330098,ax_thermal,157,0.855809852759379,Reptilia,AGAMIDAE,SQUAMATA,SES.body_mass.var,57,Ectotherm,0.786131407605629
0.121319321283045,0.148779098959045,0.815432558281866,0.414824754056073,ax_water,157,0.855809852759379,Reptilia,AGAMIDAE,SQUAMATA,SES.body_mass.var,57,Ectotherm,0.602866306140888
-0.229560518575696,0.140166974203898,-1.63776467230975,0.101470793748879,ax_productivity,157,0.855809852759379,Reptilia,AGAMIDAE,SQUAMATA,SES.body_mass.var,57,Ectotherm,0.24177156633307
-0.0363202014562618,0.0554250543940114,-0.655302946535064,0.512272724085781,ax_structure,157,0.855809852759379,Reptilia,AGAMIDAE,SQUAMATA,SES.body_mass.var,57,Ectotherm,0.688759148003613
0.175411032107328,0.120299344325855,1.45812126483575,0.144807120990627,ax_human,157,0.855809852759379,Reptilia,AGAMIDAE,SQUAMATA,SES.body_mass.var,57,Ectotherm,0.302445252701942
-0.209071778172915,0.130811918971528,-1.59826245052197,0.109984580384304,ax_thermal,157,0.906002121132801,Reptilia,AGAMIDAE,SQUAMATA,SES.habitat_breadth.mean,57,Ectotherm,0.253810570117626
-0.271041624550228,0.09783038249606,-2.77052606393667,0.00559658208786251,ax_water,157,0.906002121132801,Reptilia,AGAMIDAE,SQUAMATA,SES.habitat_breadth.mean,57,Ectotherm,0.0303242409136769
-0.0716161456616673,0.0911001490736957,-0.786125449737006,0.431793995875582,ax_productivity,157,0.906002121132801,Reptilia,AGAMIDAE,SQUAMATA,SES.habitat_breadth.mean,57,Ectotherm,0.617142631143972
-0.0781073417588469,0.0359123682917449,-2.17494265831533,0.0296344136827633,ax_structure,157,0.906002121132801,Reptilia,AGAMIDAE,SQUAMATA,SES.habitat_breadth.mean,57,Ectotherm,0.104592048292106
-0.113761251239506,0.0779545449249729,-1.45932801415229,0.144474848483437,ax_human,157,0.906002121132801,Reptilia,AGAMIDAE,SQUAMATA,SES.habitat_breadth.mean,57,Ectotherm,0.302445252701942
-0.64150006252619,0.125863546363311,-5.09678998456368,3.45461212303277e-07,ax_thermal,157,0.851044830689111,Reptilia,AGAMIDAE,SQUAMATA,SES.habitat_breadth.var,57,Ectotherm,9.50018333834013e-06
-0.0406735864495523,0.099314235336752,-0.409544375100281,0.68214020846945,ax_water,157,0.851044830689111,Reptilia,AGAMIDAE,SQUAMATA,SES.habitat_breadth.var,57,Ectotherm,0.815602423169995
0.237372809444472,0.0936742686519256,2.53402362100633,0.0112761130402923,ax_productivity,157,0.851044830689111,Reptilia,AGAMIDAE,SQUAMATA,SES.habitat_breadth.var,57,Ectotherm,0.0551276637525402
-0.201798487124032,0.0370470615969718,-5.44708482738417,5.12020481568953e-08,ax_structure,157,0.851044830689111,Reptilia,AGAMIDAE,SQUAMATA,SES.habitat_breadth.var,57,Ectotherm,1.8774084324195e-06
-0.0716610006375024,0.0804231941517928,-0.891048924297231,0.372902924053004,ax_human,157,0.851044830689111,Reptilia,AGAMIDAE,SQUAMATA,SES.habitat_breadth.var,57,Ectotherm,0.571237750660598
0.0278089364309111,0.0828447423999753,0.335675332257649,0.737115709549542,ax_thermal,1542,0.939797090789074,Reptilia,COLUBRIDAE,SQUAMATA,SES.FDis,82,Ectotherm,0.852007650267422
-0.101262194202948,0.0452649213523687,-2.23710085376409,0.0252797491854131,ax_water,1542,0.939797090789074,Reptilia,COLUBRIDAE,SQUAMATA,SES.FDis,82,Ectotherm,0.0949043720192988
-0.00932653287479324,0.0357180938386174,-0.261115078451069,0.794003764020054,ax_productivity,1542,0.939797090789074,Reptilia,COLUBRIDAE,SQUAMATA,SES.FDis,82,Ectotherm,0.880743671013842
0.0212925053654259,0.0217581702435011,0.978598160007766,0.327778568793545,ax_structure,1542,0.939797090789074,Reptilia,COLUBRIDAE,SQUAMATA,SES.FDis,82,Ectotherm,0.528933631793985
0.00317698990604072,0.0197623996734259,0.16075931863238,0.872282967436348,ax_human,1542,0.939797090789074,Reptilia,COLUBRIDAE,SQUAMATA,SES.FDis,82,Ectotherm,0.921567331883501
-0.0731428478941677,0.0863609693727657,-0.846943340555341,0.39702670343277,ax_thermal,1542,0.939376673207806,Reptilia,COLUBRIDAE,SQUAMATA,SES.RaoQ,82,Ectotherm,0.59017482942709
-0.0706350672785518,0.047225928427637,-1.49568403693289,0.134736012081712,ax_water,1542,0.939376673207806,Reptilia,COLUBRIDAE,SQUAMATA,SES.RaoQ,82,Ectotherm,0.291559894996493
-0.0229595474324953,0.0372788876768208,-0.615886064829427,0.537969719351901,ax_productivity,1542,0.939376673207806,Reptilia,COLUBRIDAE,SQUAMATA,SES.RaoQ,82,Ectotherm,0.711543115776061
0.020186137516649,0.0227148653091149,0.888675201985406,0.374177662058408,ax_structure,1542,0.939376673207806,Reptilia,COLUBRIDAE,SQUAMATA,SES.RaoQ,82,Ectotherm,0.571660317033678
0.00533913190847433,0.0206266854786012,0.258845848695047,0.795754180916255,ax_human,1542,0.939376673207806,Reptilia,COLUBRIDAE,SQUAMATA,SES.RaoQ,82,Ectotherm,0.881204294303236
0.188147802335514,0.0841195593556552,2.23667127807969,0.0253078325384797,ax_thermal,1542,0.976473970103538,Reptilia,COLUBRIDAE,SQUAMATA,SES.body_mass.mean,82,Ectotherm,0.0949043720192988
-0.112551547889954,0.043170098874809,-2.60716446854448,0.00912954971639812,ax_water,1542,0.976473970103538,Reptilia,COLUBRIDAE,SQUAMATA,SES.body_mass.mean,82,Ectotherm,0.0463500216370982
0.0270362726135219,0.0332484313141678,0.813159344513233,0.416126705453523,ax_productivity,1542,0.976473970103538,Reptilia,COLUBRIDAE,SQUAMATA,SES.body_mass.mean,82,Ectotherm,0.602866306140888
-0.0329872223849015,0.0198517815275248,-1.6616756707283,0.0965778218299023,ax_structure,1542,0.976473970103538,Reptilia,COLUBRIDAE,SQUAMATA,SES.body_mass.mean,82,Ectotherm,0.23607912002865
-0.00284419661624335,0.0183592655280002,-0.154918867092237,0.876885279428544,ax_human,1542,0.976473970103538,Reptilia,COLUBRIDAE,SQUAMATA,SES.body_mass.mean,82,Ectotherm,0.921567331883501
-0.371925762534011,0.095135465121234,-3.90943337545104,9.25128655042684e-05,ax_thermal,1542,0.970721726687109,Reptilia,COLUBRIDAE,SQUAMATA,SES.body_mass.var,82,Ectotherm,0.00137075297071337
-0.109623805391207,0.0491960515275065,-2.22830495512255,0.025860186141254,ax_water,1542,0.970721726687109,Reptilia,COLUBRIDAE,SQUAMATA,SES.body_mass.var,82,Ectotherm,0.0960473539733972
0.017809883048088,0.0380010785834802,0.468667830281803,0.639307084828195,ax_productivity,1542,0.970721726687109,Reptilia,COLUBRIDAE,SQUAMATA,SES.body_mass.var,82,Ectotherm,0.786131407605629
0.0374545469786505,0.0227470754640171,1.64656538102662,0.0996474110718577,ax_structure,1542,0.970721726687109,Reptilia,COLUBRIDAE,SQUAMATA,SES.body_mass.var,82,Ectotherm,0.239153786572459
0.0146070056219137,0.0209872547472417,0.695994106796337,0.486432520397626,ax_human,1542,0.970721726687109,Reptilia,COLUBRIDAE,SQUAMATA,SES.body_mass.var,82,Ectotherm,0.66469040054334
-0.425539488742468,0.0873838684533041,-4.86977168983845,1.11727265772466e-06,ax_thermal,1542,0.958784473503658,Reptilia,COLUBRIDAE,SQUAMATA,SES.habitat_breadth.mean,82,Ectotherm,2.63357126463669e-05
-0.0689212724145881,0.0460550306076519,-1.49649824362807,0.134523865259918,ax_water,1542,0.958784473503658,Reptilia,COLUBRIDAE,SQUAMATA,SES.habitat_breadth.mean,82,Ectotherm,0.291559894996493
-0.0843271814361082,0.0358274680648705,-2.35370194967231,0.0185875081446265,ax_productivity,1542,0.958784473503658,Reptilia,COLUBRIDAE,SQUAMATA,SES.habitat_breadth.mean,82,Ectotherm,0.0730834425646284
0.023089043179189,0.0215789356491361,1.06998063086181,0.284628027236199,ax_structure,1542,0.958784473503658,Reptilia,COLUBRIDAE,SQUAMATA,SES.habitat_breadth.mean,82,Ectotherm,0.481678199938182
0.00893959462316985,0.019797240826088,0.451557603491372,0.651587718435019,ax_human,1542,0.958784473503658,Reptilia,COLUBRIDAE,SQUAMATA,SES.habitat_breadth.mean,82,Ectotherm,0.792719945296481
-0.308338226718876,0.0819411098372417,-3.76292470691846,0.000167937774338656,ax_thermal,1542,0.968331998032106,Reptilia,COLUBRIDAE,SQUAMATA,SES.habitat_breadth.var,82,Ectotherm,0.00226201900129618
-0.0891884567891742,0.042520969155173,-2.09751702656861,0.0359478315399651,ax_water,1542,0.968331998032106,Reptilia,COLUBRIDAE,SQUAMATA,SES.habitat_breadth.var,82,Ectotherm,0.118546395357466
-0.102628873523884,0.0328879780773735,-3.12055892528373,0.00180508179763006,ax_productivity,1542,0.968331998032106,Reptilia,COLUBRIDAE,SQUAMATA,SES.habitat_breadth.var,82,Ectotherm,0.014144576694877
-0.0359485968550326,0.0197090278232533,-1.82396601077499,0.0681572109137469,ax_structure,1542,0.968331998032106,Reptilia,COLUBRIDAE,SQUAMATA,SES.habitat_breadth.var,82,Ectotherm,0.190609149165563
-0.0173876877941308,0.0181649769094706,-0.957209463066559,0.338461541639671,ax_human,1542,0.968331998032106,Reptilia,COLUBRIDAE,SQUAMATA,SES.habitat_breadth.var,82,Ectotherm,0.535694526336171
0.0074099400339147,0.181612953942818,0.040800724139137,0.967454762061556,ax_thermal,476,0.953297152627716,Reptilia,GEKKONIDAE,SQUAMATA,SES.FDis,37,Ectotherm,0.980829712689135
-0.0338682276859333,0.0661819297145289,-0.511744336135581,0.608829952265955,ax_water,476,0.953297152627716,Reptilia,GEKKONIDAE,SQUAMATA,SES.FDis,37,Ectotherm,0.769784997117875
-0.0440953700888435,0.0655803325817526,-0.672387106818559,0.501337288682026,ax_productivity,476,0.953297152627716,Reptilia,GEKKONIDAE,SQUAMATA,SES.FDis,37,Ectotherm,0.678595184228522
0.0469569202616277,0.0470370037622174,0.998297436184614,0.31813515046871,ax_structure,476,0.953297152627716,Reptilia,GEKKONIDAE,SQUAMATA,SES.FDis,37,Ectotherm,0.517987609800632
0.0266759590474532,0.0438692067324616,0.608079357580768,0.543134842305822,ax_human,476,0.953297152627716,Reptilia,GEKKONIDAE,SQUAMATA,SES.FDis,37,Ectotherm,0.715990921448897
0.0482833719223733,0.174797276577276,0.276224966817648,0.782375282190222,ax_thermal,476,0.953849295123779,Reptilia,GEKKONIDAE,SQUAMATA,SES.RaoQ,37,Ectotherm,0.873718589247963
-0.0250555446700745,0.0636736302076144,-0.393499547432405,0.693950558183479,ax_water,476,0.953849295123779,Reptilia,GEKKONIDAE,SQUAMATA,SES.RaoQ,37,Ectotherm,0.823754259714202
-0.0687825910209691,0.063071920251213,-1.09054220558072,0.275474372250574,ax_productivity,476,0.953849295123779,Reptilia,GEKKONIDAE,SQUAMATA,SES.RaoQ,37,Ectotherm,0.468590427024172
0.0389281989655636,0.0452400642445115,0.860480629628779,0.389524156670111,ax_structure,476,0.953849295123779,Reptilia,GEKKONIDAE,SQUAMATA,SES.RaoQ,37,Ectotherm,0.584025947888967
0.0198923032389157,0.0421936053406282,0.471453033660564,0.637317251485389,ax_human,476,0.953849295123779,Reptilia,GEKKONIDAE,SQUAMATA,SES.RaoQ,37,Ectotherm,0.786131407605629
0.301449026108886,0.154968686714576,1.94522540327196,0.0517478556898166,ax_thermal,476,0.938123781585138,Reptilia,GEKKONIDAE,SQUAMATA,SES.body_mass.mean,37,Ectotherm,0.15454110748995
-0.0399959942790435,0.0571010242262814,-0.700442677184674,0.483650891899669,ax_water,476,0.938123781585138,Reptilia,GEKKONIDAE,SQUAMATA,SES.body_mass.mean,37,Ectotherm,0.663313597278964
-0.0336939953527059,0.0571813149106023,-0.589248348090339,0.55569468849854,ax_productivity,476,0.938123781585138,Reptilia,GEKKONIDAE,SQUAMATA,SES.body_mass.mean,37,Ectotherm,0.723389535323543
0.0472693790639054,0.0409539128285277,1.15420910480081,0.248414450693767,ax_structure,476,0.938123781585138,Reptilia,GEKKONIDAE,SQUAMATA,SES.body_mass.mean,37,Ectotherm,0.434205617219884
0.015781289535801,0.0381951903369045,0.413174784484657,0.67947856105678,ax_human,476,0.938123781585138,Reptilia,GEKKONIDAE,SQUAMATA,SES.body_mass.mean,37,Ectotherm,0.813894465149683
0.25160870765322,0.152652708734086,1.64824266624388,0.0993028846916177,ax_thermal,476,0.947330362541961,Reptilia,GEKKONIDAE,SQUAMATA,SES.body_mass.var,37,Ectotherm,0.239153786572459
-0.021005430589126,0.0558654748428586,-0.376000215664706,0.706916735687144,ax_water,476,0.947330362541961,Reptilia,GEKKONIDAE,SQUAMATA,SES.body_mass.var,37,Ectotherm,0.831793097663255
-0.0159411084625076,0.0555805496326141,-0.286810917989798,0.774257102660975,ax_productivity,476,0.947330362541961,Reptilia,GEKKONIDAE,SQUAMATA,SES.body_mass.var,37,Ectotherm,0.872030183884375
0.0175965643630444,0.0398431041595762,0.441646421236864,0.65874508655495,ax_structure,476,0.947330362541961,Reptilia,GEKKONIDAE,SQUAMATA,SES.body_mass.var,37,Ectotherm,0.79822454010324
0.0273513019307877,0.0371579198754161,0.736082698452759,0.461680371322715,ax_human,476,0.947330362541961,Reptilia,GEKKONIDAE,SQUAMATA,SES.body_mass.var,37,Ectotherm,0.643472054657909
-0.201091012413392,0.155949970403072,-1.28945848398463,0.197238740569821,ax_thermal,476,0.921606087246312,Reptilia,GEKKONIDAE,SQUAMATA,SES.habitat_breadth.mean,37,Ectotherm,0.375151495031937
-0.00272416316557049,0.0582059421494382,-0.0468021488008296,0.962670916416671,ax_water,476,0.921606087246312,Reptilia,GEKKONIDAE,SQUAMATA,SES.habitat_breadth.mean,37,Ectotherm,0.978987372627122
0.0667968112930107,0.059024576611392,1.1316779404076,0.257769859082222,ax_productivity,476,0.921606087246312,Reptilia,GEKKONIDAE,SQUAMATA,SES.habitat_breadth.mean,37,Ectotherm,0.445361536634205
0.0486929769063113,0.0421993163086238,1.15388070627013,0.248549080216538,ax_structure,476,0.921606087246312,Reptilia,GEKKONIDAE,SQUAMATA,SES.habitat_breadth.mean,37,Ectotherm,0.434205617219884
0.13911236187476,0.0393724653794645,3.53323980436634,0.000410499940998843,ax_human,476,0.921606087246312,Reptilia,GEKKONIDAE,SQUAMATA,SES.habitat_breadth.mean,37,Ectotherm,0.00459203323829214
-0.0829856327648149,0.167269081290703,-0.496120574851433,0.619809343750108,ax_thermal,476,0.956737148691013,Reptilia,GEKKONIDAE,SQUAMATA,SES.habitat_breadth.var,37,Ectotherm,0.774348539415843
0.0281689857991336,0.0608097344462816,0.463231521328508,0.643198424404605,ax_water,476,0.956737148691013,Reptilia,GEKKONIDAE,SQUAMATA,SES.habitat_breadth.var,37,Ectotherm,0.786131407605629
-0.180485712369572,0.060122236093194,-3.00197936899428,0.00268230353568222,ax_productivity,476,0.956737148691013,Reptilia,GEKKONIDAE,SQUAMATA,SES.habitat_breadth.var,37,Ectotherm,0.0192426123211985
-0.0952216525592663,0.043135101004161,-2.20752126093505,0.0272776633124539,ax_structure,476,0.956737148691013,Reptilia,GEKKONIDAE,SQUAMATA,SES.habitat_breadth.var,37,Ectotherm,0.100018098812331
-0.0373170924341388,0.0402323090106537,-0.927540410973109,0.35364602030935,ax_human,476,0.956737148691013,Reptilia,GEKKONIDAE,SQUAMATA,SES.habitat_breadth.var,37,Ectotherm,0.550486729726818
0.305549707180222,0.20998285755958,1.45511738782546,0.145636766247641,ax_thermal,162,0.93913888524693,Reptilia,LACERTIDAE,SQUAMATA,SES.FDis,31,Ectotherm,0.303218503859442
-0.145132550260935,0.0928175184350184,-1.56363316654002,0.117903741294918,ax_water,162,0.93913888524693,Reptilia,LACERTIDAE,SQUAMATA,SES.FDis,31,Ectotherm,0.265585219299134
0.410343813451805,0.110725222728929,3.70596512103104,0.000210587280704999,ax_productivity,162,0.93913888524693,Reptilia,LACERTIDAE,SQUAMATA,SES.FDis,31,Ectotherm,0.0026962768683396
-0.0235250156542799,0.0393736927886045,-0.597480550797829,0.550186588392049,ax_structure,162,0.93913888524693,Reptilia,LACERTIDAE,SQUAMATA,SES.FDis,31,Ectotherm,0.720833845815081
-0.08126036844706,0.0768565834364125,-1.05729873504319,0.29037527040057,ax_human,162,0.93913888524693,Reptilia,LACERTIDAE,SQUAMATA,SES.FDis,31,Ectotherm,0.487653125863553
0.254956451130612,0.192374249118722,1.32531486047942,0.185066742179673,ax_thermal,162,0.936206276180611,Reptilia,LACERTIDAE,SQUAMATA,SES.RaoQ,31,Ectotherm,0.364609103995775
-0.142893498604007,0.0851307193456935,-1.67851863231361,0.0932458961882723,ax_water,162,0.936206276180611,Reptilia,LACERTIDAE,SQUAMATA,SES.RaoQ,31,Ectotherm,0.231361998061127
0.396327294755249,0.101579281942545,3.90165481755835,9.5537328261841e-05,ax_productivity,162,0.936206276180611,Reptilia,LACERTIDAE,SQUAMATA,SES.RaoQ,31,Ectotherm,0.00137075297071337
-0.0396819140358813,0.0361475345889829,-1.09777650086199,0.272302095070138,ax_structure,162,0.936206276180611,Reptilia,LACERTIDAE,SQUAMATA,SES.RaoQ,31,Ectotherm,0.464391169887057
-0.0911026124263463,0.0705710257393523,-1.29093507529316,0.196726191535525,ax_human,162,0.936206276180611,Reptilia,LACERTIDAE,SQUAMATA,SES.RaoQ,31,Ectotherm,0.375151495031937
-0.570523660517217,0.197162332412618,-2.89367473764327,0.00380762364066922,ax_thermal,162,0.955818743412756,Reptilia,LACERTIDAE,SQUAMATA,SES.body_mass.mean,31,Ectotherm,0.0245005500666556
-0.29644137620171,0.0866576423498752,-3.42083361793811,0.000624295129348473,ax_water,162,0.955818743412756,Reptilia,LACERTIDAE,SQUAMATA,SES.body_mass.mean,31,Ectotherm,0.00597151862855061
0.0964133806579038,0.103259195894207,0.93370260946718,0.350457318588018,ax_productivity,162,0.955818743412756,Reptilia,LACERTIDAE,SQUAMATA,SES.body_mass.mean,31,Ectotherm,0.54681283751322
-0.116377263381542,0.0365888315396238,-3.18067723085149,0.00146931233653347,ax_structure,162,0.955818743412756,Reptilia,LACERTIDAE,SQUAMATA,SES.body_mass.mean,31,Ectotherm,0.0121472519808435
0.0502010047461423,0.0713418923503833,0.703667972522915,0.481639570111943,ax_human,162,0.955818743412756,Reptilia,LACERTIDAE,SQUAMATA,SES.body_mass.mean,31,Ectotherm,0.662632462543817
-0.355631904560795,0.231186630827271,-1.53828923103474,0.123977911640531,ax_thermal,162,0.88852489809783,Reptilia,LACERTIDAE,SQUAMATA,SES.body_mass.var,31,Ectotherm,0.274581951955539
-0.34610972866789,0.104757698795538,-3.30390732755036,0.000953473450835851,ax_water,162,0.88852489809783,Reptilia,LACERTIDAE,SQUAMATA,SES.body_mass.var,31,Ectotherm,0.00850395239934678
0.629384229041689,0.125594995079682,5.01122061943939,5.40858634545671e-07,ax_productivity,162,0.88852489809783,Reptilia,LACERTIDAE,SQUAMATA,SES.body_mass.var,31,Ectotherm,1.42786679520057e-05
-0.080931347559108,0.0453865662223816,-1.78315643361445,0.0745608421076736,ax_structure,162,0.88852489809783,Reptilia,LACERTIDAE,SQUAMATA,SES.body_mass.var,31,Ectotherm,0.198340096302218
-0.0731835858143248,0.0887759528181649,-0.824362718631958,0.409733491528791,ax_human,162,0.88852489809783,Reptilia,LACERTIDAE,SQUAMATA,SES.body_mass.var,31,Ectotherm,0.602866306140888
-0.432683711682436,0.239182492160218,-1.80901080080978,0.070449325393267,ax_thermal,162,0.915098028944209,Reptilia,LACERTIDAE,SQUAMATA,SES.habitat_breadth.mean,31,Ectotherm,0.192917755866444
-0.743603458779427,0.10683606437938,-6.96022886184628,3.39728245535298e-12,ax_water,162,0.915098028944209,Reptilia,LACERTIDAE,SQUAMATA,SES.habitat_breadth.mean,31,Ectotherm,4.48441284106593e-10
0.103282725043342,0.127725841170059,0.808628262669469,0.418729002937816,ax_productivity,162,0.915098028944209,Reptilia,LACERTIDAE,SQUAMATA,SES.habitat_breadth.mean,31,Ectotherm,0.602866306140888
-0.16699309215737,0.0457260978356808,-3.6520302422802,0.000260175236056925,ax_structure,162,0.915098028944209,Reptilia,LACERTIDAE,SQUAMATA,SES.habitat_breadth.mean,31,Ectotherm,0.00323991803391643
-0.052974493340678,0.0893613744123077,-0.592811980445344,0.553306989059314,ax_human,162,0.915098028944209,Reptilia,LACERTIDAE,SQUAMATA,SES.habitat_breadth.mean,31,Ectotherm,0.721704768338235
0.346039074174455,0.208180171252702,1.66220957592744,0.0964707606634572,ax_thermal,162,0.763623745962976,Reptilia,LACERTIDAE,SQUAMATA,SES.habitat_breadth.var,31,Ectotherm,0.23607912002865
-0.670508914244848,0.103582910229189,-6.47316157425265,9.59732293637217e-11,ax_water,162,0.763623745962976,Reptilia,LACERTIDAE,SQUAMATA,SES.habitat_breadth.var,31,Ectotherm,7.03803682000625e-09
0.20993030880216,0.125257952686491,1.67598387407462,0.0937413513168628,ax_productivity,162,0.763623745962976,Reptilia,LACERTIDAE,SQUAMATA,SES.habitat_breadth.var,31,Ectotherm,0.231720194266402
-0.0839846619815741,0.0480407828794074,-1.74819511564567,0.0804302470930389,ax_structure,162,0.763623745962976,Reptilia,LACERTIDAE,SQUAMATA,SES.habitat_breadth.var,31,Ectotherm,0.208991980635455
-0.0763499986759055,0.0942285762053131,-0.810263741113394,0.417788609949364,ax_human,162,0.763623745962976,Reptilia,LACERTIDAE,SQUAMATA,SES.habitat_breadth.var,31,Ectotherm,0.602866306140888
0.162327054095364,0.127480674070601,1.27334637409796,0.202895157581488,ax_thermal,823,0.935154171283424,Reptilia,NATRICIDAE,SQUAMATA,SES.FDis,59,Ectotherm,0.381512262119038
0.161216494728365,0.0550083197380577,2.9307656641042,0.00338127739091476,ax_water,823,0.935154171283424,Reptilia,NATRICIDAE,SQUAMATA,SES.FDis,59,Ectotherm,0.0226824088682154
0.0253979054719526,0.0580001858206099,0.437893519005376,0.66146347393565,ax_productivity,823,0.935154171283424,Reptilia,NATRICIDAE,SQUAMATA,SES.FDis,59,Ectotherm,0.798300930630372
0.0163885321009484,0.0310102019014742,0.528488403687863,0.597160393618619,ax_structure,823,0.935154171283424,Reptilia,NATRICIDAE,SQUAMATA,SES.FDis,59,Ectotherm,0.757934345746709
-0.0527534487449757,0.0370895966630001,-1.42232468107698,0.154932017117789,ax_human,823,0.935154171283424,Reptilia,NATRICIDAE,SQUAMATA,SES.FDis,59,Ectotherm,0.317562519558201
0.178415410058851,0.123713599740018,1.44216489079445,0.149255862504094,ax_thermal,823,0.932556664287773,Reptilia,NATRICIDAE,SQUAMATA,SES.RaoQ,59,Ectotherm,0.307840216414693
0.172510827918061,0.0535322849859506,3.22255677977012,0.00127051981609472,ax_water,823,0.932556664287773,Reptilia,NATRICIDAE,SQUAMATA,SES.RaoQ,59,Ectotherm,0.0110334615608225
0.00747561872609132,0.0565263530311097,0.132250151039765,0.894786434655033,ax_productivity,823,0.932556664287773,Reptilia,NATRICIDAE,SQUAMATA,SES.RaoQ,59,Ectotherm,0.927477141395836
0.0101884394644072,0.0302531264884327,0.336773108997602,0.73628794603133,ax_structure,823,0.932556664287773,Reptilia,NATRICIDAE,SQUAMATA,SES.RaoQ,59,Ectotherm,0.852007650267422
-0.0560143410987638,0.0361455423094009,-1.54968877266493,0.121216234186519,ax_human,823,0.932556664287773,Reptilia,NATRICIDAE,SQUAMATA,SES.RaoQ,59,Ectotherm,0.271195642586788
-0.22826919898464,0.125497679585012,-1.81891171007676,0.0689249010139863,ax_thermal,823,0.93668750892555,Reptilia,NATRICIDAE,SQUAMATA,SES.body_mass.mean,59,Ectotherm,0.19194276231743
-0.0805832447538497,0.0540645086495966,-1.49050174997662,0.136092356678857,ax_water,823,0.93668750892555,Reptilia,NATRICIDAE,SQUAMATA,SES.body_mass.mean,59,Ectotherm,0.292576401980605
0.00886137394416414,0.0569567779591223,0.155580674709583,0.876363558779615,ax_productivity,823,0.93668750892555,Reptilia,NATRICIDAE,SQUAMATA,SES.body_mass.mean,59,Ectotherm,0.921567331883501
0.00441082553964841,0.0304339828167371,0.144930933496574,0.884765402880935,ax_structure,823,0.93668750892555,Reptilia,NATRICIDAE,SQUAMATA,SES.body_mass.mean,59,Ectotherm,0.9254281551528
0.0540921198319344,0.0364233812085362,1.48509331196461,0.137519107503814,ax_human,823,0.93668750892555,Reptilia,NATRICIDAE,SQUAMATA,SES.body_mass.mean,59,Ectotherm,0.293386985411392
-0.11902347703945,0.113604158323361,-1.04770352420255,0.294775223360865,ax_thermal,823,0.952260484018781,Reptilia,NATRICIDAE,SQUAMATA,SES.body_mass.var,59,Ectotherm,0.493507675471509
0.00769261348528978,0.0481878946637747,0.159637882894949,0.873166335416382,ax_water,823,0.952260484018781,Reptilia,NATRICIDAE,SQUAMATA,SES.body_mass.var,59,Ectotherm,0.921567331883501
-0.0452944896533883,0.0503645865657663,-0.899332104994897,0.36847579153384,ax_productivity,823,0.952260484018781,Reptilia,NATRICIDAE,SQUAMATA,SES.body_mass.var,59,Ectotherm,0.568210332739099
-0.00762071720866639,0.0267501298332504,-0.284885241909885,0.775732062939314,ax_structure,823,0.952260484018781,Reptilia,NATRICIDAE,SQUAMATA,SES.body_mass.var,59,Ectotherm,0.872203000919842
-0.0664961682961443,0.0322196407111347,-2.06383953478302,0.0390329332399972,ax_human,823,0.952260484018781,Reptilia,NATRICIDAE,SQUAMATA,SES.body_mass.var,59,Ectotherm,0.125056970574748
0.0871540109066555,0.134870596157394,0.646204683524547,0.518146806789677,ax_thermal,823,0.960274112306569,Reptilia,NATRICIDAE,SQUAMATA,SES.habitat_breadth.mean,59,Ectotherm,0.690862409052902
-0.272210361516273,0.0568030404931328,-4.79217941774054,1.64979261385589e-06,ax_water,823,0.960274112306569,Reptilia,NATRICIDAE,SQUAMATA,SES.habitat_breadth.mean,59,Ectotherm,3.62954375048297e-05
0.0934833658773821,0.0591569234799594,1.58026077723686,0.114047158286916,ax_productivity,823,0.960274112306569,Reptilia,NATRICIDAE,SQUAMATA,SES.habitat_breadth.mean,59,Ectotherm,0.25827322670459
0.00607535336087784,0.031327560620084,0.193929984991648,0.8462307047523,ax_structure,823,0.960274112306569,Reptilia,NATRICIDAE,SQUAMATA,SES.habitat_breadth.mean,59,Ectotherm,0.90667575509175
0.0325235159495482,0.037853680336488,0.859190326024868,0.39023551972581,ax_human,823,0.960274112306569,Reptilia,NATRICIDAE,SQUAMATA,SES.habitat_breadth.mean,59,Ectotherm,0.584025947888967
0.23897128476859,0.126724812330022,1.88574976261358,0.059328683612411,ax_thermal,823,0.945019005485597,Reptilia,NATRICIDAE,SQUAMATA,SES.habitat_breadth.var,59,Ectotherm,0.168055498644598
0.0353526444307045,0.054128622633072,0.653122926669567,0.513677032907985,ax_water,823,0.945019005485597,Reptilia,NATRICIDAE,SQUAMATA,SES.habitat_breadth.var,59,Ectotherm,0.688759148003613
0.0478665829689038,0.0567739471658831,0.843108245214066,0.399167907827819,ax_productivity,823,0.945019005485597,Reptilia,NATRICIDAE,SQUAMATA,SES.habitat_breadth.var,59,Ectotherm,0.592024312733394
0.0577910921742938,0.0302378041607445,1.91121987122728,0.0559763312726371,ax_structure,823,0.945019005485597,Reptilia,NATRICIDAE,SQUAMATA,SES.habitat_breadth.var,59,Ectotherm,0.162182402378243
-0.0109679021099484,0.0363129548821417,-0.30203827106734,0.762622888450195,ax_human,823,0.945019005485597,Reptilia,NATRICIDAE,SQUAMATA,SES.habitat_breadth.var,59,Ectotherm,0.866576702760834
0.164179348167326,0.126019146562695,1.30281272842652,0.192638704176386,ax_thermal,970,0.957275842222542,Reptilia,SCINCIDAE,SQUAMATA,SES.FDis,48,Ectotherm,0.370675057598877
-0.119008896666932,0.0594078334060499,-2.00325259892094,0.0451501825047,ax_water,970,0.957275842222542,Reptilia,SCINCIDAE,SQUAMATA,SES.FDis,48,Ectotherm,0.138600560246986
-0.075568720136574,0.047849380762022,-1.57930403556137,0.114266336663243,ax_productivity,970,0.957275842222542,Reptilia,SCINCIDAE,SQUAMATA,SES.FDis,48,Ectotherm,0.25827322670459
0.0274204077456544,0.031391817405565,0.873489017580531,0.38239658975085,ax_structure,970,0.957275842222542,Reptilia,SCINCIDAE,SQUAMATA,SES.FDis,48,Ectotherm,0.580187929277152
0.043466291791796,0.0332094537209689,1.30885295967247,0.190584163499532,ax_human,970,0.957275842222542,Reptilia,SCINCIDAE,SQUAMATA,SES.FDis,48,Ectotherm,0.370675057598877
0.103233772751939,0.119278568677528,0.865484670855109,0.386772825971722,ax_thermal,970,0.957401397255301,Reptilia,SCINCIDAE,SQUAMATA,SES.RaoQ,48,Ectotherm,0.584025947888967
-0.0947817728705167,0.0562261316636435,-1.6857245922149,0.0918488578905856,ax_water,970,0.957401397255301,Reptilia,SCINCIDAE,SQUAMATA,SES.RaoQ,48,Ectotherm,0.230495232729226
-0.0391132059997237,0.0452811197634555,-0.863786191773692,0.387705354620953,ax_productivity,970,0.957401397255301,Reptilia,SCINCIDAE,SQUAMATA,SES.RaoQ,48,Ectotherm,0.584025947888967
0.0231397275185732,0.0297070839031601,0.778929618067013,0.436021175706165,ax_structure,970,0.957401397255301,Reptilia,SCINCIDAE,SQUAMATA,SES.RaoQ,48,Ectotherm,0.619621052209762
0.0629951422743199,0.0314271025244169,2.00448457586494,0.0450181775298784,ax_human,970,0.957401397255301,Reptilia,SCINCIDAE,SQUAMATA,SES.RaoQ,48,Ectotherm,0.138600560246986
-0.393808775926189,0.108781001365984,-3.62019811346703,0.000294377532697565,ax_thermal,970,0.978149561145623,Reptilia,SCINCIDAE,SQUAMATA,SES.body_mass.mean,48,Ectotherm,0.00359794762185913
0.091411726895406,0.0507832136298001,1.80003824810655,0.0718545990456103,ax_water,970,0.978149561145623,Reptilia,SCINCIDAE,SQUAMATA,SES.body_mass.mean,48,Ectotherm,0.194360800697143
0.160657577689845,0.0401760771552506,3.99883684683857,6.36545390699794e-05,ax_productivity,970,0.978149561145623,Reptilia,SCINCIDAE,SQUAMATA,SES.body_mass.mean,48,Ectotherm,0.00102468282405333
-0.0424887015195753,0.0263896420647244,-1.6100522097028,0.107386458899498,ax_structure,970,0.978149561145623,Reptilia,SCINCIDAE,SQUAMATA,SES.body_mass.mean,48,Ectotherm,0.250874978020895
0.0887075495004162,0.0279069479797469,3.17869046678965,0.0014794198388437,ax_human,970,0.978149561145623,Reptilia,SCINCIDAE,SQUAMATA,SES.body_mass.mean,48,Ectotherm,0.0121472519808435
-0.0057945395151235,0.121724161220176,-0.0476038565970667,0.962031958396213,ax_thermal,970,0.955569173445521,Reptilia,SCINCIDAE,SQUAMATA,SES.body_mass.var,48,Ectotherm,0.978987372627122
-0.167094707385213,0.0574403420511717,-2.90901309808277,0.00362571669242762,ax_water,970,0.955569173445521,Reptilia,SCINCIDAE,SQUAMATA,SES.body_mass.var,48,Ectotherm,0.0236928021485369
0.0598161511260223,0.0463432580359858,1.29071959247178,0.196800928307785,ax_productivity,970,0.955569173445521,Reptilia,SCINCIDAE,SQUAMATA,SES.body_mass.var,48,Ectotherm,0.375151495031937
-0.000746450422981428,0.0304011595444832,-0.0245533536932766,0.980411226430082,ax_structure,970,0.955569173445521,Reptilia,SCINCIDAE,SQUAMATA,SES.body_mass.var,48,Ectotherm,0.987668458406891
0.0477927209305999,0.0321623952098336,1.48598139593743,0.137284041962484,ax_human,970,0.955569173445521,Reptilia,SCINCIDAE,SQUAMATA,SES.body_mass.var,48,Ectotherm,0.293386985411392
0.256453901072328,0.0925821710705874,2.77001390339831,0.00560538998707361,ax_thermal,970,0.920670090286915,Reptilia,SCINCIDAE,SQUAMATA,SES.habitat_breadth.mean,48,Ectotherm,0.0303242409136769
0.0364244993803824,0.044800948761219,0.813029643066677,0.416201062806406,ax_water,970,0.920670090286915,Reptilia,SCINCIDAE,SQUAMATA,SES.habitat_breadth.mean,48,Ectotherm,0.602866306140888
-0.102773278711309,0.0376543976193918,-2.72938315864549,0.00634529304292864,ax_productivity,970,0.920670090286915,Reptilia,SCINCIDAE,SQUAMATA,SES.habitat_breadth.mean,48,Ectotherm,0.0335031472666632
-0.0189644976509055,0.0246699414384085,-0.768728928613497,0.442054247788013,ax_structure,970,0.920670090286915,Reptilia,SCINCIDAE,SQUAMATA,SES.habitat_breadth.mean,48,Ectotherm,0.623492313891934
-0.0769596243041468,0.0261185304866683,-2.94655261495012,0.0032133774602916,ax_human,970,0.920670090286915,Reptilia,SCINCIDAE,SQUAMATA,SES.habitat_breadth.mean,48,Ectotherm,0.0220919700395048
0.0356478725615542,0.112718239856908,0.316256469288448,0.751807849186168,ax_thermal,970,0.909769838666757,Reptilia,SCINCIDAE,SQUAMATA,SES.habitat_breadth.var,48,Ectotherm,0.862944661674558
-0.105078157921794,0.0550458602786733,-1.90892026012182,0.0562723790069963,ax_water,970,0.909769838666757,Reptilia,SCINCIDAE,SQUAMATA,SES.habitat_breadth.var,48,Ectotherm,0.162182402378243
-0.0338564449252007,0.0469502344909239,-0.721113436222466,0.470839724929598,ax_productivity,970,0.909769838666757,Reptilia,SCINCIDAE,SQUAMATA,SES.habitat_breadth.var,48,Ectotherm,0.650113427727059
-0.0732620614295013,0.0307528140887093,-2.38228804746682,0.0172054333250438,ax_structure,970,0.909769838666757,Reptilia,SCINCIDAE,SQUAMATA,SES.habitat_breadth.var,48,Ectotherm,0.0698345536086145
0.0677599725305447,0.0325696788220416,2.08046179702233,0.0374831961907005,ax_human,970,0.909769838666757,Reptilia,SCINCIDAE,SQUAMATA,SES.habitat_breadth.var,48,Ectotherm,0.12186654919144
-0.855892607025003,0.13396756282818,-6.38880478943046,1.67187375055278e-10,ax_thermal,554,0.938997237347616,Reptilia,VIPERIDAE,SQUAMATA,SES.FDis,39,Ectotherm,1.10343667536483e-08
0.0750067989302629,0.0628035547983208,1.19430817524788,0.232357440876066,ax_water,554,0.938997237347616,Reptilia,VIPERIDAE,SQUAMATA,SES.FDis,39,Ectotherm,0.414475435076225
0.0466240784300942,0.0694079127531863,0.671740102542614,0.501749166520483,ax_productivity,554,0.938997237347616,Reptilia,VIPERIDAE,SQUAMATA,SES.FDis,39,Ectotherm,0.678595184228522
-0.064748863276626,0.0395333430829955,-1.6378291899244,0.101457330582559,ax_structure,554,0.938997237347616,Reptilia,VIPERIDAE,SQUAMATA,SES.FDis,39,Ectotherm,0.24177156633307
0.0556910316300646,0.0439330515794702,1.2676340392455,0.204928670187833,ax_human,554,0.938997237347616,Reptilia,VIPERIDAE,SQUAMATA,SES.FDis,39,Ectotherm,0.384241256602186
-0.967546181024403,0.142502031438559,-6.78970096957229,1.12365672322312e-11,ax_thermal,554,0.940416595572731,Reptilia,VIPERIDAE,SQUAMATA,SES.RaoQ,39,Ectotherm,1.23602239554543e-09
0.0908114908100431,0.0667750280715757,1.35996185149788,0.173841996284836,ax_water,554,0.940416595572731,Reptilia,VIPERIDAE,SQUAMATA,SES.RaoQ,39,Ectotherm,0.344551704348323
0.0633803058775,0.0737340995136728,0.859579303138396,0.390020987916246,ax_productivity,554,0.940416595572731,Reptilia,VIPERIDAE,SQUAMATA,SES.RaoQ,39,Ectotherm,0.584025947888967
-0.0511163763292239,0.0419867895027494,-1.2174395073926,0.22343703917771,ax_structure,554,0.940416595572731,Reptilia,VIPERIDAE,SQUAMATA,SES.RaoQ,39,Ectotherm,0.405493465463491
0.0692658112241141,0.0466743704153517,1.48402240046781,0.13780297799626,ax_human,554,0.940416595572731,Reptilia,VIPERIDAE,SQUAMATA,SES.RaoQ,39,Ectotherm,0.293386985411392
0.560121262546393,0.113413025246074,4.93877366670263,7.86153930176781e-07,ax_thermal,554,0.950653196618702,Reptilia,VIPERIDAE,SQUAMATA,SES.body_mass.mean,39,Ectotherm,1.99562151506414e-05
-0.147653556029714,0.0529874343320051,-2.78657681563814,0.00532679915179313,ax_water,554,0.950653196618702,Reptilia,VIPERIDAE,SQUAMATA,SES.body_mass.mean,39,Ectotherm,0.0295435919343148
-0.0546427052345374,0.0581673400125492,-0.939405261143945,0.347522712838178,ax_productivity,554,0.950653196618702,Reptilia,VIPERIDAE,SQUAMATA,SES.body_mass.mean,39,Ectotherm,0.54351893477061
0.017492083792355,0.0330622488064917,0.529065155087712,0.596760252404403,ax_structure,554,0.950653196618702,Reptilia,VIPERIDAE,SQUAMATA,SES.body_mass.mean,39,Ectotherm,0.757934345746709
-0.0465008130024383,0.0368383757922183,-1.26229270434505,0.206843480947734,ax_human,554,0.950653196618702,Reptilia,VIPERIDAE,SQUAMATA,SES.body_mass.mean,39,Ectotherm,0.385239410433223
-1.05457543563673,0.179866582204223,-5.86309820708858,4.54309323494329e-09,ax_thermal,554,0.941662367274967,Reptilia,VIPERIDAE,SQUAMATA,SES.body_mass.var,39,Ectotherm,2.30649348850967e-07
0.162465712063862,0.0842515808553573,1.92834022120941,0.053812822046579,ax_water,554,0.941662367274967,Reptilia,VIPERIDAE,SQUAMATA,SES.body_mass.var,39,Ectotherm,0.158555636387242
0.164694465937739,0.0929630889916206,1.77161137526942,0.0764590901214419,ax_productivity,554,0.941662367274967,Reptilia,VIPERIDAE,SQUAMATA,SES.body_mass.var,39,Ectotherm,0.201047806693831
0.0507308166023731,0.0529246610164222,0.958547785249519,0.337786607633112,ax_structure,554,0.941662367274967,Reptilia,VIPERIDAE,SQUAMATA,SES.body_mass.var,39,Ectotherm,0.535694526336171
0.0971827895163296,0.0588498371309296,1.65136887805002,0.0986632756798269,ax_human,554,0.941662367274967,Reptilia,VIPERIDAE,SQUAMATA,SES.body_mass.var,39,Ectotherm,0.239153786572459
-0.54519215658462,0.0944652942329518,-5.77134873724285,7.86395326635159e-09,ax_thermal,554,0.843280247045096,Reptilia,VIPERIDAE,SQUAMATA,SES.habitat_breadth.mean,39,Ectotherm,3.55616165848005e-07
0.0800412696735125,0.0462059257102093,1.7322728295827,0.0832249972154806,ax_water,554,0.843280247045096,Reptilia,VIPERIDAE,SQUAMATA,SES.habitat_breadth.mean,39,Ectotherm,0.214564445946161
0.051826731885609,0.0548599568580643,0.944709672661556,0.34480711747462,ax_productivity,554,0.843280247045096,Reptilia,VIPERIDAE,SQUAMATA,SES.habitat_breadth.mean,39,Ectotherm,0.541288725728158
-0.0881004819118624,0.0316524815949187,-2.78336728978639,0.00537978661675442,ax_structure,554,0.843280247045096,Reptilia,VIPERIDAE,SQUAMATA,SES.habitat_breadth.mean,39,Ectotherm,0.0295888263921493
0.058490790721206,0.0346397605164601,1.6885448931846,0.0913066788259869,ax_human,554,0.843280247045096,Reptilia,VIPERIDAE,SQUAMATA,SES.habitat_breadth.mean,39,Ectotherm,0.230009190935692
0.062749250759877,0.0855819860207585,0.733206293490978,0.463432617435854,ax_thermal,554,0.962980390517387,Reptilia,VIPERIDAE,SQUAMATA,SES.habitat_breadth.var,39,Ectotherm,0.643472054657909
0.0101195952605958,0.0398649182928569,0.253847134120656,0.799613658012756,ax_water,554,0.962980390517387,Reptilia,VIPERIDAE,SQUAMATA,SES.habitat_breadth.var,39,Ectotherm,0.881718656528346
-0.0085625198153639,0.0434851750010853,-0.196906642669604,0.843900595350427,ax_productivity,554,0.962980390517387,Reptilia,VIPERIDAE,SQUAMATA,SES.habitat_breadth.var,39,Ectotherm,0.905649419400459
0.0251388411972856,0.0246643498522293,1.01923794253241,0.308090017560767,ax_structure,554,0.962980390517387,Reptilia,VIPERIDAE,SQUAMATA,SES.habitat_breadth.var,39,Ectotherm,0.504564296749643
0.00551700238424752,0.0275577074420005,0.20019816219687,0.841325604435264,ax_human,554,0.962980390517387,Reptilia,VIPERIDAE,SQUAMATA,SES.habitat_breadth.var,39,Ectotherm,0.90435651291087
0.0781310652384059,0.167521137169505,0.466395265448499,0.640932599816164,ax_thermal,413,0.897005928102838,Amphibia,DICROGLOSSIDAE,ANURA,SES.FDis,49,Ectotherm,0.786131407605629
-0.00819801302555136,0.093468632396845,-0.087708708422571,0.930108197981185,ax_water,413,0.897005928102838,Amphibia,DICROGLOSSIDAE,ANURA,SES.FDis,49,Ectotherm,0.954698927943363
-0.18266651001903,0.0864029801626844,-2.11412279617086,0.0345047806309129,ax_productivity,413,0.897005928102838,Amphibia,DICROGLOSSIDAE,ANURA,SES.FDis,49,Ectotherm,0.116189567430625
-0.0375054643218638,0.0519238179647109,-0.722317152166155,0.470099509839426,ax_structure,413,0.897005928102838,Amphibia,DICROGLOSSIDAE,ANURA,SES.FDis,49,Ectotherm,0.650113427727059
-0.0693300537955634,0.0576215058570588,-1.20319753474597,0.22889988867628,ax_human,413,0.897005928102838,Amphibia,DICROGLOSSIDAE,ANURA,SES.FDis,49,Ectotherm,0.412770291055587
0.0250200718398252,0.150403227936034,0.166353290306151,0.867878930626505,ax_thermal,413,0.859938214456652,Amphibia,DICROGLOSSIDAE,ANURA,SES.RaoQ,49,Ectotherm,0.920900473012047
0.0199647456905929,0.0871605145225226,0.229057226198842,0.818824438182235,ax_water,413,0.859938214456652,Amphibia,DICROGLOSSIDAE,ANURA,SES.RaoQ,49,Ectotherm,0.896225753234287
-0.232956713331866,0.0828946808923559,-2.81027335920835,0.00494994379052915,ax_productivity,413,0.859938214456652,Amphibia,DICROGLOSSIDAE,ANURA,SES.RaoQ,49,Ectotherm,0.0290183677306164
-0.0148532224251082,0.0507459148757404,-0.292697894234023,0.769753079597967,ax_structure,413,0.859938214456652,Amphibia,DICROGLOSSIDAE,ANURA,SES.RaoQ,49,Ectotherm,0.871349379460273
-0.0699876685314326,0.0555612210795668,-1.25964957521733,0.207795803203375,ax_human,413,0.859938214456652,Amphibia,DICROGLOSSIDAE,ANURA,SES.RaoQ,49,Ectotherm,0.385239410433223
-0.0824851830079493,0.190102297471714,-0.433898927603559,0.664361838535009,ax_thermal,413,0.949675593313155,Amphibia,DICROGLOSSIDAE,ANURA,SES.body_mass.mean,49,Ectotherm,0.800143820133405
0.660165259429394,0.101414099726285,6.50960035351267,7.53510587259143e-11,ax_water,413,0.949675593313155,Amphibia,DICROGLOSSIDAE,ANURA,SES.body_mass.mean,49,Ectotherm,6.21646234488793e-09
-0.0447867219112741,0.0902254367726429,-0.496386867310281,0.619621488834117,ax_productivity,413,0.949675593313155,Amphibia,DICROGLOSSIDAE,ANURA,SES.body_mass.mean,49,Ectotherm,0.774348539415843
-0.0151235149105866,0.0523931178398828,-0.288654608355341,0.772845701923049,ax_structure,413,0.949675593313155,Amphibia,DICROGLOSSIDAE,ANURA,SES.body_mass.mean,49,Ectotherm,0.871928484220876
0.0714961707851507,0.0596582714114599,1.19842846756396,0.230750255422706,ax_human,413,0.949675593313155,Amphibia,DICROGLOSSIDAE,ANURA,SES.body_mass.mean,49,Ectotherm,0.413845566790723
0.995448343481607,0.169358916443992,5.87774393213484,4.15895606842298e-09,ax_thermal,413,0.723929186397249,Amphibia,DICROGLOSSIDAE,ANURA,SES.body_mass.var,49,Ectotherm,2.28742583763264e-07
0.501611545345882,0.111334142081682,4.50546019367416,6.62292540698495e-06,ax_water,413,0.723929186397249,Amphibia,DICROGLOSSIDAE,ANURA,SES.body_mass.var,49,Ectotherm,0.000124889450531716
-0.320974482185139,0.115154248317401,-2.78734381818405,0.00531420635421309,ax_productivity,413,0.723929186397249,Amphibia,DICROGLOSSIDAE,ANURA,SES.body_mass.var,49,Ectotherm,0.0295435919343148
-0.0747819573925001,0.0714630482525618,-1.0464423113916,0.295356866380676,ax_structure,413,0.723929186397249,Amphibia,DICROGLOSSIDAE,ANURA,SES.body_mass.var,49,Ectotherm,0.493507675471509
-0.0743910473155068,0.0774722976891394,-0.960227714092124,0.336940621535155,ax_human,413,0.723929186397249,Amphibia,DICROGLOSSIDAE,ANURA,SES.body_mass.var,49,Ectotherm,0.535694526336171
0.969345477586987,0.270811093200868,3.57941569575216,0.000344363315779583,ax_thermal,413,0.911303491868757,Amphibia,DICROGLOSSIDAE,ANURA,SES.habitat_breadth.mean,49,Ectotherm,0.00405856765025938
0.356951838220107,0.149040261699684,2.39500276065916,0.0166202401352094,ax_water,413,0.911303491868757,Amphibia,DICROGLOSSIDAE,ANURA,SES.habitat_breadth.mean,49,Ectotherm,0.0694263195521403
-0.275369823415422,0.136263380395299,-2.02086446568826,0.0432937972264227,ax_productivity,413,0.911303491868757,Amphibia,DICROGLOSSIDAE,ANURA,SES.habitat_breadth.mean,49,Ectotherm,0.135421356253265
-0.0137474569354528,0.0811690638284037,-0.169368183973586,0.865507047453332,ax_structure,413,0.911303491868757,Amphibia,DICROGLOSSIDAE,ANURA,SES.habitat_breadth.mean,49,Ectotherm,0.919862562510788
-0.109247271032645,0.0906623882529389,-1.20498999792346,0.228207163161447,ax_human,413,0.911303491868757,Amphibia,DICROGLOSSIDAE,ANURA,SES.habitat_breadth.mean,49,Ectotherm,0.41264856900426
0.338388519294532,0.259376114864593,1.3046248282005,0.192020629698476,ax_thermal,413,0.851262107784026,Amphibia,DICROGLOSSIDAE,ANURA,SES.habitat_breadth.var,49,Ectotherm,0.370675057598877
0.0509658271167262,0.151674366777315,0.33602136075869,0.736854758528305,ax_water,413,0.851262107784026,Amphibia,DICROGLOSSIDAE,ANURA,SES.habitat_breadth.var,49,Ectotherm,0.852007650267422
-0.214477314854644,0.145180208082066,-1.47731786369534,0.13959045170677,ax_productivity,413,0.851262107784026,Amphibia,DICROGLOSSIDAE,ANURA,SES.habitat_breadth.var,49,Ectotherm,0.295669705600624
0.159248814485369,0.0891694945203951,1.78591137408483,0.0741136090570906,ax_structure,413,0.851262107784026,Amphibia,DICROGLOSSIDAE,ANURA,SES.habitat_breadth.var,49,Ectotherm,0.198340096302218
-0.14050789220914,0.0973982212296068,-1.44261250806528,0.14912965787408,ax_human,413,0.851262107784026,Amphibia,DICROGLOSSIDAE,ANURA,SES.habitat_breadth.var,49,Ectotherm,0.307840216414693
0.0920942083531306,0.279650115915086,0.32931939989288,0.7419142821963,ax_thermal,222,0.860254708052707,Amphibia,MEGOPHRYIDAE,ANURA,SES.FDis,82,Ectotherm,0.85605494099573
0.539336140290068,0.214012180707671,2.52011889466597,0.0117315200523056,ax_water,222,0.860254708052707,Amphibia,MEGOPHRYIDAE,ANURA,SES.FDis,82,Ectotherm,0.0559895298205711
0.236271670758052,0.143215068082324,1.64976823962572,0.098990347045768,ax_productivity,222,0.860254708052707,Amphibia,MEGOPHRYIDAE,ANURA,SES.FDis,82,Ectotherm,0.239153786572459
0.140373668028193,0.0760053885708028,1.84689099901684,0.0647629395269826,ax_structure,222,0.860254708052707,Amphibia,MEGOPHRYIDAE,ANURA,SES.FDis,82,Ectotherm,0.181887404628973
-0.0542600679340024,0.136080355747021,-0.398735494452073,0.690088111383663,ax_human,222,0.860254708052707,Amphibia,MEGOPHRYIDAE,ANURA,SES.FDis,82,Ectotherm,0.822126630890285
0.0399290158055009,0.269818895919236,0.147984505197341,0.882354996658548,ax_thermal,222,0.851784527321474,Amphibia,MEGOPHRYIDAE,ANURA,SES.RaoQ,82,Ectotherm,0.924459924608584
0.555889085766721,0.206975534238328,2.68577195760068,0.00723624583518046,ax_water,222,0.851784527321474,Amphibia,MEGOPHRYIDAE,ANURA,SES.RaoQ,82,Ectotherm,0.0379041448509452
0.21259185336962,0.140643180473835,1.51156886991169,0.130643576042994,ax_productivity,222,0.851784527321474,Amphibia,MEGOPHRYIDAE,ANURA,SES.RaoQ,82,Ectotherm,0.284728783815746
0.159243688114981,0.0752274439890525,2.11682970563449,0.034274303263601,ax_structure,222,0.851784527321474,Amphibia,MEGOPHRYIDAE,ANURA,SES.RaoQ,82,Ectotherm,0.116005334122957
-0.0254643671634777,0.133967773812209,-0.190078303452087,0.849247771466729,ax_human,222,0.851784527321474,Amphibia,MEGOPHRYIDAE,ANURA,SES.RaoQ,82,Ectotherm,0.908433596706711
-0.221071205820667,0.316172200964381,-0.699211395392642,0.484419930134031,ax_thermal,222,0.878450152351268,Amphibia,MEGOPHRYIDAE,ANURA,SES.body_mass.mean,82,Ectotherm,0.663313597278964
-0.0648532197075546,0.240803228481256,-0.269320391244683,0.787683141760644,ax_water,222,0.878450152351268,Amphibia,MEGOPHRYIDAE,ANURA,SES.body_mass.mean,82,Ectotherm,0.87520349084516
-0.0937204867051827,0.155995786526839,-0.600788577639296,0.547980812923953,ax_productivity,222,0.878450152351268,Amphibia,MEGOPHRYIDAE,ANURA,SES.body_mass.mean,82,Ectotherm,0.720452861613165
0.0955806489480813,0.0813559358048943,1.17484542464486,0.240056563112054,ax_structure,222,0.878450152351268,Amphibia,MEGOPHRYIDAE,ANURA,SES.body_mass.mean,82,Ectotherm,0.422499551077215
0.152863619070221,0.147471016399375,1.03656720352589,0.299937604495408,ax_human,222,0.878450152351268,Amphibia,MEGOPHRYIDAE,ANURA,SES.body_mass.mean,82,Ectotherm,0.497804014632221
0.152465824503155,0.316484808103982,0.48174768772175,0.629985195102062,ax_thermal,222,0.907951671970116,Amphibia,MEGOPHRYIDAE,ANURA,SES.body_mass.var,82,Ectotherm,0.783032445889569
0.126987818456666,0.239347468939035,0.530558434645538,0.59572480556933,ax_water,222,0.907951671970116,Amphibia,MEGOPHRYIDAE,ANURA,SES.body_mass.var,82,Ectotherm,0.757934345746709
0.143713635353183,0.147508335680042,0.974274671940639,0.329920177060243,ax_productivity,222,0.907951671970116,Amphibia,MEGOPHRYIDAE,ANURA,SES.body_mass.var,82,Ectotherm,0.529798824476302
0.000573055846849919,0.0747074799984737,0.00767066225311879,0.993879757035385,ax_structure,222,0.907951671970116,Amphibia,MEGOPHRYIDAE,ANURA,SES.body_mass.var,82,Ectotherm,0.995120798641187
-0.10639613721685,0.138438467162531,-0.768544606116865,0.44216370068905,ax_human,222,0.907951671970116,Amphibia,MEGOPHRYIDAE,ANURA,SES.body_mass.var,82,Ectotherm,0.623492313891934
-0.136948122799582,0.356243341210684,-0.38442296867688,0.700664979418904,ax_thermal,222,0.909806521760887,Amphibia,MEGOPHRYIDAE,ANURA,SES.habitat_breadth.mean,82,Ectotherm,0.827260977489224
0.0354896405164264,0.269303722233803,0.131782955772201,0.895155968286587,ax_water,222,0.909806521760887,Amphibia,MEGOPHRYIDAE,ANURA,SES.habitat_breadth.mean,82,Ectotherm,0.927477141395836
-0.283442744613467,0.165480261060737,-1.71284927154807,0.0867402728724374,ax_productivity,222,0.909806521760887,Amphibia,MEGOPHRYIDAE,ANURA,SES.habitat_breadth.mean,82,Ectotherm,0.220186846522341
-0.0147151113636377,0.0836552825083314,-0.175901759248403,0.860371123222341,ax_structure,222,0.909806521760887,Amphibia,MEGOPHRYIDAE,ANURA,SES.habitat_breadth.mean,82,Ectotherm,0.918630179697958
-0.190618036341259,0.15524307702599,-1.22786819221154,0.219496451626812,ax_human,222,0.909806521760887,Amphibia,MEGOPHRYIDAE,ANURA,SES.habitat_breadth.mean,82,Ectotherm,0.400186900756066
0.22258668238281,0.302979698418256,0.734658736360397,0.46254735663313,ax_thermal,222,0.934141944940265,Amphibia,MEGOPHRYIDAE,ANURA,SES.habitat_breadth.var,82,Ectotherm,0.643472054657909
0.351812839050457,0.227853836031418,1.54402859823675,0.122581404673361,ax_water,222,0.934141944940265,Amphibia,MEGOPHRYIDAE,ANURA,SES.habitat_breadth.var,82,Ectotherm,0.272403121496358
-0.191454435021501,0.135080016306801,-1.41734092322479,0.156383275893457,ax_productivity,222,0.934141944940265,Amphibia,MEGOPHRYIDAE,ANURA,SES.habitat_breadth.var,82,Ectotherm,0.31954477427146
-0.020012741242003,0.0667050380238416,-0.300018436911018,0.764163092434554,ax_structure,222,0.934141944940265,Amphibia,MEGOPHRYIDAE,ANURA,SES.habitat_breadth.var,82,Ectotherm,0.866576702760834
-0.20639421995783,0.126157147726518,-1.6360089275738,0.10183771896702,ax_human,222,0.934141944940265,Amphibia,MEGOPHRYIDAE,ANURA,SES.habitat_breadth.var,82,Ectotherm,0.241773001864148
-0.226688606065328,0.128883647809177,-1.75886243071703,0.0786008777139242,ax_thermal,911,0.91400915492601,Amphibia,RANIDAE,ANURA,SES.FDis,109,Ectotherm,0.205859441631706
0.161650674598656,0.0572712113059507,2.82254680689563,0.00476438666997026,ax_water,911,0.91400915492601,Amphibia,RANIDAE,ANURA,SES.FDis,109,Ectotherm,0.0283287856052285
0.0745416710421302,0.0545408963068878,1.3667115153866,0.171715746995442,ax_productivity,911,0.91400915492601,Amphibia,RANIDAE,ANURA,SES.FDis,109,Ectotherm,0.343431493990884
-0.0518338771932045,0.0358245267227128,-1.44688239971477,0.147929863337441,ax_structure,911,0.91400915492601,Amphibia,RANIDAE,ANURA,SES.FDis,109,Ectotherm,0.307024244662613
0.0492137980941488,0.034201168610869,1.43895077545709,0.150164469912056,ax_human,911,0.91400915492601,Amphibia,RANIDAE,ANURA,SES.FDis,109,Ectotherm,0.308749377389274
-0.279374530107847,0.127870008281666,-2.18483234545863,0.0289011414947551,ax_thermal,911,0.90707196582206,Amphibia,RANIDAE,ANURA,SES.RaoQ,109,Ectotherm,0.10310677506237
0.174862889601507,0.0577184087358688,3.02958611353468,0.00244889079611688,ax_water,911,0.90707196582206,Amphibia,RANIDAE,ANURA,SES.RaoQ,109,Ectotherm,0.0177611859938147
0.0766434164083119,0.0553452337324069,1.38482415267919,0.166106243729052,ax_productivity,911,0.90707196582206,Amphibia,RANIDAE,ANURA,SES.RaoQ,109,Ectotherm,0.337323448803614
-0.0587904140705151,0.036350298132723,-1.61732962562943,0.105807147637194,ax_structure,911,0.90707196582206,Amphibia,RANIDAE,ANURA,SES.RaoQ,109,Ectotherm,0.249402562287673
0.055124362656514,0.0346973658912438,1.5887189485593,0.112123859015341,ax_human,911,0.90707196582206,Amphibia,RANIDAE,ANURA,SES.RaoQ,109,Ectotherm,0.256061408131921
-0.471264566245011,0.16653818024168,-2.82976891882157,0.00465816348500803,ax_thermal,911,0.90946159493259,Amphibia,RANIDAE,ANURA,SES.body_mass.mean,109,Ectotherm,0.0279520739907051
-0.000568198147978183,0.0747673168004122,-0.00759955248220236,0.993936492769985,ax_water,911,0.90946159493259,Amphibia,RANIDAE,ANURA,SES.body_mass.mean,109,Ectotherm,0.995120798641187
-0.0398792244150871,0.0715210012465324,-0.557587613708367,0.577126016433232,ax_productivity,911,0.90946159493259,Amphibia,RANIDAE,ANURA,SES.body_mass.mean,109,Ectotherm,0.744684536315331
-0.143896091161893,0.0469756452457029,-3.06320627229822,0.00218979060521241,ax_structure,911,0.90946159493259,Amphibia,RANIDAE,ANURA,SES.body_mass.mean,109,Ectotherm,0.0162388966229235
0.0343954164654089,0.0448417195848212,0.767040532429798,0.443057416992905,ax_human,911,0.90946159493259,Amphibia,RANIDAE,ANURA,SES.body_mass.mean,109,Ectotherm,0.623492313891934
0.340143219106882,0.158275094596277,2.14906343903638,0.0316293714575795,ax_thermal,911,0.888009109048152,Amphibia,RANIDAE,ANURA,SES.body_mass.var,109,Ectotherm,0.109295210272264
0.0886795111569934,0.074569288327268,1.18922297833659,0.234351934624405,ax_water,911,0.888009109048152,Amphibia,RANIDAE,ANURA,SES.body_mass.var,109,Ectotherm,0.415785690462655
0.300883325962932,0.0729919504114092,4.12214393870892,3.75362526736645e-05,ax_productivity,911,0.888009109048152,Amphibia,RANIDAE,ANURA,SES.body_mass.var,109,Ectotherm,0.000651945441174172
0.0616573543390557,0.0479257249940372,1.28651896964995,0.198262002790985,ax_structure,911,0.888009109048152,Amphibia,RANIDAE,ANURA,SES.body_mass.var,109,Ectotherm,0.376014143224283
0.0200212490548261,0.0457445918016345,0.437674668551982,0.661622134931535,ax_human,911,0.888009109048152,Amphibia,RANIDAE,ANURA,SES.body_mass.var,109,Ectotherm,0.798300930630372
-0.114950996050223,0.134401122904532,-0.855283003341237,0.39239449464125,ax_thermal,911,0.946642775967301,Amphibia,RANIDAE,ANURA,SES.habitat_breadth.mean,109,Ectotherm,0.585928430912274
0.109472311609833,0.0557069225381955,1.96514735731045,0.0493971847914541,ax_water,911,0.946642775967301,Amphibia,RANIDAE,ANURA,SES.habitat_breadth.mean,109,Ectotherm,0.148868228138629
-0.0641798983884068,0.0516256413930791,-1.24317871229413,0.213801985384991,ax_productivity,911,0.946642775967301,Amphibia,RANIDAE,ANURA,SES.habitat_breadth.mean,109,Ectotherm,0.393062145833131
-0.145063159171539,0.0339169060169033,-4.27701627911589,1.89414956293099e-05,ax_structure,911,0.946642775967301,Amphibia,RANIDAE,ANURA,SES.habitat_breadth.mean,109,Ectotherm,0.000347260753204015
0.0613073779372855,0.0324338406149783,1.89022874796311,0.0587273734418294,ax_human,911,0.946642775967301,Amphibia,RANIDAE,ANURA,SES.habitat_breadth.mean,109,Ectotherm,0.167069252032791
-0.254635964337522,0.101688155693159,-2.50408676017173,0.0122767925175267,ax_thermal,911,0.925124235427968,Amphibia,RANIDAE,ANURA,SES.habitat_breadth.var,109,Ectotherm,0.0570611483208986
0.103737169083115,0.0440798687793308,2.35339105936172,0.01860305810736,ax_water,911,0.925124235427968,Amphibia,RANIDAE,ANURA,SES.habitat_breadth.var,109,Ectotherm,0.0730834425646284
0.0057709003325226,0.0415513568913767,0.138885965808743,0.889540261143161,ax_productivity,911,0.925124235427968,Amphibia,RANIDAE,ANURA,SES.habitat_breadth.var,109,Ectotherm,0.926750134731452
-0.0659533499976289,0.0272946971014582,-2.41634298971962,0.0156772859001542,ax_structure,911,0.925124235427968,Amphibia,RANIDAE,ANURA,SES.habitat_breadth.var,109,Ectotherm,0.0671883681435178
0.0471495290759686,0.0260687944240861,1.80865782701501,0.0705041786571166,ax_human,911,0.925124235427968,Amphibia,RANIDAE,ANURA,SES.habitat_breadth.var,109,Ectotherm,0.192917755866444
-0.10818476844648,0.197766630928237,-0.547032469222459,0.584356425404238,ax_thermal,406,0.940505479721649,Amphibia,RHACOPHORIDAE,ANURA,SES.FDis,72,Ectotherm,0.748883962653974
-0.212392289552607,0.0740422969997367,-2.86852647957913,0.00412388677522757,ax_water,406,0.940505479721649,Amphibia,RHACOPHORIDAE,ANURA,SES.FDis,72,Ectotherm,0.0256770308646245
-0.153448318112767,0.110716821973395,-1.38595305914435,0.165761237450804,ax_productivity,406,0.940505479721649,Amphibia,RHACOPHORIDAE,ANURA,SES.FDis,72,Ectotherm,0.337323448803614
-0.0306647518674945,0.05142903011758,-0.596253746131067,0.551005725637578,ax_structure,406,0.940505479721649,Amphibia,RHACOPHORIDAE,ANURA,SES.FDis,72,Ectotherm,0.720833845815081
-0.135855761885072,0.0618164171635044,-2.19772947250783,0.0279683899758703,ax_human,406,0.940505479721649,Amphibia,RHACOPHORIDAE,ANURA,SES.FDis,72,Ectotherm,0.101423831780628
0.0599251142203761,0.192533308129883,0.311245440087439,0.755614041119088,ax_thermal,406,0.93720224976746,Amphibia,RHACOPHORIDAE,ANURA,SES.RaoQ,72,Ectotherm,0.864307222077293
-0.206676884114423,0.072298142389284,-2.85867488823692,0.0042541453620677,ax_water,406,0.93720224976746,Amphibia,RHACOPHORIDAE,ANURA,SES.RaoQ,72,Ectotherm,0.0259975549904137
-0.16603955144134,0.108200111687459,-1.53455988955865,0.12489197159972,ax_productivity,406,0.93720224976746,Amphibia,RHACOPHORIDAE,ANURA,SES.RaoQ,72,Ectotherm,0.27568127510306
-0.0328259205938395,0.0502698960717301,-0.652993603706685,0.513760402110096,ax_structure,406,0.93720224976746,Amphibia,RHACOPHORIDAE,ANURA,SES.RaoQ,72,Ectotherm,0.688759148003613
-0.148548328561426,0.0604178713324793,-2.45868193111216,0.0139448101885185,ax_human,406,0.93720224976746,Amphibia,RHACOPHORIDAE,ANURA,SES.RaoQ,72,Ectotherm,0.0613571648294812
-0.714259476258724,0.201703311027713,-3.54113907510715,0.000398403518672152,ax_thermal,406,0.859171184289402,Amphibia,RHACOPHORIDAE,ANURA,SES.body_mass.mean,72,Ectotherm,0.00453355728144173
0.11355867436347,0.0833278312528923,1.36279407079286,0.172947420303175,ax_water,406,0.859171184289402,Amphibia,RHACOPHORIDAE,ANURA,SES.body_mass.mean,72,Ectotherm,0.344102912208873
0.00991384691101099,0.127157489640239,0.0779651040537193,0.937855811398977,ax_productivity,406,0.859171184289402,Amphibia,RHACOPHORIDAE,ANURA,SES.body_mass.mean,72,Ectotherm,0.961156576899572
-0.0951708459670882,0.0593083956217667,-1.60467746546426,0.108564803629277,ax_structure,406,0.859171184289402,Amphibia,RHACOPHORIDAE,ANURA,SES.body_mass.mean,72,Ectotherm,0.251413229457273
0.0840601295411819,0.0714687899114751,1.17617955537379,0.23952313245336,ax_human,406,0.859171184289402,Amphibia,RHACOPHORIDAE,ANURA,SES.body_mass.mean,72,Ectotherm,0.422499551077215
0.0587444633980031,0.184521988603944,0.318360233609294,0.750211699216839,ax_thermal,406,0.908737353018361,Amphibia,RHACOPHORIDAE,ANURA,SES.body_mass.var,72,Ectotherm,0.862612755197062
-0.167620301337235,0.0714199524587766,-2.34696741689915,0.0189269098401477,ax_water,406,0.908737353018361,Amphibia,RHACOPHORIDAE,ANURA,SES.body_mass.var,72,Ectotherm,0.0738190761006638
-0.25633408023677,0.107638456764471,-2.38143585426598,0.0172452939452763,ax_productivity,406,0.908737353018361,Amphibia,RHACOPHORIDAE,ANURA,SES.body_mass.var,72,Ectotherm,0.0698345536086145
-0.140318516428764,0.0500992798191334,-2.80080905225259,0.00509746713074466,ax_structure,406,0.908737353018361,Amphibia,RHACOPHORIDAE,ANURA,SES.body_mass.var,72,Ectotherm,0.0290183677306164
-0.151028545346568,0.0602011168760978,-2.50873327910851,0.0121164934234359,ax_human,406,0.908737353018361,Amphibia,RHACOPHORIDAE,ANURA,SES.body_mass.var,72,Ectotherm,0.0567155011309766
0.212909119503263,0.178759859138937,1.19103427653624,0.233640129100231,ax_thermal,406,0.914405776380084,Amphibia,RHACOPHORIDAE,ANURA,SES.habitat_breadth.mean,72,Ectotherm,0.415640121849467
-0.0324106869248003,0.0687341621731847,-0.471536800625246,0.637257446224475,ax_water,406,0.914405776380084,Amphibia,RHACOPHORIDAE,ANURA,SES.habitat_breadth.mean,72,Ectotherm,0.786131407605629
-0.249545836251146,0.103448251285638,-2.41227699018429,0.0158532324913447,ax_productivity,406,0.914405776380084,Amphibia,RHACOPHORIDAE,ANURA,SES.habitat_breadth.mean,72,Ectotherm,0.0673963823424547
-0.196973991617184,0.0481318374931222,-4.09238462265918,4.26959696218088e-05,ax_structure,406,0.914405776380084,Amphibia,RHACOPHORIDAE,ANURA,SES.habitat_breadth.mean,72,Ectotherm,0.000722547178215225
-0.116641838258682,0.057833972898518,-2.01683945288273,0.0437122702709716,ax_human,406,0.914405776380084,Amphibia,RHACOPHORIDAE,ANURA,SES.habitat_breadth.mean,72,Ectotherm,0.136085369711515
0.201720578485388,0.16576362687191,1.21691701787669,0.223635790043501,ax_thermal,406,0.895052707239035,Amphibia,RHACOPHORIDAE,ANURA,SES.habitat_breadth.var,72,Ectotherm,0.405493465463491
0.00177487918591145,0.0652507241781102,0.027200911687458,0.978299488554918,ax_water,406,0.895052707239035,Amphibia,RHACOPHORIDAE,ANURA,SES.habitat_breadth.var,72,Ectotherm,0.987668458406891
-0.251583142709866,0.0986683346081871,-2.54978604543094,0.0107789046286335,ax_productivity,406,0.895052707239035,Amphibia,RHACOPHORIDAE,ANURA,SES.habitat_breadth.var,72,Ectotherm,0.0534893011646475
-0.0875292443403889,0.0459608968200672,-1.90442855549704,0.0568543931638623,ax_structure,406,0.895052707239035,Amphibia,RHACOPHORIDAE,ANURA,SES.habitat_breadth.var,72,Ectotherm,0.163147389078909
-0.133173688229683,0.0552470057199695,-2.41051413545742,0.0159300540082166,ax_human,406,0.895052707239035,Amphibia,RHACOPHORIDAE,ANURA,SES.habitat_breadth.var,72,Ectotherm,0.0673963823424547
