estimate,se,z,p,term,n,lambda,class,clade,order,response,n_species,thermal,p_adj
0.131827029855852,0.0601963661215222,2.18994996458298,0.0285278657756236,ax_thermal,2330,0.982498520252317,Aves,ACCIPITRIDAE,ACCIPITRIFORMES,SES.FDis,42,Endotherm,0.109305137890297
0.0344755019974721,0.0423616571341258,0.813837425866405,0.415738091633398,ax_water,2330,0.982498520252317,Aves,ACCIPITRIDAE,ACCIPITRIFORMES,SES.FDis,42,Endotherm,0.615885748491997
-0.0199910047055859,0.0284275416988395,-0.703226642576766,0.481914518213685,ax_productivity,2330,0.982498520252317,Aves,ACCIPITRIDAE,ACCIPITRIFORMES,SES.FDis,42,Endotherm,0.677467069472877
-0.006589228927591,0.0118422068046688,-0.556419005028116,0.577924449725438,ax_structure,2330,0.982498520252317,Aves,ACCIPITRIDAE,ACCIPITRIFORMES,SES.FDis,42,Endotherm,0.753251564053501
0.00510231377080012,0.0168351017859626,0.303075908638374,0.761832013351554,ax_human,2330,0.982498520252317,Aves,ACCIPITRIDAE,ACCIPITRIFORMES,SES.FDis,42,Endotherm,0.887021584496855
0.151932217195672,0.0639149891347114,2.37709838103,0.0174494334376574,ax_thermal,2330,0.979434194348184,Aves,ACCIPITRIDAE,ACCIPITRIFORMES,SES.RaoQ,42,Endotherm,0.0747832861613887
0.0367613874659491,0.0452642938023328,0.812149806787761,0.416705676639266,ax_water,2330,0.979434194348184,Aves,ACCIPITRIDAE,ACCIPITRIFORMES,SES.RaoQ,42,Endotherm,0.615885748491997
-0.0190555807446973,0.0304210733778598,-0.626394095566853,0.531056481388425,ax_productivity,2330,0.979434194348184,Aves,ACCIPITRIDAE,ACCIPITRIFORMES,SES.RaoQ,42,Endotherm,0.71449393011229
-0.0145573522414485,0.0126901126317725,-1.14714129526329,0.251323229156497,ax_structure,2330,0.979434194348184,Aves,ACCIPITRIDAE,ACCIPITRIFORMES,SES.RaoQ,42,Endotherm,0.450847014135701
0.00381190076354603,0.0180298278066046,0.211421917304705,0.832558055727152,ax_human,2330,0.979434194348184,Aves,ACCIPITRIDAE,ACCIPITRIFORMES,SES.RaoQ,42,Endotherm,0.918809680389213
-0.306980811525409,0.0574571852537723,-5.34277497530658,9.15343660867762e-08,ax_thermal,2330,0.98627573653484,Aves,ACCIPITRIDAE,ACCIPITRIFORMES,SES.body_mass.mean,42,Endotherm,4.78012800675387e-06
-0.0830155392562194,0.0401628830944277,-2.06697161309461,0.0387368288827821,ax_water,2330,0.98627573653484,Aves,ACCIPITRIDAE,ACCIPITRIFORMES,SES.body_mass.mean,42,Endotherm,0.134861552406723
-0.0254173615039259,0.0269048744703451,-0.944712138759141,0.34480585811132,ax_productivity,2330,0.98627573653484,Aves,ACCIPITRIDAE,ACCIPITRIFORMES,SES.body_mass.mean,42,Endotherm,0.552475040499107
0.0313519623671054,0.0111914774297121,2.8014140728077,0.00508791887787896,ax_structure,2330,0.98627573653484,Aves,ACCIPITRIDAE,ACCIPITRIFORMES,SES.body_mass.mean,42,Endotherm,0.0316736808556291
0.00352673055940106,0.0159202213595937,0.22152522127312,0.82468350063949,ax_human,2330,0.98627573653484,Aves,ACCIPITRIDAE,ACCIPITRIFORMES,SES.body_mass.mean,42,Endotherm,0.914452373514535
-0.0258899232310676,0.0654409078229069,-0.39562292291436,0.692383223950385,ax_thermal,2330,0.967773996834623,Aves,ACCIPITRIDAE,ACCIPITRIFORMES,SES.body_mass.var,42,Endotherm,0.838711637259487
-0.0405420868474965,0.047756787253032,-0.848928271340586,0.395921206352346,ax_water,2330,0.967773996834623,Aves,ACCIPITRIDAE,ACCIPITRIFORMES,SES.body_mass.var,42,Endotherm,0.599622879652855
-0.0291620944324752,0.0322939077385288,-0.903021544143535,0.366514460855334,ax_productivity,2330,0.967773996834623,Aves,ACCIPITRIDAE,ACCIPITRIFORMES,SES.body_mass.var,42,Endotherm,0.57484470501226
0.00381302049284107,0.0135618002364582,0.281158874659614,0.778588546099563,ax_structure,2330,0.967773996834623,Aves,ACCIPITRIDAE,ACCIPITRIFORMES,SES.body_mass.var,42,Endotherm,0.89107942370161
0.00866048545875957,0.0192148359422207,0.450718678254749,0.652192318630287,ax_human,2330,0.967773996834623,Aves,ACCIPITRIDAE,ACCIPITRIFORMES,SES.body_mass.var,42,Endotherm,0.808076598654398
-0.0423646885769831,0.055546367748123,-0.762690528552421,0.445647980485491,ax_thermal,2330,0.978233897520972,Aves,ACCIPITRIDAE,ACCIPITRIFORMES,SES.habitat_breadth.mean,42,Endotherm,0.641187400494431
-0.0596098018040176,0.0394431796663339,-1.51128287091156,0.13071639620632,ax_water,2330,0.978233897520972,Aves,ACCIPITRIDAE,ACCIPITRIFORMES,SES.habitat_breadth.mean,42,Endotherm,0.301653222014584
-0.0792891734131669,0.026524888056785,-2.98923687230736,0.00279675221052589,ax_productivity,2330,0.978233897520972,Aves,ACCIPITRIDAE,ACCIPITRIFORMES,SES.habitat_breadth.mean,42,Endotherm,0.0209756415789442
-0.0112343592248948,0.0110712835461886,-1.01472960908515,0.310234735908992,ax_structure,2330,0.978233897520972,Aves,ACCIPITRIDAE,ACCIPITRIFORMES,SES.habitat_breadth.mean,42,Endotherm,0.516148000726654
-0.00591067882926778,0.0157259233254215,-0.375855757843672,0.707024133013767,ax_human,2330,0.978233897520972,Aves,ACCIPITRIDAE,ACCIPITRIFORMES,SES.habitat_breadth.mean,42,Endotherm,0.846987279141386
0.486494365221981,0.0571088363074524,8.5187231377449,0,ax_thermal,2330,0.957917263776876,Aves,ACCIPITRIDAE,ACCIPITRIFORMES,SES.habitat_breadth.var,42,Endotherm,0
0.30377098389052,0.0429701896416632,7.0693424074626,1.55675472512939e-12,ax_water,2330,0.957917263776876,Aves,ACCIPITRIDAE,ACCIPITRIFORMES,SES.habitat_breadth.var,42,Endotherm,5.48756040608112e-10
0.000670707249320701,0.029212640673106,0.0229594871900154,0.981682588962001,ax_productivity,2330,0.957917263776876,Aves,ACCIPITRIDAE,ACCIPITRIFORMES,SES.habitat_breadth.var,42,Endotherm,0.990817788429794
-0.0326311598724289,0.0123579222695185,-2.64050535039497,0.00827824855208892,ax_structure,2330,0.957917263776876,Aves,ACCIPITRIDAE,ACCIPITRIFORMES,SES.habitat_breadth.var,42,Endotherm,0.0455950408533022
-0.022856976703798,0.0174584050467928,-1.30922479129885,0.190458216850455,ax_human,2330,0.957917263776876,Aves,ACCIPITRIDAE,ACCIPITRIFORMES,SES.habitat_breadth.var,42,Endotherm,0.38225273191229
-0.28135536537429,0.268557404904833,-1.04765446878664,0.294797832260179,ax_thermal,179,0.938055342247819,Aves,ALCEDINIDAE,CORACIIFORMES,SES.FDis,10,Endotherm,0.503226323833962
-0.206503940976949,0.190126664232558,-1.08613876864929,0.277417602460843,ax_water,179,0.938055342247819,Aves,ALCEDINIDAE,CORACIIFORMES,SES.FDis,10,Endotherm,0.482324324447031
0.00565521719453319,0.114596502294213,0.0493489511574626,0.960641209629183,ax_productivity,179,0.938055342247819,Aves,ALCEDINIDAE,CORACIIFORMES,SES.FDis,10,Endotherm,0.982236479751377
0.0825783010056376,0.0894520216434107,0.923157459032348,0.355925154575459,ax_structure,179,0.938055342247819,Aves,ALCEDINIDAE,CORACIIFORMES,SES.FDis,10,Endotherm,0.563248561112679
-0.00954129364384591,0.0722325381447415,-0.132091352303401,0.89491203583943,ax_human,179,0.938055342247819,Aves,ALCEDINIDAE,CORACIIFORMES,SES.FDis,10,Endotherm,0.941917847226931
-0.136445576977366,0.265963356125312,-0.513023970539301,0.607934553174822,ax_thermal,179,0.934766855220633,Aves,ALCEDINIDAE,CORACIIFORMES,SES.RaoQ,10,Endotherm,0.777847295804445
-0.208318124994171,0.18838959349125,-1.10578361115178,0.26882019025025,ax_water,179,0.934766855220633,Aves,ALCEDINIDAE,CORACIIFORMES,SES.RaoQ,10,Endotherm,0.47261405019059
-0.00458230946149032,0.113844189363775,-0.0402507100898062,0.967893249554935,ax_productivity,179,0.934766855220633,Aves,ALCEDINIDAE,CORACIIFORMES,SES.RaoQ,10,Endotherm,0.982767956217441
0.0642646028473076,0.0888086920257526,0.723629651348454,0.469293132565547,ax_structure,179,0.934766855220633,Aves,ALCEDINIDAE,CORACIIFORMES,SES.RaoQ,10,Endotherm,0.663694400117775
-0.0160057669129453,0.0716864946961326,-0.223274509107904,0.823321865304339,ax_human,179,0.934766855220633,Aves,ALCEDINIDAE,CORACIIFORMES,SES.RaoQ,10,Endotherm,0.914452373514535
0.163912539696776,0.234624633971561,0.69861606994193,0.484791998147304,ax_thermal,179,0.9154773562704,Aves,ALCEDINIDAE,CORACIIFORMES,SES.body_mass.mean,10,Endotherm,0.678679809903816
0.0512903000592076,0.16672842291205,0.30762781272311,0.758365554355497,ax_water,179,0.9154773562704,Aves,ALCEDINIDAE,CORACIIFORMES,SES.body_mass.mean,10,Endotherm,0.883715232761364
0.0766601278113013,0.102383534452075,0.7487544576534,0.454005213899537,ax_productivity,179,0.9154773562704,Aves,ALCEDINIDAE,CORACIIFORMES,SES.body_mass.mean,10,Endotherm,0.649895788424718
0.0791277366831908,0.0795552182839988,0.994626605142582,0.319917902833625,ax_structure,179,0.9154773562704,Aves,ALCEDINIDAE,CORACIIFORMES,SES.body_mass.mean,10,Endotherm,0.528201689690176
0.066732503308712,0.0640777979500489,1.04142940992967,0.297676298970411,ax_human,179,0.9154773562704,Aves,ALCEDINIDAE,CORACIIFORMES,SES.body_mass.mean,10,Endotherm,0.506912538101788
0.211191905757705,0.247318205975514,0.853927857533522,0.393144963188061,ax_thermal,179,0.901497690783631,Aves,ALCEDINIDAE,CORACIIFORMES,SES.body_mass.var,10,Endotherm,0.596058492575447
-0.304673487876417,0.17618433959698,-1.72928813408362,0.0837575392647378,ax_water,179,0.901497690783631,Aves,ALCEDINIDAE,CORACIIFORMES,SES.body_mass.var,10,Endotherm,0.22891392829317
-0.0321908771804325,0.10952609745257,-0.293910564962591,0.768826244811535,ax_productivity,179,0.901497690783631,Aves,ALCEDINIDAE,CORACIIFORMES,SES.body_mass.var,10,Endotherm,0.890358043609022
-0.0580964862807934,0.084845344479629,-0.684733931332462,0.493511833250901,ax_structure,179,0.901497690783631,Aves,ALCEDINIDAE,CORACIIFORMES,SES.body_mass.var,10,Endotherm,0.686793999357762
-0.0645229607724615,0.0682341848179261,-0.945610487538358,0.344347293097557,ax_human,179,0.901497690783631,Aves,ALCEDINIDAE,CORACIIFORMES,SES.body_mass.var,10,Endotherm,0.552475040499107
-0.0739334700625547,0.298839326540811,-0.247402076956756,0.804597066961361,ax_thermal,179,0.895504173572368,Aves,ALCEDINIDAE,CORACIIFORMES,SES.habitat_breadth.mean,10,Endotherm,0.905412501528746
0.245603179030203,0.21312052719224,1.15241446831005,0.249150798390675,ax_water,179,0.895504173572368,Aves,ALCEDINIDAE,CORACIIFORMES,SES.habitat_breadth.mean,10,Endotherm,0.449236094284976
-0.0268244330427649,0.13320033778875,-0.201384121752809,0.840398229886895,ax_productivity,179,0.895504173572368,Aves,ALCEDINIDAE,CORACIIFORMES,SES.habitat_breadth.mean,10,Endotherm,0.921431962784232
-0.1016348025539,0.103044760660115,-0.986317032547967,0.323977564171059,ax_structure,179,0.895504173572368,Aves,ALCEDINIDAE,CORACIIFORMES,SES.habitat_breadth.mean,10,Endotherm,0.532398589404184
0.0453788437922657,0.0828178770459953,0.547935366262326,0.583736283809663,ax_human,179,0.895504173572368,Aves,ALCEDINIDAE,CORACIIFORMES,SES.habitat_breadth.mean,10,Endotherm,0.757192419661108
-0.657957212719599,0.259783857381108,-2.5327101512484,0.0113184500963279,ax_thermal,179,0.922062872307054,Aves,ALCEDINIDAE,CORACIIFORMES,SES.habitat_breadth.var,10,Endotherm,0.0576137712484562
0.0354312834784618,0.184399232245475,0.192144419729987,0.847629081190991,ax_water,179,0.922062872307054,Aves,ALCEDINIDAE,CORACIIFORMES,SES.habitat_breadth.var,10,Endotherm,0.924663596732113
0.0295006800765917,0.112600417646963,0.261994410794154,0.793325751269699,ax_productivity,179,0.922062872307054,Aves,ALCEDINIDAE,CORACIIFORMES,SES.habitat_breadth.var,10,Endotherm,0.900273050111859
0.163417142490158,0.0876150573052336,1.86517189529244,0.06215731361693,ax_structure,179,0.922062872307054,Aves,ALCEDINIDAE,CORACIIFORMES,SES.habitat_breadth.var,10,Endotherm,0.189291171058037
0.0421502470760756,0.0706216767868751,0.596845741899874,0.550610375290277,ax_human,179,0.922062872307054,Aves,ALCEDINIDAE,CORACIIFORMES,SES.habitat_breadth.var,10,Endotherm,0.729532292786157
0.116977681299645,0.10333935974395,1.13197606013321,0.257644499327842,ax_thermal,640,0.939428933104052,Aves,ANATIDAE,ANSERIFORMES,SES.FDis,28,Endotherm,0.456602388575293
-0.159078437670982,0.149592711434628,-1.06341035031309,0.287595901004567,ax_water,640,0.939428933104052,Aves,ANATIDAE,ANSERIFORMES,SES.FDis,28,Endotherm,0.495128474256946
-0.0128522600716364,0.0492891350444816,-0.260752396243873,0.794283456978123,ax_productivity,640,0.939428933104052,Aves,ANATIDAE,ANSERIFORMES,SES.FDis,28,Endotherm,0.900273050111859
-0.0293221043345107,0.0205405992998293,-1.42751941686309,0.15343023249853,ax_structure,640,0.939428933104052,Aves,ANATIDAE,ANSERIFORMES,SES.FDis,28,Endotherm,0.334886420778526
-0.0198476674586249,0.0326483600001549,-0.607922341536626,0.5432389810535,ax_human,640,0.939428933104052,Aves,ANATIDAE,ANSERIFORMES,SES.FDis,28,Endotherm,0.724669357994111
0.0616905454176637,0.111375196466928,0.553898420605547,0.579648366082649,ax_thermal,640,0.93196472246832,Aves,ANATIDAE,ANSERIFORMES,SES.RaoQ,28,Endotherm,0.75397066067946
-0.0712043946407022,0.161046131363948,-0.442136635246378,0.658390335380102,ax_water,640,0.93196472246832,Aves,ANATIDAE,ANSERIFORMES,SES.RaoQ,28,Endotherm,0.813112288027697
-0.0386216063033986,0.0533509179089115,-0.723916435127491,0.469117039350578,ax_productivity,640,0.93196472246832,Aves,ANATIDAE,ANSERIFORMES,SES.RaoQ,28,Endotherm,0.663694400117775
-0.0243955200552027,0.0224070885019426,-1.08874118353608,0.276268035098852,ax_structure,640,0.93196472246832,Aves,ANATIDAE,ANSERIFORMES,SES.RaoQ,28,Endotherm,0.482101397882899
0.00350336825097926,0.035603328194347,0.0984000212523814,0.921614657806051,ax_human,640,0.93196472246832,Aves,ANATIDAE,ANSERIFORMES,SES.RaoQ,28,Endotherm,0.957609924470547
0.168064741423785,0.0984516387389007,1.70707916675213,0.0878073387843983,ax_thermal,640,0.949108398650565,Aves,ANATIDAE,ANSERIFORMES,SES.body_mass.mean,28,Endotherm,0.23718074269349
-0.187683334336073,0.142705147421085,-1.31518265267803,0.188448523800991,ax_water,640,0.949108398650565,Aves,ANATIDAE,ANSERIFORMES,SES.body_mass.mean,28,Endotherm,0.379047672695288
0.0740270343992507,0.0467102545485392,1.58481333734384,0.11300875117767,ax_productivity,640,0.949108398650565,Aves,ANATIDAE,ANSERIFORMES,SES.body_mass.mean,28,Endotherm,0.27677817765382
-0.0286009739859512,0.0192839115959052,-1.48315210032515,0.138034004228652,ax_structure,640,0.949108398650565,Aves,ANATIDAE,ANSERIFORMES,SES.body_mass.mean,28,Endotherm,0.311903759555127
-0.0176714691445779,0.0306614107563827,-0.576342337441185,0.564383811408852,ax_human,640,0.949108398650565,Aves,ANATIDAE,ANSERIFORMES,SES.body_mass.mean,28,Endotherm,0.743026306336584
0.0371126109265428,0.0954321059118306,0.38889020180306,0.697357370616103,ax_thermal,640,0.945853137839303,Aves,ANATIDAE,ANSERIFORMES,SES.body_mass.var,28,Endotherm,0.841844086103343
0.076934043009055,0.138268714214106,0.556409621991019,0.577930862638979,ax_water,640,0.945853137839303,Aves,ANATIDAE,ANSERIFORMES,SES.body_mass.var,28,Endotherm,0.753251564053501
0.00656750246797843,0.0453563046815658,0.144798005791853,0.884870356779899,ax_productivity,640,0.945853137839303,Aves,ANATIDAE,ANSERIFORMES,SES.body_mass.var,28,Endotherm,0.938801507193121
-0.00807177243018107,0.0187823030299135,-0.429754137036635,0.667374498050625,ax_structure,640,0.945853137839303,Aves,ANATIDAE,ANSERIFORMES,SES.body_mass.var,28,Endotherm,0.817548255648463
0.00208492320724614,0.0298607378205583,0.0698215569814465,0.944335689058217,ax_human,640,0.945853137839303,Aves,ANATIDAE,ANSERIFORMES,SES.body_mass.var,28,Endotherm,0.971198629884819
-0.184933814077527,0.10410131204919,-1.77647918587368,0.0756539695972784,ax_thermal,640,0.869548414981058,Aves,ANATIDAE,ANSERIFORMES,SES.habitat_breadth.mean,28,Endotherm,0.211650986373338
0.146293584663742,0.148195888515079,0.987163585505651,0.323562450168189,ax_water,640,0.869548414981058,Aves,ANATIDAE,ANSERIFORMES,SES.habitat_breadth.mean,28,Endotherm,0.532398589404184
-0.0857321249307505,0.0518000856051844,-1.65505759168417,0.0979128161708274,ax_productivity,640,0.869548414981058,Aves,ANATIDAE,ANSERIFORMES,SES.habitat_breadth.mean,28,Endotherm,0.255188670611583
0.0178903993917259,0.02340281706913,0.764454951678646,0.444596172341722,ax_structure,640,0.869548414981058,Aves,ANATIDAE,ANSERIFORMES,SES.habitat_breadth.mean,28,Endotherm,0.640327480083583
0.0707294097604614,0.0370059718248166,1.91129718455413,0.0559664006774672,ax_human,640,0.869548414981058,Aves,ANATIDAE,ANSERIFORMES,SES.habitat_breadth.mean,28,Endotherm,0.175783133840575
-0.00316363596503564,0.0851945949760215,-0.0371342332917489,0.97037797662352,ax_thermal,640,0.665062331523608,Aves,ANATIDAE,ANSERIFORMES,SES.habitat_breadth.var,28,Endotherm,0.984340249668463
0.174687187687347,0.10943925232711,1.59620231290701,0.110443631397614,ax_water,640,0.665062331523608,Aves,ANATIDAE,ANSERIFORMES,SES.habitat_breadth.var,28,Endotherm,0.272771824722087
-0.160097412532641,0.0456629975956545,-3.50606444960759,0.000454785083850773,ax_productivity,640,0.665062331523608,Aves,ANATIDAE,ANSERIFORMES,SES.habitat_breadth.var,28,Endotherm,0.00497090673046194
0.00998862523991892,0.0253158980780008,0.394559387509895,0.693168090750279,ax_structure,640,0.665062331523608,Aves,ANATIDAE,ANSERIFORMES,SES.habitat_breadth.var,28,Endotherm,0.838941637732098
-0.00305056815320043,0.0386160777604774,-0.0789973588752873,0.93703472381198,ax_human,640,0.665062331523608,Aves,ANATIDAE,ANSERIFORMES,SES.habitat_breadth.var,28,Endotherm,0.965238462826684
-0.17094832752351,0.0868731038734374,-1.96779348154245,0.0490918045104287,ax_thermal,1624,0.974982645084326,Aves,ARDEIDAE,PELECANIFORMES,SES.FDis,17,Endotherm,0.161350686153157
-0.0570542901460777,0.0416922574406042,-1.36846248316869,0.171167357610749,ax_water,1624,0.974982645084326,Aves,ARDEIDAE,PELECANIFORMES,SES.FDis,17,Endotherm,0.358460226143067
-0.0407226910288974,0.0283168373025504,-1.43810873346473,0.150403205028253,ax_productivity,1624,0.974982645084326,Aves,ARDEIDAE,PELECANIFORMES,SES.FDis,17,Endotherm,0.329298942686083
-0.0374623595249705,0.019566620001451,-1.91460556407762,0.0555428250148087,ax_structure,1624,0.974982645084326,Aves,ARDEIDAE,PELECANIFORMES,SES.FDis,17,Endotherm,0.175595029755337
-0.0254546377884036,0.0158905624964077,-1.60187141230262,0.109184047336013,ax_human,1624,0.974982645084326,Aves,ARDEIDAE,PELECANIFORMES,SES.FDis,17,Endotherm,0.271501108722559
-0.123419342564707,0.0887612358498572,-1.39046444523908,0.164387888690144,ax_thermal,1624,0.974140408578214,Aves,ARDEIDAE,PELECANIFORMES,SES.RaoQ,17,Endotherm,0.351725224663283
-0.0486369113253125,0.0427530884981991,-1.13762333982868,0.255277796417246,ax_water,1624,0.974140408578214,Aves,ARDEIDAE,PELECANIFORMES,SES.RaoQ,17,Endotherm,0.454471834530703
-0.0437433043418964,0.029058376490911,-1.50535954256008,0.132231664617599,ax_productivity,1624,0.974140408578214,Aves,ARDEIDAE,PELECANIFORMES,SES.RaoQ,17,Endotherm,0.304154399854509
-0.0286361657495615,0.0200859732084791,-1.42567977425525,0.15396079734504,ax_structure,1624,0.974140408578214,Aves,ARDEIDAE,PELECANIFORMES,SES.RaoQ,17,Endotherm,0.335099672079044
-0.0221829460395418,0.0163053430131945,-1.3604709831367,0.173680929206938,ax_human,1624,0.974140408578214,Aves,ARDEIDAE,PELECANIFORMES,SES.RaoQ,17,Endotherm,0.359196264340418
0.221808524862756,0.0631905755462061,3.51015199569697,0.000447850611550171,ax_thermal,1624,0.962767190708452,Aves,ARDEIDAE,PELECANIFORMES,SES.body_mass.mean,17,Endotherm,0.00493335439285736
-0.0698461203753819,0.0321191043082668,-2.17459738929908,0.0296603001468014,ax_water,1624,0.962767190708452,Aves,ARDEIDAE,PELECANIFORMES,SES.body_mass.mean,17,Endotherm,0.112422105395134
0.0487014113924933,0.0220743975495466,2.20623966217795,0.0273672235848252,ax_productivity,1624,0.962767190708452,Aves,ARDEIDAE,PELECANIFORMES,SES.body_mass.mean,17,Endotherm,0.106302438717916
0.00573606562631931,0.0153335019528804,0.374087122690313,0.708339498935206,ax_structure,1624,0.962767190708452,Aves,ARDEIDAE,PELECANIFORMES,SES.body_mass.mean,17,Endotherm,0.847842693971681
0.0169850816667855,0.0123733905417617,1.37271038277331,0.169842400124805,ax_human,1624,0.962767190708452,Aves,ARDEIDAE,PELECANIFORMES,SES.body_mass.mean,17,Endotherm,0.357429528620859
-0.485894456322744,0.0722823555779701,-6.72217240898598,1.79034564951053e-11,ax_thermal,1624,0.958538105687311,Aves,ARDEIDAE,PELECANIFORMES,SES.body_mass.var,17,Endotherm,2.80487485089983e-09
-0.113287420656469,0.0375371027171861,-3.01801184577309,0.00254438958669723,ax_water,1624,0.958538105687311,Aves,ARDEIDAE,PELECANIFORMES,SES.body_mass.var,17,Endotherm,0.0196043132089786
-0.0388995263213834,0.0259207471679731,-1.5007100709445,0.133430567109726,ax_productivity,1624,0.958538105687311,Aves,ARDEIDAE,PELECANIFORMES,SES.body_mass.var,17,Endotherm,0.306412214372499
-0.0458562225931294,0.0180384507591141,-2.54213752641479,0.0110176812836442,ax_structure,1624,0.958538105687311,Aves,ARDEIDAE,PELECANIFORMES,SES.body_mass.var,17,Endotherm,0.0566968270435706
-0.00240346090324216,0.0145244508257303,-0.165476886670605,0.868568640795163,ax_human,1624,0.958538105687311,Aves,ARDEIDAE,PELECANIFORMES,SES.body_mass.var,17,Endotherm,0.936672912116853
-0.545594931113369,0.0797082051165051,-6.84490298477934,7.6527673087412e-12,ax_thermal,1624,0.98556146676287,Aves,ARDEIDAE,PELECANIFORMES,SES.habitat_breadth.mean,17,Endotherm,1.54148598647501e-09
-0.0540507031785728,0.0367960983123096,-1.46892484958089,0.141853173728146,ax_water,1624,0.98556146676287,Aves,ARDEIDAE,PELECANIFORMES,SES.habitat_breadth.mean,17,Endotherm,0.31697777330695
-0.0547862052145891,0.0247936898767661,-2.20968341085563,0.0271271418618555,ax_productivity,1624,0.98556146676287,Aves,ARDEIDAE,PELECANIFORMES,SES.habitat_breadth.mean,17,Endotherm,0.105953656579546
-0.0683017377519771,0.0170662778672058,-4.00214612016978,6.27705111684307e-05,ax_structure,1624,0.98556146676287,Aves,ARDEIDAE,PELECANIFORMES,SES.habitat_breadth.mean,17,Endotherm,0.0010173151810056
-0.00157561649922751,0.0139274743005161,-0.113130095610309,0.909927415302169,ax_human,1624,0.98556146676287,Aves,ARDEIDAE,PELECANIFORMES,SES.habitat_breadth.mean,17,Endotherm,0.949143165625064
-0.0186152851899808,0.05973799124918,-0.3116155197173,0.755332738122349,ax_thermal,1624,0.952166231861869,Aves,ARDEIDAE,PELECANIFORMES,SES.habitat_breadth.var,17,Endotherm,0.881966720180393
-0.0378964494193107,0.032057283144523,-1.18214788347669,0.237147027609717,ax_water,1624,0.952166231861869,Aves,ARDEIDAE,PELECANIFORMES,SES.habitat_breadth.var,17,Endotherm,0.434820947892979
0.0361513713987411,0.0223091497704636,1.62047284502989,0.10513074294762,ax_productivity,1624,0.952166231861869,Aves,ARDEIDAE,PELECANIFORMES,SES.habitat_breadth.var,17,Endotherm,0.266129887892539
0.0301653592467754,0.0155670267230696,1.9377726898915,0.0526509610637942,ax_structure,1624,0.952166231861869,Aves,ARDEIDAE,PELECANIFORMES,SES.habitat_breadth.var,17,Endotherm,0.168722397954431
0.00613564357074485,0.0124952624590843,0.491037590513685,0.623399860863369,ax_human,1624,0.952166231861869,Aves,ARDEIDAE,PELECANIFORMES,SES.habitat_breadth.var,17,Endotherm,0.786923727678917
0.194479885261481,0.191730621564648,1.01433919983359,0.310420925259718,ax_thermal,118,0.904343849851491,Aves,CHARADRIIDAE,CHARADRIIFORMES,SES.FDis,13,Endotherm,0.516148000726654
0.0671275410154788,0.293822619793617,0.228462808828775,0.819286465850095,ax_water,118,0.904343849851491,Aves,CHARADRIIDAE,CHARADRIIFORMES,SES.FDis,13,Endotherm,0.91391923801316
0.0249466189386897,0.173715045919978,0.143606552941772,0.885811165799825,ax_productivity,118,0.904343849851491,Aves,CHARADRIIDAE,CHARADRIIFORMES,SES.FDis,13,Endotherm,0.939093040434401
0.10931616669962,0.0344433209540452,3.1737986835088,0.0015045800821889,ax_structure,118,0.904343849851491,Aves,CHARADRIIDAE,CHARADRIIFORMES,SES.FDis,13,Endotherm,0.012935718999307
0.221710347362271,0.0793233485655822,2.79502002085763,0.0051896501160642,ax_human,118,0.904343849851491,Aves,CHARADRIIDAE,CHARADRIIFORMES,SES.FDis,13,Endotherm,0.0318148115810893
0.126305353006695,0.194601045019166,0.649047660531604,0.516307570606573,ax_thermal,118,0.888542205983732,Aves,CHARADRIIDAE,CHARADRIIFORMES,SES.RaoQ,13,Endotherm,0.701139153141501
0.0180041356528651,0.290873141479261,0.0618968652839635,0.950644963854318,ax_water,118,0.888542205983732,Aves,CHARADRIIDAE,CHARADRIIFORMES,SES.RaoQ,13,Endotherm,0.97626016814417
0.00244412801407071,0.175989291157901,0.0138879360101393,0.988919386472361,ax_productivity,118,0.888542205983732,Aves,CHARADRIIDAE,CHARADRIIFORMES,SES.RaoQ,13,Endotherm,0.99496048931763
0.0996249503332708,0.0350390578135038,2.84325425824881,0.00446554307895464,ax_structure,118,0.888542205983732,Aves,CHARADRIIDAE,CHARADRIIFORMES,SES.RaoQ,13,Endotherm,0.0294225034641404
0.225589201600636,0.0807628638140884,2.7932293500628,0.00521846778639712,ax_human,118,0.888542205983732,Aves,CHARADRIIDAE,CHARADRIIFORMES,SES.RaoQ,13,Endotherm,0.0318529851896967
0.0186443608411395,0.155817634792737,0.119655011231171,0.904756440059583,ax_thermal,118,0.870495615630031,Aves,CHARADRIIDAE,CHARADRIIFORMES,SES.body_mass.mean,13,Endotherm,0.946369866827902
0.225894986329366,0.226101654827374,0.999085948759795,0.317753057308607,ax_water,118,0.870495615630031,Aves,CHARADRIIDAE,CHARADRIIFORMES,SES.body_mass.mean,13,Endotherm,0.527096248006042
0.0725815167223011,0.140653878690056,0.516029258476698,0.605833974355561,ax_productivity,118,0.870495615630031,Aves,CHARADRIIDAE,CHARADRIIFORMES,SES.body_mass.mean,13,Endotherm,0.775863672880419
0.0788406357365735,0.0281330972161227,2.80241578561037,0.00507214568390935,ax_structure,118,0.870495615630031,Aves,CHARADRIIDAE,CHARADRIIFORMES,SES.body_mass.mean,13,Endotherm,0.0316736808556291
0.130854083659836,0.0649193086657402,2.01564197692838,0.0438374269981663,ax_human,118,0.870495615630031,Aves,CHARADRIIDAE,CHARADRIIFORMES,SES.body_mass.mean,13,Endotherm,0.148583586700516
-0.0787172244046862,0.160140451855839,-0.491551157077717,0.623036679182532,ax_thermal,118,0.74555282871816,Aves,CHARADRIIDAE,CHARADRIIFORMES,SES.body_mass.var,13,Endotherm,0.786923727678917
-0.1633810472737,0.188952542509063,-0.864667101612903,0.387221531168606,ax_water,118,0.74555282871816,Aves,CHARADRIIDAE,CHARADRIIFORMES,SES.body_mass.var,13,Endotherm,0.592814721984511
-0.0367105138052302,0.143858023731941,-0.255185723068426,0.7985796574644,ax_productivity,118,0.74555282871816,Aves,CHARADRIIDAE,CHARADRIIFORMES,SES.body_mass.var,13,Endotherm,0.902164799229353
0.0612836051649272,0.0295745943646668,2.07217060728798,0.0382495334797084,ax_structure,118,0.74555282871816,Aves,CHARADRIIDAE,CHARADRIIFORMES,SES.body_mass.var,13,Endotherm,0.133520302547704
0.266563520895573,0.0691816889949349,3.85309356808403,0.000116634793384085,ax_human,118,0.74555282871816,Aves,CHARADRIIDAE,CHARADRIIFORMES,SES.body_mass.var,13,Endotherm,0.0016445505867156
-0.400261729441672,0.247433052938601,-1.61765667394887,0.105736608017348,ax_thermal,118,0.927861818346215,Aves,CHARADRIIDAE,CHARADRIIFORMES,SES.habitat_breadth.mean,13,Endotherm,0.26640728244365
-0.56619100342416,0.392506510005386,-1.44250092416656,0.149161111066039,ax_water,118,0.927861818346215,Aves,CHARADRIIDAE,CHARADRIIFORMES,SES.habitat_breadth.mean,13,Endotherm,0.327804931667869
0.038362011639813,0.224882873228172,0.170586630671914,0.864548811010602,ax_productivity,118,0.927861818346215,Aves,CHARADRIIDAE,CHARADRIIFORMES,SES.habitat_breadth.mean,13,Endotherm,0.936304977025058
-0.112753050976709,0.0443081929138699,-2.54474496840545,0.0109357575737836,ax_structure,118,0.927861818346215,Aves,CHARADRIIDAE,CHARADRIIFORMES,SES.habitat_breadth.mean,13,Endotherm,0.0564813852711902
-0.119866249815275,0.101941983468269,-1.17582811062908,0.239663570808925,ax_human,118,0.927861818346215,Aves,CHARADRIIDAE,CHARADRIIFORMES,SES.habitat_breadth.mean,13,Endotherm,0.43674806966193
0.483609386609392,0.271861465919524,1.77888169981599,0.0752591589671607,ax_thermal,118,0.88303254460111,Aves,CHARADRIIDAE,CHARADRIIFORMES,SES.habitat_breadth.var,13,Endotherm,0.210965038059039
0.35454316570399,0.402738256136998,0.880331481555074,0.37867976292403,ax_water,118,0.88303254460111,Aves,CHARADRIIDAE,CHARADRIIFORMES,SES.habitat_breadth.var,13,Endotherm,0.586101499146961
-0.063042868346441,0.245713776637684,-0.256570344606279,0.797510470371972,ax_productivity,118,0.88303254460111,Aves,CHARADRIIDAE,CHARADRIIFORMES,SES.habitat_breadth.var,13,Endotherm,0.902164799229353
0.103209574005421,0.0489906015161766,2.10672191831206,0.0351416911469649,ax_structure,118,0.88303254460111,Aves,CHARADRIIDAE,CHARADRIIFORMES,SES.habitat_breadth.var,13,Endotherm,0.126402511523522
0.0987288332007997,0.112957297984896,0.874036781704897,0.38209822324796,ax_human,118,0.88303254460111,Aves,CHARADRIIDAE,CHARADRIIFORMES,SES.habitat_breadth.var,13,Endotherm,0.587341167264378
-0.727909280407099,0.467378406472362,-1.55743027561147,0.119368362702532,ax_thermal,100,0.576303106512514,Aves,CISTICOLIDAE,PASSERIFORMES,SES.FDis,10,Endotherm,0.28575448456803
-0.549968942178498,0.34868018652651,-1.57728762180952,0.114729359270526,ax_water,100,0.576303106512514,Aves,CISTICOLIDAE,PASSERIFORMES,SES.FDis,10,Endotherm,0.278430975165993
0.595733086878577,0.268934124092329,2.21516361632878,0.0267488362016446,ax_productivity,100,0.576303106512514,Aves,CISTICOLIDAE,PASSERIFORMES,SES.FDis,10,Endotherm,0.104766275123108
0.020879236582584,0.13782488351196,0.151491051909884,0.879588368919095,ax_structure,100,0.576303106512514,Aves,CISTICOLIDAE,PASSERIFORMES,SES.FDis,10,Endotherm,0.937429780934182
0.597612601813463,0.363687452659047,1.64320379337837,0.100340775307421,ax_human,100,0.576303106512514,Aves,CISTICOLIDAE,PASSERIFORMES,SES.FDis,10,Endotherm,0.258648067977081
-0.703580096403911,0.496286687102713,-1.41768883729556,0.156281630526487,ax_thermal,100,0.556518595408004,Aves,CISTICOLIDAE,PASSERIFORMES,SES.RaoQ,10,Endotherm,0.338710321059561
-0.463262993176404,0.375199193868874,-1.23471212291119,0.216937662475674,ax_water,100,0.556518595408004,Aves,CISTICOLIDAE,PASSERIFORMES,SES.RaoQ,10,Endotherm,0.413913537335183
0.589096075608105,0.289844349064274,2.03245665306199,0.0421074477763899,ax_productivity,100,0.556518595408004,Aves,CISTICOLIDAE,PASSERIFORMES,SES.RaoQ,10,Endotherm,0.144105585836674
0.0172857728160857,0.147951473093563,0.116834070351935,0.906991544394194,ax_structure,100,0.556518595408004,Aves,CISTICOLIDAE,PASSERIFORMES,SES.RaoQ,10,Endotherm,0.948004505260055
0.590737513535049,0.390550051518177,1.51257825018506,0.130386822330761,ax_human,100,0.556518595408004,Aves,CISTICOLIDAE,PASSERIFORMES,SES.RaoQ,10,Endotherm,0.301653222014584
-0.923894158784545,0.509209554350869,-1.81436925307167,0.0696208961281788,ax_thermal,100,0.756309700026148,Aves,CISTICOLIDAE,PASSERIFORMES,SES.body_mass.mean,10,Endotherm,0.203662787428905
-0.879088439081256,0.336370487397812,-2.61345293959037,0.00896324267871562,ax_water,100,0.756309700026148,Aves,CISTICOLIDAE,PASSERIFORMES,SES.body_mass.mean,10,Endotherm,0.0487960315713862
0.222463053502651,0.254117090904126,0.875435228347479,0.381337138703997,ax_productivity,100,0.756309700026148,Aves,CISTICOLIDAE,PASSERIFORMES,SES.body_mass.mean,10,Endotherm,0.586992757175366
-0.160839578974821,0.133347042737644,-1.20617282297942,0.227750860474475,ax_structure,100,0.756309700026148,Aves,CISTICOLIDAE,PASSERIFORMES,SES.body_mass.mean,10,Endotherm,0.426916459039093
0.242087669268514,0.351701000193915,0.688333752633732,0.491242631292511,ax_human,100,0.756309700026148,Aves,CISTICOLIDAE,PASSERIFORMES,SES.body_mass.mean,10,Endotherm,0.685115835927241
-2.70767296379716,0.926826121730797,-2.92144653707076,0.00348410067153937,ax_thermal,100,0.772042037889431,Aves,CISTICOLIDAE,PASSERIFORMES,SES.body_mass.var,10,Endotherm,0.0245629097343526
-0.504945788445308,0.606121458228464,-0.833076904950921,0.404801357786908,ax_water,100,0.772042037889431,Aves,CISTICOLIDAE,PASSERIFORMES,SES.body_mass.var,10,Endotherm,0.607561501187433
0.154398254302064,0.456762813853587,0.338027198404019,0.735342691560013,ax_productivity,100,0.772042037889431,Aves,CISTICOLIDAE,PASSERIFORMES,SES.body_mass.var,10,Endotherm,0.869734853945485
-0.19905768359879,0.239912990653409,-0.829707816390649,0.406704001074833,ax_structure,100,0.772042037889431,Aves,CISTICOLIDAE,PASSERIFORMES,SES.body_mass.var,10,Endotherm,0.608115208393971
0.652640175117072,0.632804616589526,1.03134547063587,0.302378842257917,ax_human,100,0.772042037889431,Aves,CISTICOLIDAE,PASSERIFORMES,SES.body_mass.var,10,Endotherm,0.509993023425435
1.14603751617146,0.544948366367112,2.10302037202442,0.0354639887216657,ax_thermal,100,0.760266599041227,Aves,CISTICOLIDAE,PASSERIFORMES,SES.habitat_breadth.mean,10,Endotherm,0.127237211444144
0.96952983375173,0.35906338547916,2.70016346127278,0.00693054151924555,ax_water,100,0.760266599041227,Aves,CISTICOLIDAE,PASSERIFORMES,SES.habitat_breadth.mean,10,Endotherm,0.0397238355371391
-0.697744653601288,0.271093665006308,-2.57381393838566,0.0100584348285075,ax_productivity,100,0.760266599041227,Aves,CISTICOLIDAE,PASSERIFORMES,SES.habitat_breadth.mean,10,Endotherm,0.0533172673240438
-0.184216099730748,0.142291609818742,-1.29463782134036,0.195445198802945,ax_structure,100,0.760266599041227,Aves,CISTICOLIDAE,PASSERIFORMES,SES.habitat_breadth.mean,10,Endotherm,0.388137648326975
-0.686790301006383,0.375297764379315,-1.82998772226163,0.0672517747810995,ax_human,100,0.760266599041227,Aves,CISTICOLIDAE,PASSERIFORMES,SES.habitat_breadth.mean,10,Endotherm,0.199212190002837
0.448434356800973,0.478037407947472,0.938073776958995,0.348206496937706,ax_thermal,100,0.618615481841904,Aves,CISTICOLIDAE,PASSERIFORMES,SES.habitat_breadth.var,10,Endotherm,0.554769673087192
1.0387181682669,0.346527789432662,2.99750323045519,0.00272200973829162,ax_water,100,0.618615481841904,Aves,CISTICOLIDAE,PASSERIFORMES,SES.habitat_breadth.var,10,Endotherm,0.0206345899515655
-0.441151216075105,0.26627128818334,-1.65677350751896,0.0975652750682226,ax_productivity,100,0.618615481841904,Aves,CISTICOLIDAE,PASSERIFORMES,SES.habitat_breadth.var,10,Endotherm,0.255188670611583
-0.131158053665422,0.137510999204821,-0.95380045540985,0.340184658847793,ax_structure,100,0.618615481841904,Aves,CISTICOLIDAE,PASSERIFORMES,SES.habitat_breadth.var,10,Endotherm,0.548810490818522
0.13974065111637,0.362679876174533,0.385300261460117,0.700014967843103,ax_human,100,0.618615481841904,Aves,CISTICOLIDAE,PASSERIFORMES,SES.habitat_breadth.var,10,Endotherm,0.842168178036498
0.0141344691174935,0.066949856674257,0.211120229670759,0.832793454991074,ax_thermal,931,0.980925370206519,Aves,COLUMBIDAE,COLUMBIFORMES,SES.FDis,24,Endotherm,0.918809680389213
0.0379383775302915,0.0426192274085178,0.890170466175772,0.373374360385939,ax_water,931,0.980925370206519,Aves,COLUMBIDAE,COLUMBIFORMES,SES.FDis,24,Endotherm,0.581079302587388
0.0393283675544811,0.0364784671910555,1.07812555139719,0.280977730228067,ax_productivity,931,0.980925370206519,Aves,COLUMBIDAE,COLUMBIFORMES,SES.FDis,24,Endotherm,0.486073393211199
0.0153034404211148,0.0134182659714737,1.14049314968482,0.254080905033197,ax_structure,931,0.980925370206519,Aves,COLUMBIDAE,COLUMBIFORMES,SES.FDis,24,Endotherm,0.452912864850579
-0.00851776470016233,0.0206778731992805,-0.411926537031802,0.680393269504788,ax_human,931,0.980925370206519,Aves,COLUMBIDAE,COLUMBIFORMES,SES.FDis,24,Endotherm,0.828458126080959
0.0938483033226557,0.0680900010662652,1.37829786830701,0.168111341091996,ax_thermal,931,0.979169121846298,Aves,COLUMBIDAE,COLUMBIFORMES,SES.RaoQ,24,Endotherm,0.356130346557279
0.0642374930170313,0.0434027258712036,1.48003360912525,0.138864277602048,ax_water,931,0.979169121846298,Aves,COLUMBIDAE,COLUMBIFORMES,SES.RaoQ,24,Endotherm,0.312777366483845
0.0563701229291005,0.0371784335707058,1.51620489394466,0.12946755097207,ax_productivity,931,0.979169121846298,Aves,COLUMBIDAE,COLUMBIFORMES,SES.RaoQ,24,Endotherm,0.301653222014584
0.0208846347494607,0.0136770877414862,1.52697965708827,0.126766069983814,ax_structure,931,0.979169121846298,Aves,COLUMBIDAE,COLUMBIFORMES,SES.RaoQ,24,Endotherm,0.297900264461962
-0.0126890989910484,0.0210765327399671,-0.602048693093921,0.547141725380159,ax_human,931,0.979169121846298,Aves,COLUMBIDAE,COLUMBIFORMES,SES.RaoQ,24,Endotherm,0.728488982800779
-0.144664514948558,0.0773829467154584,-1.86946247317898,0.0615584999177776,ax_thermal,931,0.935560659420137,Aves,COLUMBIDAE,COLUMBIFORMES,SES.body_mass.mean,24,Endotherm,0.188084670048686
0.0116141998853521,0.0520041329242427,0.223332247501773,0.823276931121969,ax_water,931,0.935560659420137,Aves,COLUMBIDAE,COLUMBIFORMES,SES.body_mass.mean,24,Endotherm,0.914452373514535
-0.104856658490319,0.0457934092743703,-2.28977619600393,0.0220342937396236,ax_productivity,931,0.935560659420137,Aves,COLUMBIDAE,COLUMBIFORMES,SES.body_mass.mean,24,Endotherm,0.0897929311354604
0.0264449032679361,0.0168957275577643,1.56518286516662,0.117540038030073,ax_structure,931,0.935560659420137,Aves,COLUMBIDAE,COLUMBIFORMES,SES.body_mass.mean,24,Endotherm,0.2837867356548
-0.00931978322779657,0.0260336041226879,-0.357990510413981,0.720350415171291,ax_human,931,0.935560659420137,Aves,COLUMBIDAE,COLUMBIFORMES,SES.body_mass.mean,24,Endotherm,0.860028861466148
0.454212360155129,0.0895753816941096,5.07072759908761,3.96297662019762e-07,ax_thermal,931,0.950042038123889,Aves,COLUMBIDAE,COLUMBIFORMES,SES.body_mass.var,24,Endotherm,1.43276847037914e-05
0.19094292260869,0.0589574309602783,3.23865744315309,0.0012009371717332,ax_water,931,0.950042038123889,Aves,COLUMBIDAE,COLUMBIFORMES,SES.body_mass.var,24,Endotherm,0.0109955935853494
0.0332372549236757,0.0513719316535801,0.646992508434505,0.517636792048367,ax_productivity,931,0.950042038123889,Aves,COLUMBIDAE,COLUMBIFORMES,SES.body_mass.var,24,Endotherm,0.701139153141501
0.0142392312071049,0.0189347034948329,0.752017649021578,0.452040445249981,ax_structure,931,0.950042038123889,Aves,COLUMBIDAE,COLUMBIFORMES,SES.body_mass.var,24,Endotherm,0.647740881913083
0.000355558961504889,0.0291746016586939,0.0121872773333628,0.990276200290305,ax_human,931,0.950042038123889,Aves,COLUMBIDAE,COLUMBIFORMES,SES.body_mass.var,24,Endotherm,0.99496048931763
-0.231343300767799,0.0838451479831865,-2.7591733848951,0.00579477807255624,ax_thermal,931,0.975518387581077,Aves,COLUMBIDAE,COLUMBIFORMES,SES.habitat_breadth.mean,24,Endotherm,0.0341319030798756
-0.0638527952181624,0.0536072009464819,-1.19112347018284,0.233605117339818,ax_water,931,0.975518387581077,Aves,COLUMBIDAE,COLUMBIFORMES,SES.habitat_breadth.mean,24,Endotherm,0.430068644949511
-0.120135768103189,0.0459995648821695,-2.61167183669941,0.00901006950989625,ax_productivity,931,0.975518387581077,Aves,COLUMBIDAE,COLUMBIFORMES,SES.habitat_breadth.mean,24,Endotherm,0.0488623000344373
-0.0336677602282159,0.0169257851250797,-1.98914023659256,0.046685726205282,ax_structure,931,0.975518387581077,Aves,COLUMBIDAE,COLUMBIFORMES,SES.habitat_breadth.mean,24,Endotherm,0.154616763772605
0.032300420628438,0.0260822843265906,1.23840459002696,0.215566079549877,ax_human,931,0.975518387581077,Aves,COLUMBIDAE,COLUMBIFORMES,SES.habitat_breadth.mean,24,Endotherm,0.412412716642234
-0.270928864366015,0.0523946552172891,-5.17092560762981,2.32937293231927e-07,ax_thermal,931,0.951151602327702,Aves,COLUMBIDAE,COLUMBIFORMES,SES.habitat_breadth.var,24,Endotherm,9.76498403882462e-06
-0.0860225312857713,0.0344339320813045,-2.49819076957743,0.0124828997414674,ax_water,931,0.951151602327702,Aves,COLUMBIDAE,COLUMBIFORMES,SES.habitat_breadth.var,24,Endotherm,0.0602770158748941
-0.0368382863894023,0.0299807444197673,-1.22873154427458,0.219172475140377,ax_productivity,931,0.951151602327702,Aves,COLUMBIDAE,COLUMBIFORMES,SES.habitat_breadth.var,24,Endotherm,0.415926231423865
-0.0216046694498946,0.0110494615827764,-1.95526897741075,0.0505513308129721,ax_structure,931,0.951151602327702,Aves,COLUMBIDAE,COLUMBIFORMES,SES.habitat_breadth.var,24,Endotherm,0.164233586281776
0.00284640999848723,0.0170250489591316,0.16718953380516,0.867220919326446,ax_human,931,0.951151602327702,Aves,COLUMBIDAE,COLUMBIFORMES,SES.habitat_breadth.var,24,Endotherm,0.936672912116853
0.0507935021518267,0.063069816197971,0.805353578205937,0.420615671929938,ax_thermal,2394,0.951325653545323,Aves,CORVIDAE,PASSERIFORMES,SES.FDis,26,Endotherm,0.617136417711979
0.181947425311681,0.0646470384416698,2.81447425431329,0.00488570910002673,ax_water,2394,0.951325653545323,Aves,CORVIDAE,PASSERIFORMES,SES.FDis,26,Endotherm,0.0311712662037904
-0.0341059375120336,0.030985663551853,-1.10070056931196,0.271026998401367,ax_productivity,2394,0.951325653545323,Aves,CORVIDAE,PASSERIFORMES,SES.FDis,26,Endotherm,0.47590045796504
0.0437899379047943,0.0135834142497661,3.22377990537603,0.00126510593090989,ax_structure,2394,0.951325653545323,Aves,CORVIDAE,PASSERIFORMES,SES.FDis,26,Endotherm,0.0114835444916253
-0.0216544150875511,0.016774166819821,-1.29093834109027,0.196725059005914,ax_human,2394,0.951325653545323,Aves,CORVIDAE,PASSERIFORMES,SES.FDis,26,Endotherm,0.388640488675037
0.0128079293631095,0.0625930965591187,0.204622076030581,0.837867406158559,ax_thermal,2394,0.948558057240991,Aves,CORVIDAE,PASSERIFORMES,SES.RaoQ,26,Endotherm,0.920088039473184
0.18356233065348,0.0646439456297036,2.83959044989256,0.00451714869612996,ax_water,2394,0.948558057240991,Aves,CORVIDAE,PASSERIFORMES,SES.RaoQ,26,Endotherm,0.0295116461742926
-0.0374823063184707,0.0310152586082506,-1.20851181000631,0.226850455857044,ax_productivity,2394,0.948558057240991,Aves,CORVIDAE,PASSERIFORMES,SES.RaoQ,26,Endotherm,0.426478857011243
0.0381666976365374,0.0136305035323634,2.80009447530069,0.0051087652293238,ax_structure,2394,0.948558057240991,Aves,CORVIDAE,PASSERIFORMES,SES.RaoQ,26,Endotherm,0.0316736808556291
-0.0249270792244288,0.0168167540204612,-1.48227649605267,0.138266739605331,ax_human,2394,0.948558057240991,Aves,CORVIDAE,PASSERIFORMES,SES.RaoQ,26,Endotherm,0.311929764549626
-0.266886067262697,0.0527587746569453,-5.05861004161065,4.2232351327165e-07,ax_thermal,2394,0.964358417116766,Aves,CORVIDAE,PASSERIFORMES,SES.body_mass.mean,26,Endotherm,1.48869038428257e-05
-0.280422828126641,0.0523082846391181,-5.3609639478969,8.27790385127258e-08,ax_water,2394,0.964358417116766,Aves,CORVIDAE,PASSERIFORMES,SES.body_mass.mean,26,Endotherm,4.48917093472859e-06
0.00475727807124251,0.024955045755941,0.190633914991318,0.848812417119675,ax_productivity,2394,0.964358417116766,Aves,CORVIDAE,PASSERIFORMES,SES.body_mass.mean,26,Endotherm,0.924663596732113
-0.00468286546045329,0.0108251688501243,-0.432590523555622,0.665312275158572,ax_structure,2394,0.964358417116766,Aves,CORVIDAE,PASSERIFORMES,SES.body_mass.mean,26,Endotherm,0.815822843873705
0.0176944994057069,0.0134199867434573,1.31851839677365,0.187330170756499,ax_human,2394,0.964358417116766,Aves,CORVIDAE,PASSERIFORMES,SES.body_mass.mean,26,Endotherm,0.378390427836818
-0.132526230894924,0.0564670570448504,-2.34696543136047,0.0189270106996498,ax_thermal,2394,0.946367199279785,Aves,CORVIDAE,PASSERIFORMES,SES.body_mass.var,26,Endotherm,0.0796629405567348
-0.0524095035692929,0.0586705933133651,-0.893284022020519,0.371705092302142,ax_water,2394,0.946367199279785,Aves,CORVIDAE,PASSERIFORMES,SES.body_mass.var,26,Endotherm,0.580403300272448
-0.0484777914088659,0.0281717192617011,-1.72079634041968,0.085287786737811,ax_productivity,2394,0.946367199279785,Aves,CORVIDAE,PASSERIFORMES,SES.body_mass.var,26,Endotherm,0.231706703854169
0.0194234929273109,0.0124061718838058,1.56563145418491,0.11743492187121,ax_structure,2394,0.946367199279785,Aves,CORVIDAE,PASSERIFORMES,SES.body_mass.var,26,Endotherm,0.2837867356548
-0.0143319211644142,0.0152946783808184,-0.937052797552668,0.348731400120131,ax_human,2394,0.946367199279785,Aves,CORVIDAE,PASSERIFORMES,SES.body_mass.var,26,Endotherm,0.55487455690371
-0.241634188711276,0.0541403728301276,-4.46310536998766,8.07803030955512e-06,ax_thermal,2394,0.958660159031012,Aves,CORVIDAE,PASSERIFORMES,SES.habitat_breadth.mean,26,Endotherm,0.000172576102067768
-0.258353105570337,0.0544346127437844,-4.74611818745486,2.07357580550571e-06,ax_water,2394,0.958660159031012,Aves,CORVIDAE,PASSERIFORMES,SES.habitat_breadth.mean,26,Endotherm,5.71128761165043e-05
-0.0352744229623277,0.0260220306507182,-1.35555996516184,0.175239217122998,ax_productivity,2394,0.958660159031012,Aves,CORVIDAE,PASSERIFORMES,SES.habitat_breadth.mean,26,Endotherm,0.36071138123128
-0.01334650151025,0.0113369959543713,-1.17725203078192,0.239094926894499,ax_structure,2394,0.958660159031012,Aves,CORVIDAE,PASSERIFORMES,SES.habitat_breadth.mean,26,Endotherm,0.43674806966193
0.00259068611594093,0.0140321120175872,0.184625529834275,0.853522760262701,ax_human,2394,0.958660159031012,Aves,CORVIDAE,PASSERIFORMES,SES.habitat_breadth.mean,26,Endotherm,0.927346788272196
0.0158876570091403,0.0542021291050532,0.293118688720646,0.769431432309996,ax_thermal,2394,0.965991190725382,Aves,CORVIDAE,PASSERIFORMES,SES.habitat_breadth.var,26,Endotherm,0.890358043609022
-0.04515017266516,0.0535351333261446,-0.843374618871273,0.39901896230215,ax_water,2394,0.965991190725382,Aves,CORVIDAE,PASSERIFORMES,SES.habitat_breadth.var,26,Endotherm,0.602598233444566
-0.006840253324605,0.0255257133895901,-0.267975010931314,0.788718553866816,ax_productivity,2394,0.965991190725382,Aves,CORVIDAE,PASSERIFORMES,SES.habitat_breadth.var,26,Endotherm,0.896849323348557
-0.00537952362645088,0.0110599172774495,-0.486398179253964,0.626684881236312,ax_structure,2394,0.965991190725382,Aves,CORVIDAE,PASSERIFORMES,SES.habitat_breadth.var,26,Endotherm,0.789175129438643
-0.0219610337803148,0.0137168307941066,-1.60102826301176,0.109370659400293,ax_human,2394,0.965991190725382,Aves,CORVIDAE,PASSERIFORMES,SES.habitat_breadth.var,26,Endotherm,0.271501108722559
0.0136646967259275,0.0870014071597957,0.157062939233035,0.875195245220898,ax_thermal,1103,0.902971716919402,Aves,CUCULIDAE,CUCULIFORMES,SES.FDis,14,Endotherm,0.936672912116853
-0.0424809629157298,0.0664387920179137,-0.639399989456095,0.522562755840629,ax_water,1103,0.902971716919402,Aves,CUCULIDAE,CUCULIFORMES,SES.FDis,14,Endotherm,0.705760043807745
-0.115305713172888,0.0389606571521332,-2.95954230758079,0.00308096394489055,ax_productivity,1103,0.902971716919402,Aves,CUCULIDAE,CUCULIFORMES,SES.FDis,14,Endotherm,0.0227442888078307
0.0805533480090641,0.023950171733199,3.36337245955542,0.000769964047920624,ax_structure,1103,0.902971716919402,Aves,CUCULIDAE,CUCULIFORMES,SES.FDis,14,Endotherm,0.0074359541614252
-0.0291228433725698,0.023332574181286,-1.24816246789983,0.211971565559645,ax_human,1103,0.902971716919402,Aves,CUCULIDAE,CUCULIFORMES,SES.FDis,14,Endotherm,0.407193334385694
1.87581707660867,0.337786800758933,5.553257476,2.8039459420981e-08,ax_thermal,1107,0.865692420904845,Aves,CUCULIDAE,CUCULIFORMES,SES.RaoQ,14,Endotherm,1.79707444470833e-06
0.706149306554594,0.2560057563475,2.75833370557525,0.00580968563061712,ax_water,1107,0.865692420904845,Aves,CUCULIDAE,CUCULIFORMES,SES.RaoQ,14,Endotherm,0.0341319030798756
-0.410983781782341,0.169377687724399,-2.42643400853994,0.015248023138108,ax_productivity,1107,0.865692420904845,Aves,CUCULIDAE,CUCULIFORMES,SES.RaoQ,14,Endotherm,0.0695783580088424
-0.212036696079731,0.105865676212351,-2.00288425546365,0.0451897134153174,ax_structure,1107,0.865692420904845,Aves,CUCULIDAE,CUCULIFORMES,SES.RaoQ,14,Endotherm,0.151347971295956
-0.190909654815294,0.101632065617338,-1.87843918802261,0.0603211088225277,ax_human,1107,0.865692420904845,Aves,CUCULIDAE,CUCULIFORMES,SES.RaoQ,14,Endotherm,0.185581798032861
-0.216529278339419,0.108707507063779,-1.99185211939761,0.0463872857382941,ax_thermal,1107,0.909979337983158,Aves,CUCULIDAE,CUCULIFORMES,SES.body_mass.mean,14,Endotherm,0.154616763772605
0.308299745646801,0.0850608765959064,3.62446001011044,0.000289565818192061,ax_water,1107,0.909979337983158,Aves,CUCULIDAE,CUCULIFORMES,SES.body_mass.mean,14,Endotherm,0.00355032872739832
0.102786784088629,0.0489226879946168,2.10100442763773,0.0356405775814481,ax_productivity,1107,0.909979337983158,Aves,CUCULIDAE,CUCULIFORMES,SES.body_mass.mean,14,Endotherm,0.127546229415842
-0.09200033047632,0.0298396812786609,-3.08315392571273,0.00204819183774085,ax_structure,1107,0.909979337983158,Aves,CUCULIDAE,CUCULIFORMES,SES.body_mass.mean,14,Endotherm,0.016502574235512
0.0387672724473547,0.0292673879008067,1.32458942283285,0.185307365974918,ax_human,1107,0.909979337983158,Aves,CUCULIDAE,CUCULIFORMES,SES.body_mass.mean,14,Endotherm,0.375947318021056
0.100296050446781,0.092470644900001,1.08462583509872,0.278087407770505,ax_thermal,1107,0.889216569624411,Aves,CUCULIDAE,CUCULIFORMES,SES.body_mass.var,14,Endotherm,0.482324324447031
-0.0815812388835555,0.071174309914888,-1.14621749028705,0.251705172708604,ax_water,1107,0.889216569624411,Aves,CUCULIDAE,CUCULIFORMES,SES.body_mass.var,14,Endotherm,0.450958441574499
-0.132497326529676,0.0437761543166617,-3.0267009196659,0.00247238449559717,ax_productivity,1107,0.889216569624411,Aves,CUCULIDAE,CUCULIFORMES,SES.body_mass.var,14,Endotherm,0.0192600118165304
0.118621124140713,0.0270179025276079,4.39046384224317,1.13109123147659e-05,ax_structure,1107,0.889216569624411,Aves,CUCULIDAE,CUCULIFORMES,SES.body_mass.var,14,Endotherm,0.000234327174564175
-0.0277465770142936,0.0262155682904463,-1.05840074519404,0.289872779858494,ax_human,1107,0.889216569624411,Aves,CUCULIDAE,CUCULIFORMES,SES.body_mass.var,14,Endotherm,0.497413976875238
0.107104406099073,0.093805986826352,1.14176514445009,0.253551654228152,ax_thermal,1107,0.97833657524746,Aves,CUCULIDAE,CUCULIFORMES,SES.habitat_breadth.mean,14,Endotherm,0.452541560078093
-0.349785999718035,0.0782460065470602,-4.47033676418566,7.80965301516723e-06,ax_water,1107,0.97833657524746,Aves,CUCULIDAE,CUCULIFORMES,SES.habitat_breadth.mean,14,Endotherm,0.000169409396175166
-0.00890516165109059,0.0367317682273109,-0.242437597775905,0.808441104330757,ax_productivity,1107,0.97833657524746,Aves,CUCULIDAE,CUCULIFORMES,SES.habitat_breadth.mean,14,Endotherm,0.908288412036945
0.080062265724835,0.0216778566935846,3.69327405640286,0.000221385213307057,ax_structure,1107,0.97833657524746,Aves,CUCULIDAE,CUCULIFORMES,SES.habitat_breadth.mean,14,Endotherm,0.00281219054741397
0.00717001412030426,0.0220225514993154,0.325575995157833,0.744745176536608,ax_human,1107,0.97833657524746,Aves,CUCULIDAE,CUCULIFORMES,SES.habitat_breadth.mean,14,Endotherm,0.877268754316306
-0.282269925262285,0.0895200343009731,-3.15314809099908,0.00161519843850821,ax_thermal,1103,0.917104683154368,Aves,CUCULIDAE,CUCULIFORMES,SES.habitat_breadth.var,14,Endotherm,0.0137194566162445
0.0529212809951141,0.0691659923148307,0.765134413950519,0.444191509231382,ax_water,1103,0.917104683154368,Aves,CUCULIDAE,CUCULIFORMES,SES.habitat_breadth.var,14,Endotherm,0.640327480083583
-0.0717407116328873,0.0387440129994591,-1.85165929078872,0.0640747632238574,ax_productivity,1103,0.917104683154368,Aves,CUCULIDAE,CUCULIFORMES,SES.habitat_breadth.var,14,Endotherm,0.193459135215501
0.0054436018958307,0.02361245185566,0.230539459820046,0.817672604619536,ax_structure,1103,0.917104683154368,Aves,CUCULIDAE,CUCULIFORMES,SES.habitat_breadth.var,14,Endotherm,0.91391923801316
-0.0114645485556177,0.023191783342782,-0.494336653036466,0.621068443604962,ax_human,1103,0.917104683154368,Aves,CUCULIDAE,CUCULIFORMES,SES.habitat_breadth.var,14,Endotherm,0.786923727678917
0.110279559856669,0.136890684205953,0.805603102185919,0.420471736327982,ax_thermal,523,0.978447617068521,Aves,EMBERIZIDAE,PASSERIFORMES,SES.FDis,21,Endotherm,0.617136417711979
0.387734056162337,0.170115596122706,2.2792387353048,0.0226528776554442,ax_water,523,0.978447617068521,Aves,EMBERIZIDAE,PASSERIFORMES,SES.FDis,21,Endotherm,0.0915202220463506
-0.111594533309227,0.0605415679775884,-1.84327127686118,0.0652894126629451,ax_productivity,523,0.978447617068521,Aves,EMBERIZIDAE,PASSERIFORMES,SES.FDis,21,Endotherm,0.195452381857224
-0.000278163589709695,0.0282289746709504,-0.00985383255864211,0.992137906369211,ax_structure,523,0.978447617068521,Aves,EMBERIZIDAE,PASSERIFORMES,SES.FDis,21,Endotherm,0.99496048931763
-0.00253450971167209,0.0463042204152046,-0.0547360410983154,0.956348755745801,ax_human,523,0.978447617068521,Aves,EMBERIZIDAE,PASSERIFORMES,SES.FDis,21,Endotherm,0.979267789107901
0.0787423835505161,0.136550173594523,0.576655316340618,0.564172323258494,ax_thermal,523,0.978288128137468,Aves,EMBERIZIDAE,PASSERIFORMES,SES.RaoQ,21,Endotherm,0.743026306336584
0.421399335376148,0.169706688566266,2.48310387136924,0.0130243103299534,ax_water,523,0.978288128137468,Aves,EMBERIZIDAE,PASSERIFORMES,SES.RaoQ,21,Endotherm,0.0614189885124895
-0.110958008565141,0.0603970523042773,-1.8371427798519,0.0661888201879726,ax_productivity,523,0.978288128137468,Aves,EMBERIZIDAE,PASSERIFORMES,SES.RaoQ,21,Endotherm,0.197307053837297
0.00257558266130684,0.0281643520374508,0.0914483194174687,0.927136369218852,ax_structure,523,0.978288128137468,Aves,EMBERIZIDAE,PASSERIFORMES,SES.RaoQ,21,Endotherm,0.961397717616881
0.00758126930852397,0.0461961664440233,0.164110355730715,0.86964426964883,ax_human,523,0.978288128137468,Aves,EMBERIZIDAE,PASSERIFORMES,SES.RaoQ,21,Endotherm,0.936672912116853
-0.180891948359242,0.158345492383224,-1.14238773479861,0.253292887210456,ax_thermal,523,0.957414799320931,Aves,EMBERIZIDAE,PASSERIFORMES,SES.body_mass.mean,21,Endotherm,0.452541560078093
0.514551308108103,0.199696416910568,2.57666770425099,0.00997578004726796,ax_water,523,0.957414799320931,Aves,EMBERIZIDAE,PASSERIFORMES,SES.body_mass.mean,21,Endotherm,0.0530786787420673
-0.186179494812599,0.0711979161479046,-2.61495707860093,0.00892386688676394,ax_productivity,523,0.957414799320931,Aves,EMBERIZIDAE,PASSERIFORMES,SES.body_mass.mean,21,Endotherm,0.0487699701951053
-0.0187789573995868,0.0337587801477785,-0.556268837836622,0.578027086741765,ax_structure,523,0.957414799320931,Aves,EMBERIZIDAE,PASSERIFORMES,SES.body_mass.mean,21,Endotherm,0.753251564053501
-0.158564865284961,0.0549794231993594,-2.88407655187638,0.00392563312241889,ax_human,523,0.957414799320931,Aves,EMBERIZIDAE,PASSERIFORMES,SES.body_mass.mean,21,Endotherm,0.0269337986752989
-0.166470129657672,0.144576574332959,-1.1514322456852,0.249554454353708,ax_thermal,523,0.94571650533289,Aves,EMBERIZIDAE,PASSERIFORMES,SES.body_mass.var,21,Endotherm,0.449389247303611
-0.115206682064071,0.184288504516109,-0.625143073175244,0.531877160232469,ax_water,523,0.94571650533289,Aves,EMBERIZIDAE,PASSERIFORMES,SES.body_mass.var,21,Endotherm,0.714915916041736
-0.092488705990287,0.0657629225664415,-1.40639592008466,0.159606591120248,ax_productivity,523,0.94571650533289,Aves,EMBERIZIDAE,PASSERIFORMES,SES.body_mass.var,21,Endotherm,0.343056849816386
-0.012550145380871,0.0315628768536138,-0.397623620910021,0.690907646190959,ax_structure,523,0.94571650533289,Aves,EMBERIZIDAE,PASSERIFORMES,SES.body_mass.var,21,Endotherm,0.837643835880698
0.0465404176974348,0.0511488644428895,0.909901289194791,0.362874569839592,ax_human,523,0.94571650533289,Aves,EMBERIZIDAE,PASSERIFORMES,SES.body_mass.var,21,Endotherm,0.57040484222277
-0.138550538560241,0.127169082597798,-1.08949860870224,0.2759340680541,ax_thermal,523,0.939996092877244,Aves,EMBERIZIDAE,PASSERIFORMES,SES.habitat_breadth.mean,21,Endotherm,0.482101397882899
0.0200433965932765,0.163017763589863,0.122952224051508,0.902144930501436,ax_water,523,0.939996092877244,Aves,EMBERIZIDAE,PASSERIFORMES,SES.habitat_breadth.mean,21,Endotherm,0.945743012644628
0.226685558524036,0.0581995496521028,3.89497100714844,9.82104762943248e-05,ax_productivity,523,0.939996092877244,Aves,EMBERIZIDAE,PASSERIFORMES,SES.habitat_breadth.mean,21,Endotherm,0.0014424663705729
0.00795609903697746,0.0281153515130183,0.282980599879519,0.77719170849615,ax_structure,523,0.939996092877244,Aves,EMBERIZIDAE,PASSERIFORMES,SES.habitat_breadth.mean,21,Endotherm,0.890427721232876
0.0326648825123762,0.045442458956713,0.718818551247232,0.472252725840172,ax_human,523,0.939996092877244,Aves,EMBERIZIDAE,PASSERIFORMES,SES.habitat_breadth.mean,21,Endotherm,0.665876343434643
-0.202093979340751,0.171990314206924,-1.17503116540394,0.239982247534859,ax_thermal,523,0.899301201007833,Aves,EMBERIZIDAE,PASSERIFORMES,SES.habitat_breadth.var,21,Endotherm,0.43674806966193
0.669051343818065,0.230166205288375,2.90681832712935,0.00365125184969184,ax_water,523,0.899301201007833,Aves,EMBERIZIDAE,PASSERIFORMES,SES.habitat_breadth.var,21,Endotherm,0.0254864609310173
-0.106365397458563,0.0825805901953262,-1.28801934215993,0.197739230245834,ax_productivity,523,0.899301201007833,Aves,EMBERIZIDAE,PASSERIFORMES,SES.habitat_breadth.var,21,Endotherm,0.389402674087467
-0.0277067447521354,0.0420684824416963,-0.658610511813323,0.51014591097008,ax_structure,523,0.899301201007833,Aves,EMBERIZIDAE,PASSERIFORMES,SES.habitat_breadth.var,21,Endotherm,0.700212277044214
-0.0288138748660113,0.0665631163269257,-0.432880496827876,0.66510158947159,ax_human,523,0.899301201007833,Aves,EMBERIZIDAE,PASSERIFORMES,SES.habitat_breadth.var,21,Endotherm,0.815822843873705
0.065916658317335,0.0995238511792592,0.662320213057351,0.507766025361882,ax_thermal,146,0.974025467896273,Aves,FALCONIDAE,FALCONIFORMES,SES.FDis,11,Endotherm,0.699170015390872
0.216886688682408,0.0951077772790612,2.28043063235542,0.0225821605646872,ax_water,146,0.974025467896273,Aves,FALCONIDAE,FALCONIFORMES,SES.FDis,11,Endotherm,0.0914966850465775
0.0603169060781559,0.0443937942993026,1.35867877549506,0.17424840057365,ax_productivity,146,0.974025467896273,Aves,FALCONIDAE,FALCONIFORMES,SES.FDis,11,Endotherm,0.359196264340418
-0.00718079342330989,0.025398503690048,-0.282725057780611,0.777387606267851,ax_structure,146,0.974025467896273,Aves,FALCONIDAE,FALCONIFORMES,SES.FDis,11,Endotherm,0.890427721232876
-0.0336259935378061,0.0499724405201177,-0.672890761144015,0.501016790294771,ax_human,146,0.974025467896273,Aves,FALCONIDAE,FALCONIFORMES,SES.FDis,11,Endotherm,0.692237108408885
0.0924233639695429,0.116710704331204,0.791901347002948,0.428418201502829,ax_thermal,146,0.963623816979901,Aves,FALCONIDAE,FALCONIFORMES,SES.RaoQ,11,Endotherm,0.625978926548175
0.210309409811944,0.112048838297746,1.8769441344237,0.0605257510520385,ax_water,146,0.963623816979901,Aves,FALCONIDAE,FALCONIFORMES,SES.RaoQ,11,Endotherm,0.185581798032861
0.0163087544463461,0.0522191674450964,0.312313566919527,0.75480223045218,ax_productivity,146,0.963623816979901,Aves,FALCONIDAE,FALCONIFORMES,SES.RaoQ,11,Endotherm,0.881966720180393
-0.00690067320456154,0.0300751117985424,-0.229447965174181,0.818520759547458,ax_structure,146,0.963623816979901,Aves,FALCONIDAE,FALCONIFORMES,SES.RaoQ,11,Endotherm,0.91391923801316
-0.0607976357140438,0.0590078951037142,-1.03033052792654,0.302854873080533,ax_human,146,0.963623816979901,Aves,FALCONIDAE,FALCONIFORMES,SES.RaoQ,11,Endotherm,0.51018562848692
0.031387588323383,0.0359738818271741,0.872510463957586,0.382929962195547,ax_thermal,146,0.990127628410703,Aves,FALCONIDAE,FALCONIFORMES,SES.body_mass.mean,11,Endotherm,0.587520399016019
0.0625991674384782,0.0341116585502202,1.83512529437166,0.0664871268878955,ax_water,146,0.990127628410703,Aves,FALCONIDAE,FALCONIFORMES,SES.body_mass.mean,11,Endotherm,0.197778162261461
0.00927792845420741,0.0159777823346853,0.580676858644297,0.561458261096323,ax_productivity,146,0.990127628410703,Aves,FALCONIDAE,FALCONIFORMES,SES.body_mass.mean,11,Endotherm,0.740557668985796
-0.00243619875671453,0.00906456717147159,-0.268760627024956,0.788113893923413,ax_structure,146,0.990127628410703,Aves,FALCONIDAE,FALCONIFORMES,SES.body_mass.mean,11,Endotherm,0.896849323348557
-0.0237718529541125,0.0178961787336693,-1.32832004574188,0.184072400238167,ax_human,146,0.990127628410703,Aves,FALCONIDAE,FALCONIFORMES,SES.body_mass.mean,11,Endotherm,0.375947318021056
0.0432911596100994,0.0766413696864109,0.564853678727707,0.572173292495217,ax_thermal,146,0.976771697149639,Aves,FALCONIDAE,FALCONIFORMES,SES.body_mass.var,11,Endotherm,0.750491769689918
0.0791932970885494,0.0731471639063831,1.08265711012261,0.278960647958008,ax_water,146,0.976771697149639,Aves,FALCONIDAE,FALCONIFORMES,SES.body_mass.var,11,Endotherm,0.483211933195075
-0.00711018305816718,0.0341604171642772,-0.208140990315615,0.835118882310471,ax_productivity,146,0.976771697149639,Aves,FALCONIDAE,FALCONIFORMES,SES.body_mass.var,11,Endotherm,0.918963007274153
-0.00385756543626263,0.0195124971030745,-0.197697168941786,0.843282004856968,ax_structure,146,0.976771697149639,Aves,FALCONIDAE,FALCONIFORMES,SES.body_mass.var,11,Endotherm,0.923118572105588
-0.0633224064583294,0.0384171398464708,-1.64828528910245,0.0992941420510094,ax_human,146,0.976771697149639,Aves,FALCONIDAE,FALCONIFORMES,SES.body_mass.var,11,Endotherm,0.256912050303084
0.0122936231507069,0.0766012422509151,0.16048856114419,0.872496231719391,ax_thermal,146,0.989950692076568,Aves,FALCONIDAE,FALCONIFORMES,SES.habitat_breadth.mean,11,Endotherm,0.936672912116853
0.161603503865526,0.0726423396722116,2.22464618560938,0.0261049995425848,ax_water,146,0.989950692076568,Aves,FALCONIDAE,FALCONIFORMES,SES.habitat_breadth.mean,11,Endotherm,0.102529385390096
0.102224981206063,0.0340239015522205,3.00450496687354,0.00266013415437105,ax_productivity,146,0.989950692076568,Aves,FALCONIDAE,FALCONIFORMES,SES.habitat_breadth.mean,11,Endotherm,0.0203847236829521
-0.00955814348512404,0.0193040799185757,-0.495135925951413,0.620504175733993,ax_structure,146,0.989950692076568,Aves,FALCONIDAE,FALCONIFORMES,SES.habitat_breadth.mean,11,Endotherm,0.786923727678917
-0.0524506119405437,0.0381108629487833,-1.37626408541395,0.168739887704098,ax_human,146,0.989950692076568,Aves,FALCONIDAE,FALCONIFORMES,SES.habitat_breadth.mean,11,Endotherm,0.356172517459249
0.184669480763522,0.118948580296046,1.55251521543096,0.120538994911874,ax_thermal,146,0.980299304029231,Aves,FALCONIDAE,FALCONIFORMES,SES.habitat_breadth.var,11,Endotherm,0.287580343190765
0.173724535052617,0.113335918055269,1.53282858632599,0.125318095234246,ax_water,146,0.980299304029231,Aves,FALCONIDAE,FALCONIFORMES,SES.habitat_breadth.var,11,Endotherm,0.294989172421181
-0.00738326707989801,0.0529661369048501,-0.139395989803099,0.88913724109692,ax_productivity,146,0.980299304029231,Aves,FALCONIDAE,FALCONIFORMES,SES.habitat_breadth.var,11,Endotherm,0.940262351977581
-0.00796471538503108,0.0301951152634609,-0.263774962126711,0.791953328807536,ax_structure,146,0.980299304029231,Aves,FALCONIDAE,FALCONIFORMES,SES.habitat_breadth.var,11,Endotherm,0.899801928782133
-0.141957086548363,0.0594977057704268,-2.38592538502422,0.0170362071616961,ax_human,146,0.980299304029231,Aves,FALCONIDAE,FALCONIFORMES,SES.habitat_breadth.var,11,Endotherm,0.0741411467843121
-0.0638355213556452,0.0519500999742908,-1.2287853418422,0.219152298747607,ax_thermal,1554,0.912193096695066,Aves,FRINGILLIDAE,PASSERIFORMES,SES.FDis,34,Endotherm,0.415926231423865
0.365584916759527,0.0699445626830865,5.22678107826573,1.72486525062965e-07,ax_water,1554,0.912193096695066,Aves,FRINGILLIDAE,PASSERIFORMES,SES.FDis,34,Endotherm,7.84535484963808e-06
-0.0619554678680919,0.0364915351502096,-1.69780382253214,0.0895447942229313,ax_productivity,1554,0.912193096695066,Aves,FRINGILLIDAE,PASSERIFORMES,SES.FDis,34,Endotherm,0.240491733055873
-0.0158471100774305,0.012344653711214,-1.28372252864694,0.199239058828405,ax_structure,1554,0.912193096695066,Aves,FRINGILLIDAE,PASSERIFORMES,SES.FDis,34,Endotherm,0.390719155699653
0.0857035133534656,0.0292619912701421,2.92883394579215,0.00340236133023231,ax_human,1554,0.912193096695066,Aves,FRINGILLIDAE,PASSERIFORMES,SES.FDis,34,Endotherm,0.0242289367455937
-0.0904984292556361,0.0515406027531639,-1.75586672296107,0.0791111681751522,ax_thermal,1554,0.903283082362742,Aves,FRINGILLIDAE,PASSERIFORMES,SES.RaoQ,34,Endotherm,0.218719112013656
0.294883196808197,0.0704004388797224,4.18865566040004,2.80611803507025e-05,ax_water,1554,0.903283082362742,Aves,FRINGILLIDAE,PASSERIFORMES,SES.RaoQ,34,Endotherm,0.00052060874071698
-0.0539301221947461,0.0365942235124359,-1.47373320208363,0.140553439597375,ax_productivity,1554,0.903283082362742,Aves,FRINGILLIDAE,PASSERIFORMES,SES.RaoQ,34,Endotherm,0.315072098302541
-0.0144800516595326,0.0125525121720459,-1.15355806559418,0.248681398953206,ax_structure,1554,0.903283082362742,Aves,FRINGILLIDAE,PASSERIFORMES,SES.RaoQ,34,Endotherm,0.448963857265071
0.0949946078856562,0.029644963176464,3.20440971102556,0.00135339731956763,ax_human,1554,0.903283082362742,Aves,FRINGILLIDAE,PASSERIFORMES,SES.RaoQ,34,Endotherm,0.0119391857586973
-0.0271590333775538,0.055058846659136,-0.493272834894141,0.621819820050747,ax_thermal,1554,0.94297241414886,Aves,FRINGILLIDAE,PASSERIFORMES,SES.body_mass.mean,34,Endotherm,0.786923727678917
-0.147326651082103,0.0708083574881383,-2.08063929609981,0.037466934228475,ax_water,1554,0.94297241414886,Aves,FRINGILLIDAE,PASSERIFORMES,SES.body_mass.mean,34,Endotherm,0.132128266572219
0.038608626218828,0.0373243452490027,1.03440866708464,0.300945154300388,ax_productivity,1554,0.94297241414886,Aves,FRINGILLIDAE,PASSERIFORMES,SES.body_mass.mean,34,Endotherm,0.508792167342383
0.0018787864183235,0.0120953827396527,0.155330877803826,0.876560474063728,ax_structure,1554,0.94297241414886,Aves,FRINGILLIDAE,PASSERIFORMES,SES.body_mass.mean,34,Endotherm,0.936672912116853
-0.0480333684012818,0.0290087044461256,-1.65582604664364,0.0977570514241741,ax_human,1554,0.94297241414886,Aves,FRINGILLIDAE,PASSERIFORMES,SES.body_mass.mean,34,Endotherm,0.255188670611583
0.0338490816167316,0.0609778219888664,0.555104798969564,0.578822980499644,ax_thermal,1554,0.918167450149918,Aves,FRINGILLIDAE,PASSERIFORMES,SES.body_mass.var,34,Endotherm,0.753592246079869
0.653584094581441,0.081322911322937,8.03689985945079,8.88178419700125e-16,ax_water,1554,0.918167450149918,Aves,FRINGILLIDAE,PASSERIFORMES,SES.body_mass.var,34,Endotherm,6.26165785888588e-13
-0.107268678389597,0.0425273787061513,-2.52234399704681,0.0116575645229422,ax_productivity,1554,0.918167450149918,Aves,FRINGILLIDAE,PASSERIFORMES,SES.body_mass.var,34,Endotherm,0.0587041642048161
0.0407645342670465,0.0142573617682307,2.85919196901357,0.00424721676287532,ax_structure,1554,0.918167450149918,Aves,FRINGILLIDAE,PASSERIFORMES,SES.body_mass.var,34,Endotherm,0.0282940800024314
0.00786428124754133,0.0338778453578384,0.232136405502594,0.816432069563054,ax_human,1554,0.918167450149918,Aves,FRINGILLIDAE,PASSERIFORMES,SES.body_mass.var,34,Endotherm,0.91391923801316
-0.13991465640452,0.0585448361687811,-2.38987185823109,0.016854252165077,ax_thermal,1554,0.942955614430168,Aves,FRINGILLIDAE,PASSERIFORMES,SES.habitat_breadth.mean,34,Endotherm,0.073802781219747
-0.217775113139507,0.0752931722982466,-2.89236203618663,0.0038235706922205,ax_water,1554,0.942955614430168,Aves,FRINGILLIDAE,PASSERIFORMES,SES.habitat_breadth.mean,34,Endotherm,0.0264276209609358
-0.0945134610982152,0.0396882085713249,-2.38139902254248,0.0172470185427336,ax_productivity,1554,0.942955614430168,Aves,FRINGILLIDAE,PASSERIFORMES,SES.habitat_breadth.mean,34,Endotherm,0.0741411467843121
0.0363951419114703,0.0128616853056181,2.82973351055111,0.00465867899845085,ax_structure,1554,0.942955614430168,Aves,FRINGILLIDAE,PASSERIFORMES,SES.habitat_breadth.mean,34,Endotherm,0.0301318228798885
-0.0760361842713801,0.0308463731010392,-2.46499593395693,0.01370148063584,ax_human,1554,0.942955614430168,Aves,FRINGILLIDAE,PASSERIFORMES,SES.habitat_breadth.mean,34,Endotherm,0.0635496305807052
-0.00789297955404066,0.0533749266464668,-0.147878040307586,0.882439018944557,ax_thermal,1554,0.9377864569149,Aves,FRINGILLIDAE,PASSERIFORMES,SES.habitat_breadth.var,34,Endotherm,0.938340133266837
-0.111145452614118,0.0691260685615327,-1.60786596036749,0.107864538390293,ax_water,1554,0.9377864569149,Aves,FRINGILLIDAE,PASSERIFORMES,SES.habitat_breadth.var,34,Endotherm,0.269402993292269
-0.101972947177527,0.0363880549958504,-2.80237421838445,0.00507279933066185,ax_productivity,1554,0.9377864569149,Aves,FRINGILLIDAE,PASSERIFORMES,SES.habitat_breadth.var,34,Endotherm,0.0316736808556291
0.0539102933804085,0.011869370244062,4.54196745672997,5.57316458937862e-06,ax_structure,1554,0.9377864569149,Aves,FRINGILLIDAE,PASSERIFORMES,SES.habitat_breadth.var,34,Endotherm,0.000130969367850398
0.0132257677139051,0.0284151381797182,0.465447946452192,0.641610705419145,ax_human,1554,0.9377864569149,Aves,FRINGILLIDAE,PASSERIFORMES,SES.habitat_breadth.var,34,Endotherm,0.800593889062827
0.388460239465084,0.0708311587782564,5.48431292337311,4.15079470794666e-08,ax_thermal,1540,0.969219579760791,Aves,MOTACILLIDAE,PASSERIFORMES,SES.FDis,16,Endotherm,2.43859189091866e-06
-0.176271849767084,0.0850368933265589,-2.0728867538724,0.0381828200668717,ax_water,1540,0.969219579760791,Aves,MOTACILLIDAE,PASSERIFORMES,SES.FDis,16,Endotherm,0.133520302547704
0.0474361051340142,0.0326206730909474,1.4541730945208,0.145898322433934,ax_productivity,1540,0.969219579760791,Aves,MOTACILLIDAE,PASSERIFORMES,SES.FDis,16,Endotherm,0.322439866194118
-0.014211825224894,0.0140345938784704,-1.01262817776975,0.311237795474191,ax_structure,1540,0.969219579760791,Aves,MOTACILLIDAE,PASSERIFORMES,SES.FDis,16,Endotherm,0.516896692130282
-0.0451904063698692,0.0182814279347638,-2.47192979296412,0.0134385905056627,ax_human,1540,0.969219579760791,Aves,MOTACILLIDAE,PASSERIFORMES,SES.FDis,16,Endotherm,0.0627430881224647
0.373510418101258,0.0707307124973343,5.28073880374575,1.28664004561685e-07,ax_thermal,1540,0.96749097247984,Aves,MOTACILLIDAE,PASSERIFORMES,SES.RaoQ,16,Endotherm,6.3235862380922e-06
-0.165261133161456,0.0852695118537719,-1.93810342722334,0.0526106054221982,ax_water,1540,0.96749097247984,Aves,MOTACILLIDAE,PASSERIFORMES,SES.RaoQ,16,Endotherm,0.168722397954431
0.0579747417868485,0.0327241992862267,1.77161681726005,0.0764581861474487,ax_productivity,1540,0.96749097247984,Aves,MOTACILLIDAE,PASSERIFORMES,SES.RaoQ,16,Endotherm,0.212637706254898
-0.0171209134474046,0.0140932259030914,-1.21483282572296,0.224429858300947,ax_structure,1540,0.96749097247984,Aves,MOTACILLIDAE,PASSERIFORMES,SES.RaoQ,16,Endotherm,0.423056283695635
-0.0427972104184314,0.0183512804413669,-2.33211031541752,0.0196948885266548,ax_human,1540,0.96749097247984,Aves,MOTACILLIDAE,PASSERIFORMES,SES.RaoQ,16,Endotherm,0.0824029460610779
0.0257054356261115,0.0591117989397186,0.43486133203839,0.663663083423125,ax_thermal,1540,0.950396536179402,Aves,MOTACILLIDAE,PASSERIFORMES,SES.body_mass.mean,16,Endotherm,0.815822843873705
-0.0986814341271093,0.0747266270540945,-1.32056588149863,0.186646155375839,ax_water,1540,0.950396536179402,Aves,MOTACILLIDAE,PASSERIFORMES,SES.body_mass.mean,16,Endotherm,0.37757687098986
0.000717422876886319,0.0287980150684272,0.0249122335404591,0.980124969309084,ax_productivity,1540,0.950396536179402,Aves,MOTACILLIDAE,PASSERIFORMES,SES.body_mass.mean,16,Endotherm,0.990817788429794
-0.0203134151677247,0.0125516052127505,-1.61839181709518,0.105578184380404,ax_structure,1540,0.950396536179402,Aves,MOTACILLIDAE,PASSERIFORMES,SES.body_mass.mean,16,Endotherm,0.26640728244365
-0.00525603644656944,0.0162792748816975,-0.322866742208445,0.746796164392838,ax_human,1540,0.950396536179402,Aves,MOTACILLIDAE,PASSERIFORMES,SES.body_mass.mean,16,Endotherm,0.878950410512439
0.286430606282061,0.0555051701263051,5.16043110272921,2.46381824275943e-07,ax_thermal,1540,0.966824614632818,Aves,MOTACILLIDAE,PASSERIFORMES,SES.body_mass.var,16,Endotherm,9.9256677779737e-06
-0.12709643511225,0.0670241237905078,-1.89627895038965,0.0579231681861034,ax_water,1540,0.966824614632818,Aves,MOTACILLIDAE,PASSERIFORMES,SES.body_mass.var,16,Endotherm,0.179498169543749
0.024476213537309,0.025726415762514,0.95140394850391,0.341399356705293,ax_productivity,1540,0.966824614632818,Aves,MOTACILLIDAE,PASSERIFORMES,SES.body_mass.var,16,Endotherm,0.548981381688824
-0.000648775968843832,0.0110839059455762,-0.0585331535678334,0.953323955027215,ax_structure,1540,0.966824614632818,Aves,MOTACILLIDAE,PASSERIFORMES,SES.body_mass.var,16,Endotherm,0.977215464774864
-0.00807094821972062,0.0144307273003271,-0.55928908167627,0.575964445595815,ax_human,1540,0.966824614632818,Aves,MOTACILLIDAE,PASSERIFORMES,SES.body_mass.var,16,Endotherm,0.753251564053501
-0.268157904384933,0.0732443440233057,-3.66114145686946,0.000251094069094737,ax_thermal,1540,0.978472761461861,Aves,MOTACILLIDAE,PASSERIFORMES,SES.habitat_breadth.mean,16,Endotherm,0.00316109497699625
-0.130603042886491,0.0862460383831655,-1.51430773325796,0.12994780811063,ax_water,1540,0.978472761461861,Aves,MOTACILLIDAE,PASSERIFORMES,SES.habitat_breadth.mean,16,Endotherm,0.301653222014584
0.0395870836928014,0.0330063032314176,1.19937950685491,0.230380412398887,ax_productivity,1540,0.978472761461861,Aves,MOTACILLIDAE,PASSERIFORMES,SES.habitat_breadth.mean,16,Endotherm,0.428102447560546
-0.0201494554947285,0.0141346841519634,-1.42553277300714,0.15400325355122,ax_structure,1540,0.978472761461861,Aves,MOTACILLIDAE,PASSERIFORMES,SES.habitat_breadth.mean,16,Endotherm,0.335099672079044
0.0290689746784117,0.018443655366973,1.57609617508172,0.115003640413413,ax_human,1540,0.978472761461861,Aves,MOTACILLIDAE,PASSERIFORMES,SES.habitat_breadth.mean,16,Endotherm,0.278617066980949
0.146799011946838,0.0738097380818075,1.9888840654621,0.0467140009695954,ax_thermal,1540,0.958159754120308,Aves,MOTACILLIDAE,PASSERIFORMES,SES.habitat_breadth.var,16,Endotherm,0.154616763772605
-0.0735817187436689,0.0912056168643092,-0.806767403954296,0.419800502104521,ax_water,1540,0.958159754120308,Aves,MOTACILLIDAE,PASSERIFORMES,SES.habitat_breadth.var,16,Endotherm,0.617136417711979
-0.0192461634258329,0.0350834606401731,-0.548582240025509,0.583292176624193,ax_productivity,1540,0.958159754120308,Aves,MOTACILLIDAE,PASSERIFORMES,SES.habitat_breadth.var,16,Endotherm,0.757192419661108
-0.0380934181042614,0.0152014305194741,-2.50591008888676,0.0122136673274651,ax_structure,1540,0.958159754120308,Aves,MOTACILLIDAE,PASSERIFORMES,SES.habitat_breadth.var,16,Endotherm,0.0595891727741377
-0.0241081756044051,0.0197533833091645,-1.22045804645629,0.222291284265171,ax_human,1540,0.958159754120308,Aves,MOTACILLIDAE,PASSERIFORMES,SES.habitat_breadth.var,16,Endotherm,0.42071236350858
0.0653596887373756,0.0568928995671627,1.14881978655733,0.250630298692798,ax_thermal,2949,0.982630414607558,Aves,MUSCICAPIDAE,PASSERIFORMES,SES.FDis,63,Endotherm,0.450176714849484
-0.0390048887847868,0.0468349402556767,-0.832816025212271,0.404948495396611,ax_water,2949,0.982630414607558,Aves,MUSCICAPIDAE,PASSERIFORMES,SES.FDis,63,Endotherm,0.607561501187433
0.0800139970713866,0.0256630567192753,3.11786697690181,0.00182165002888568,ax_productivity,2949,0.982630414607558,Aves,MUSCICAPIDAE,PASSERIFORMES,SES.FDis,63,Endotherm,0.0150206230451977
0.00735368806904025,0.0108195136097492,0.679669006785486,0.496714064699188,ax_structure,2949,0.982630414607558,Aves,MUSCICAPIDAE,PASSERIFORMES,SES.FDis,63,Endotherm,0.689643090027947
0.0161805794679466,0.0145133154813787,1.11487822949257,0.264902607097799,ax_human,2949,0.982630414607558,Aves,MUSCICAPIDAE,PASSERIFORMES,SES.FDis,63,Endotherm,0.467136198865881
0.0710112448101072,0.0593684998342279,1.19610980584635,0.231653711508189,ax_thermal,2949,0.982617334700858,Aves,MUSCICAPIDAE,PASSERIFORMES,SES.RaoQ,63,Endotherm,0.429213841296382
-0.0420531738184981,0.0488735206929762,-0.860449037070123,0.38954156467915,ax_water,2949,0.982617334700858,Aves,MUSCICAPIDAE,PASSERIFORMES,SES.RaoQ,63,Endotherm,0.59294188486121
0.0874139503284265,0.0267805419859825,3.26408443765555,0.00109818431699771,ax_productivity,2949,0.982617334700858,Aves,MUSCICAPIDAE,PASSERIFORMES,SES.RaoQ,63,Endotherm,0.0101871045195182
0.00826642732757256,0.0112906912889677,0.732145367896986,0.464079845480552,ax_structure,2949,0.982617334700858,Aves,MUSCICAPIDAE,PASSERIFORMES,SES.RaoQ,63,Endotherm,0.658649695978515
0.0156800082446566,0.0151453279331965,1.03530331689208,0.300527281302841,ax_human,2949,0.982617334700858,Aves,MUSCICAPIDAE,PASSERIFORMES,SES.RaoQ,63,Endotherm,0.508792167342383
-0.178190053109614,0.0533818958911289,-3.33802406480708,0.000843764414009129,ax_thermal,2949,0.981644298762973,Aves,MUSCICAPIDAE,PASSERIFORMES,SES.body_mass.mean,63,Endotherm,0.0080385663767086
-0.0656989552382563,0.0439886325192833,-1.49354393341179,0.135294863076937,ax_water,2949,0.981644298762973,Aves,MUSCICAPIDAE,PASSERIFORMES,SES.body_mass.mean,63,Endotherm,0.308682454593012
0.0436708452263296,0.0241345355527227,1.8094752696164,0.0703771987946718,ax_productivity,2949,0.981644298762973,Aves,MUSCICAPIDAE,PASSERIFORMES,SES.body_mass.mean,63,Endotherm,0.204129141491857
-0.0709788853173141,0.0101783738768696,-6.97349951730637,3.09152703437121e-12,ax_structure,2949,0.981644298762973,Aves,MUSCICAPIDAE,PASSERIFORMES,SES.body_mass.mean,63,Endotherm,7.9836137700795e-10
0.0160902849685804,0.0136514719355884,1.1786483570782,0.238538227536617,ax_human,2949,0.981644298762973,Aves,MUSCICAPIDAE,PASSERIFORMES,SES.body_mass.mean,63,Endotherm,0.43674806966193
0.0550410012059583,0.0486157807370049,1.1321632682135,0.257565799693235,ax_thermal,2949,0.967607426244795,Aves,MUSCICAPIDAE,PASSERIFORMES,SES.body_mass.var,63,Endotherm,0.456602388575293
-0.0630686255471581,0.0407891063107177,-1.54621248788151,0.122053258555707,ax_water,2949,0.967607426244795,Aves,MUSCICAPIDAE,PASSERIFORMES,SES.body_mass.var,63,Endotherm,0.289888203638751
0.0624785137753794,0.022866383079104,2.73233040657287,0.00628880388589059,ax_productivity,2949,0.967607426244795,Aves,MUSCICAPIDAE,PASSERIFORMES,SES.body_mass.var,63,Endotherm,0.0367934169257499
-0.0283781105150674,0.00970334446826166,-2.92457003952487,0.00344932447240209,ax_structure,2949,0.967607426244795,Aves,MUSCICAPIDAE,PASSERIFORMES,SES.body_mass.var,63,Endotherm,0.0244399372165173
0.0225991332058912,0.0129808464987886,1.74095989872465,0.0816906079913862,ax_human,2949,0.967607426244795,Aves,MUSCICAPIDAE,PASSERIFORMES,SES.body_mass.var,63,Endotherm,0.224968275913778
-0.0608723146707344,0.0589822343182786,-1.0320449093579,0.302051079727389,ax_thermal,2949,0.987213362863736,Aves,MUSCICAPIDAE,PASSERIFORMES,SES.habitat_breadth.mean,63,Endotherm,0.509993023425435
-0.160636694939411,0.0483566389337512,-3.32191604878668,0.000894015881039323,ax_water,2949,0.987213362863736,Aves,MUSCICAPIDAE,PASSERIFORMES,SES.habitat_breadth.mean,63,Endotherm,0.00846015028366071
-0.0920589003676842,0.0263521456911429,-3.49341193869559,0.000476890240756145,ax_productivity,2949,0.987213362863736,Aves,MUSCICAPIDAE,PASSERIFORMES,SES.habitat_breadth.mean,63,Endotherm,0.0051329407592837
-0.0508175118850791,0.0110954754516477,-4.58002111820567,4.64928982890633e-06,ax_structure,2949,0.987213362863736,Aves,MUSCICAPIDAE,PASSERIFORMES,SES.habitat_breadth.mean,63,Endotherm,0.000111110146758609
-0.0116776571358313,0.0148915650494196,-0.784179305336778,0.432934906393422,ax_human,2949,0.987213362863736,Aves,MUSCICAPIDAE,PASSERIFORMES,SES.habitat_breadth.mean,63,Endotherm,0.629967201253587
-0.12769475811312,0.0507253094055729,-2.51737760911697,0.0118232038990311,ax_thermal,2949,0.967224029201487,Aves,MUSCICAPIDAE,PASSERIFORMES,SES.habitat_breadth.var,63,Endotherm,0.0589071289669042
-0.10647834163319,0.0425833928921913,-2.50046636496913,0.0124029910086549,ax_water,2949,0.967224029201487,Aves,MUSCICAPIDAE,PASSERIFORMES,SES.habitat_breadth.var,63,Endotherm,0.0600969667429672
0.0105369193464652,0.023887776354152,0.441100887342902,0.659139961145857,ax_productivity,2949,0.967224029201487,Aves,MUSCICAPIDAE,PASSERIFORMES,SES.habitat_breadth.var,63,Endotherm,0.813112288027697
0.00305398351019911,0.0101389098986629,0.30121418778974,0.763251171650266,ax_structure,2949,0.967224029201487,Aves,MUSCICAPIDAE,PASSERIFORMES,SES.habitat_breadth.var,63,Endotherm,0.887208699115313
0.00379699200718814,0.0135623247437482,0.279966162065131,0.779503465900844,ax_human,2949,0.967224029201487,Aves,MUSCICAPIDAE,PASSERIFORMES,SES.habitat_breadth.var,63,Endotherm,0.891402990202912
0.0718894437604375,0.0882654710016896,0.81446847724929,0.415376623669553,ax_thermal,1311,0.964028536746144,Aves,PHASIANIDAE,GALLIFORMES,SES.FDis,57,Endotherm,0.615885748491997
0.0609260185754639,0.0809209026769501,0.752908291429852,0.451505025305666,ax_water,1311,0.964028536746144,Aves,PHASIANIDAE,GALLIFORMES,SES.FDis,57,Endotherm,0.647631826735492
-0.0144887380450855,0.0468391066298826,-0.30932994003438,0.757070558159267,ax_productivity,1311,0.964028536746144,Aves,PHASIANIDAE,GALLIFORMES,SES.FDis,57,Endotherm,0.882935886686986
-0.0613173523050633,0.0198231832476886,-3.09321421988131,0.00198001152195371,ax_structure,1311,0.964028536746144,Aves,PHASIANIDAE,GALLIFORMES,SES.FDis,57,Endotherm,0.016137666161588
0.0480770999866084,0.0301213085845755,1.59611591414151,0.110462916252703,ax_human,1311,0.964028536746144,Aves,PHASIANIDAE,GALLIFORMES,SES.FDis,57,Endotherm,0.272771824722087
0.0886523155494982,0.0855618695468836,1.03611943052415,0.300146428397709,ax_thermal,1311,0.963929111956875,Aves,PHASIANIDAE,GALLIFORMES,SES.RaoQ,57,Endotherm,0.508792167342383
0.060478799267202,0.0784411210820971,0.771008859038417,0.440701680570237,ax_water,1311,0.963929111956875,Aves,PHASIANIDAE,GALLIFORMES,SES.RaoQ,57,Endotherm,0.638632445636211
-0.00930124665261595,0.0454124695157589,-0.204817019461764,0.837715089288983,ax_productivity,1311,0.963929111956875,Aves,PHASIANIDAE,GALLIFORMES,SES.RaoQ,57,Endotherm,0.920088039473184
-0.0566671426074888,0.0192198989679498,-2.94835798575134,0.00319466883623032,ax_structure,1311,0.963929111956875,Aves,PHASIANIDAE,GALLIFORMES,SES.RaoQ,57,Endotherm,0.023339290461579
0.0443821282960967,0.029204330293388,1.51971053094633,0.128583743691379,ax_human,1311,0.963929111956875,Aves,PHASIANIDAE,GALLIFORMES,SES.RaoQ,57,Endotherm,0.301653222014584
-0.188103067702989,0.0654713759128469,-2.87305811250071,0.00406519331785571,ax_thermal,1311,0.957875319765188,Aves,PHASIANIDAE,GALLIFORMES,SES.body_mass.mean,57,Endotherm,0.0274526611134047
-0.0598065181724308,0.0599711529032082,-0.997254767954135,0.318640862998571,ax_water,1311,0.957875319765188,Aves,PHASIANIDAE,GALLIFORMES,SES.body_mass.mean,57,Endotherm,0.52732818876524
0.0150643876507835,0.0351426127509168,0.428664418253607,0.668167458423868,ax_productivity,1311,0.957875319765188,Aves,PHASIANIDAE,GALLIFORMES,SES.body_mass.mean,57,Endotherm,0.817809128800047
0.0706626933886622,0.014898471312193,4.74294925351378,2.10629046670796e-06,ax_structure,1311,0.957875319765188,Aves,PHASIANIDAE,GALLIFORMES,SES.body_mass.mean,57,Endotherm,5.71128761165043e-05
-0.0217691486532069,0.022623608335811,-0.962231503042261,0.3359333277463,ax_human,1311,0.957875319765188,Aves,PHASIANIDAE,GALLIFORMES,SES.body_mass.mean,57,Endotherm,0.545449226595372
-0.104784228005433,0.0589008163846311,-1.77899449340696,0.075240664755637,ax_thermal,1311,0.952410850241631,Aves,PHASIANIDAE,GALLIFORMES,SES.body_mass.var,57,Endotherm,0.210965038059039
-0.103406276385025,0.0539143982882953,-1.91797144488347,0.0551146320032778,ax_water,1311,0.952410850241631,Aves,PHASIANIDAE,GALLIFORMES,SES.body_mass.var,57,Endotherm,0.174632878931734
0.0515338829285822,0.0319596518963187,1.61246696602844,0.106860362762468,ax_productivity,1311,0.952410850241631,Aves,PHASIANIDAE,GALLIFORMES,SES.body_mass.var,57,Endotherm,0.268579521381603
-0.0379735390478636,0.0135723284553691,-2.79786472695049,0.00514416518860927,ax_structure,1311,0.952410850241631,Aves,PHASIANIDAE,GALLIFORMES,SES.body_mass.var,57,Endotherm,0.0316736808556291
0.0200134092631466,0.0205968998554907,0.971670950655782,0.331214272917624,ax_human,1311,0.952410850241631,Aves,PHASIANIDAE,GALLIFORMES,SES.body_mass.var,57,Endotherm,0.539898410189422
-0.0688040971236814,0.0723164315788778,-0.951431031945134,0.341385613651151,ax_thermal,1311,0.926257790300977,Aves,PHASIANIDAE,GALLIFORMES,SES.habitat_breadth.mean,57,Endotherm,0.548981381688824
-0.0634844655280013,0.0660532332985871,-0.961110643002533,0.336496538883385,ax_water,1311,0.926257790300977,Aves,PHASIANIDAE,GALLIFORMES,SES.habitat_breadth.mean,57,Endotherm,0.545449226595372
-0.114753689112767,0.0415396192342938,-2.76251181951206,0.00573584849772102,ax_productivity,1311,0.926257790300977,Aves,PHASIANIDAE,GALLIFORMES,SES.habitat_breadth.mean,57,Endotherm,0.0339812873184312
-0.0385234962630744,0.0178288211503599,-2.1607427624174,0.0307152156779329,ax_structure,1311,0.926257790300977,Aves,PHASIANIDAE,GALLIFORMES,SES.habitat_breadth.mean,57,Endotherm,0.115489210949028
0.0345408835965827,0.0269604894644597,1.2811667845317,0.200135090153381,ax_human,1311,0.926257790300977,Aves,PHASIANIDAE,GALLIFORMES,SES.habitat_breadth.mean,57,Endotherm,0.391931218217039
0.198658402248496,0.0785393137555859,2.52941352233762,0.0114253325607905,ax_thermal,1311,0.95432580884603,Aves,PHASIANIDAE,GALLIFORMES,SES.habitat_breadth.var,57,Endotherm,0.0577409279953927
0.286669063733093,0.0719075929957895,3.98663133877779,6.70180361646011e-05,ax_water,1311,0.95432580884603,Aves,PHASIANIDAE,GALLIFORMES,SES.habitat_breadth.var,57,Endotherm,0.00106174641564143
0.0380743621657922,0.0424515989313397,0.896888765659283,0.369778275397793,ax_productivity,1311,0.95432580884603,Aves,PHASIANIDAE,GALLIFORMES,SES.habitat_breadth.var,57,Endotherm,0.578034776397881
-0.00491651519917276,0.0180167488839871,-0.272885814795502,0.784940990990022,ax_structure,1311,0.95432580884603,Aves,PHASIANIDAE,GALLIFORMES,SES.habitat_breadth.var,57,Endotherm,0.895442392634248
0.0111404587898926,0.0273477671687286,0.407362645775022,0.683741658003375,ax_human,1311,0.95432580884603,Aves,PHASIANIDAE,GALLIFORMES,SES.habitat_breadth.var,57,Endotherm,0.831099773952378
-0.11525880374762,0.117056288498467,-0.9846442700866,0.324798836118765,ax_thermal,684,0.926663589101837,Aves,PICIDAE,PICIFORMES,SES.FDis,20,Endotherm,0.532398589404184
-0.053799964783271,0.143117447338703,-0.375914787356062,0.706980246752891,ax_water,684,0.926663589101837,Aves,PICIDAE,PICIFORMES,SES.FDis,20,Endotherm,0.846987279141386
0.000736212316278851,0.0656286011871868,0.0112178578083512,0.991049632169374,ax_productivity,684,0.926663589101837,Aves,PICIDAE,PICIFORMES,SES.FDis,20,Endotherm,0.99496048931763
-0.0774691010502677,0.0450504335099409,-1.71960833702462,0.0855036596958017,ax_structure,684,0.926663589101837,Aves,PICIDAE,PICIFORMES,SES.FDis,20,Endotherm,0.231846461867462
0.102014236852805,0.0478539475129964,2.13178310577408,0.0330246811091415,ax_human,684,0.926663589101837,Aves,PICIDAE,PICIFORMES,SES.FDis,20,Endotherm,0.121579113221644
-0.0837679491289331,0.110974086105502,-0.754842432757639,0.450343530246911,ax_thermal,684,0.916205967715874,Aves,PICIDAE,PICIFORMES,SES.RaoQ,20,Endotherm,0.646623602493019
-0.0929889372022258,0.141520228941811,-0.657071698495203,0.511134815660456,ax_water,684,0.916205967715874,Aves,PICIDAE,PICIFORMES,SES.RaoQ,20,Endotherm,0.700212277044214
0.0439476563338548,0.0646934774351872,0.67932128672297,0.496934311679712,ax_productivity,684,0.916205967715874,Aves,PICIDAE,PICIFORMES,SES.RaoQ,20,Endotherm,0.689643090027947
-0.0843686890455578,0.0449532876840641,-1.87680797984141,0.060544416379515,ax_structure,684,0.916205967715874,Aves,PICIDAE,PICIFORMES,SES.RaoQ,20,Endotherm,0.185581798032861
0.11474815722244,0.0475909388406852,2.41113455665519,0.0159029801042851,ax_human,684,0.916205967715874,Aves,PICIDAE,PICIFORMES,SES.RaoQ,20,Endotherm,0.0713059560367789
-0.143886103513942,0.098021891079594,-1.46789764948634,0.14213202677361,ax_thermal,684,0.974712675685154,Aves,PICIDAE,PICIFORMES,SES.body_mass.mean,20,Endotherm,0.317098350871503
0.245588817465947,0.0974870588204468,2.51919403905985,0.0117623816342105,ax_water,684,0.974712675685154,Aves,PICIDAE,PICIFORMES,SES.body_mass.mean,20,Endotherm,0.0588119081710525
-0.0087807177162127,0.0465573468332644,-0.188600045179959,0.850406297399818,ax_productivity,684,0.974712675685154,Aves,PICIDAE,PICIFORMES,SES.body_mass.mean,20,Endotherm,0.925210555041469
0.0862888555660462,0.0299268544359198,2.883325267305,0.00393500888447629,ax_structure,684,0.974712675685154,Aves,PICIDAE,PICIFORMES,SES.body_mass.mean,20,Endotherm,0.0269337986752989
0.00135567902459459,0.032486730156738,0.0417302393332253,0.966713747449133,ax_human,684,0.974712675685154,Aves,PICIDAE,PICIFORMES,SES.body_mass.mean,20,Endotherm,0.982767956217441
0.426741376980127,0.0649815213001943,6.56711890459929,5.12980768974103e-11,ax_thermal,684,0.852983630029189,Aves,PICIDAE,PICIFORMES,SES.body_mass.var,20,Endotherm,6.57548076594077e-09
0.1367173862618,0.0990039538037957,1.38092854890163,0.167300930941559,ax_water,684,0.852983630029189,Aves,PICIDAE,PICIFORMES,SES.body_mass.var,20,Endotherm,0.355798359920962
0.0168711370128737,0.046217562257201,0.36503736218249,0.715083516799492,ax_productivity,684,0.852983630029189,Aves,PICIDAE,PICIFORMES,SES.body_mass.var,20,Endotherm,0.855188938666059
0.0116436496210868,0.0338896000428852,0.343575893676895,0.731165256313723,ax_structure,684,0.852983630029189,Aves,PICIDAE,PICIFORMES,SES.body_mass.var,20,Endotherm,0.86706729302132
-0.00690759164874747,0.0354661661100587,-0.194765671240354,0.845576397973466,ax_human,684,0.852983630029189,Aves,PICIDAE,PICIFORMES,SES.body_mass.var,20,Endotherm,0.924233380093527
-0.171299158960077,0.0671992156432057,-2.54912438070096,0.0107993776253283,ax_thermal,684,0.945780008273251,Aves,PICIDAE,PICIFORMES,SES.habitat_breadth.mean,20,Endotherm,0.05598206783718
-0.0407060715382153,0.0755082431120614,-0.539094406921952,0.589821714665289,ax_water,684,0.945780008273251,Aves,PICIDAE,PICIFORMES,SES.habitat_breadth.mean,20,Endotherm,0.762980383190878
0.03108239632786,0.0350525832373475,0.886736253285394,0.375220915149773,ax_productivity,684,0.945780008273251,Aves,PICIDAE,PICIFORMES,SES.habitat_breadth.mean,20,Endotherm,0.582053982398179
-0.083160563879699,0.0234604047253849,-3.54471991652031,0.000393030482216838,ax_structure,684,0.945780008273251,Aves,PICIDAE,PICIFORMES,SES.habitat_breadth.mean,20,Endotherm,0.0045054713815101
0.0242701067223426,0.0251124618662403,0.966456687982866,0.333815709770287,ax_human,684,0.945780008273251,Aves,PICIDAE,PICIFORMES,SES.habitat_breadth.mean,20,Endotherm,0.543240532564912
-0.407785611599715,0.107273646856521,-3.8013587078393,0.000143904791465532,ax_thermal,684,0.914447540449663,Aves,PICIDAE,PICIFORMES,SES.habitat_breadth.var,20,Endotherm,0.0019699587957903
-0.188135870981167,0.137724560624701,-1.36602992325993,0.171929571502268,ax_water,684,0.914447540449663,Aves,PICIDAE,PICIFORMES,SES.habitat_breadth.var,20,Endotherm,0.358610496772482
0.0408801880407315,0.0629404102738653,0.649506221247277,0.516011226567178,ax_productivity,684,0.914447540449663,Aves,PICIDAE,PICIFORMES,SES.habitat_breadth.var,20,Endotherm,0.701139153141501
-0.0797235694165423,0.0438197435978025,-1.81935271343168,0.0688576360069138,ax_structure,684,0.914447540449663,Aves,PICIDAE,PICIFORMES,SES.habitat_breadth.var,20,Endotherm,0.202466896728585
0.0789111132426814,0.0463672999022204,1.70186992576858,0.0887797545950491,ax_human,684,0.914447540449663,Aves,PICIDAE,PICIFORMES,SES.habitat_breadth.var,20,Endotherm,0.239132507849801
-0.247150996918201,0.176659955178587,-1.39902105527171,0.161806669223037,ax_thermal,585,0.974120637004531,Aves,PYCNONOTIDAE,PASSERIFORMES,SES.FDis,16,Endotherm,0.346728576906507
-0.16463498252227,0.129511113910919,-1.2712035094958,0.203656258387284,ax_water,585,0.974120637004531,Aves,PYCNONOTIDAE,PASSERIFORMES,SES.FDis,16,Endotherm,0.396623376140981
0.00970649968494121,0.0702058769629188,0.138257651707249,0.890036793058059,ax_productivity,585,0.974120637004531,Aves,PYCNONOTIDAE,PASSERIFORMES,SES.FDis,16,Endotherm,0.940262351977581
0.00064348096226469,0.0416054913305988,0.0154662507684759,0.987660209256717,ax_structure,585,0.974120637004531,Aves,PYCNONOTIDAE,PASSERIFORMES,SES.FDis,16,Endotherm,0.994714925037122
-0.011802165333613,0.0463444411149753,-0.254661941101699,0.798984213824797,ax_human,585,0.974120637004531,Aves,PYCNONOTIDAE,PASSERIFORMES,SES.FDis,16,Endotherm,0.902164799229353
-0.16541996510847,0.159798519890385,-1.03517833095038,0.300585636482888,ax_thermal,585,0.971124750067198,Aves,PYCNONOTIDAE,PASSERIFORMES,SES.RaoQ,16,Endotherm,0.508792167342383
-0.100643307579005,0.117140537304522,-0.859167201165978,0.390248275993761,ax_water,585,0.971124750067198,Aves,PYCNONOTIDAE,PASSERIFORMES,SES.RaoQ,16,Endotherm,0.59294188486121
-0.0185311333729206,0.0639553316543327,-0.289751188737135,0.772006592334529,ax_productivity,585,0.971124750067198,Aves,PYCNONOTIDAE,PASSERIFORMES,SES.RaoQ,16,Endotherm,0.890427721232876
0.00220261479197887,0.0378963658118631,0.058122058534947,0.953651403922137,ax_structure,585,0.971124750067198,Aves,PYCNONOTIDAE,PASSERIFORMES,SES.RaoQ,16,Endotherm,0.977215464774864
-0.0122819425398904,0.0421734359028318,-0.291224612767812,0.770879539720386,ax_human,585,0.971124750067198,Aves,PYCNONOTIDAE,PASSERIFORMES,SES.RaoQ,16,Endotherm,0.890358043609022
0.00558553920324617,0.138163105810737,0.0404271398682768,0.967752593445219,ax_thermal,585,0.91460055058168,Aves,PYCNONOTIDAE,PASSERIFORMES,SES.body_mass.mean,16,Endotherm,0.982767956217441
-0.184351930344797,0.100332341279478,-1.83741282216549,0.0661489753659841,ax_water,585,0.91460055058168,Aves,PYCNONOTIDAE,PASSERIFORMES,SES.body_mass.mean,16,Endotherm,0.197307053837297
-0.0423197244399139,0.0648673863831552,-0.652403723959865,0.514140762639046,ax_productivity,585,0.91460055058168,Aves,PYCNONOTIDAE,PASSERIFORMES,SES.body_mass.mean,16,Endotherm,0.700212277044214
-0.0797585967391652,0.0382970381969719,-2.08263094208344,0.0372848765562877,ax_structure,585,0.91460055058168,Aves,PYCNONOTIDAE,PASSERIFORMES,SES.body_mass.mean,16,Endotherm,0.13208963805117
0.0286750560077926,0.0419159979337884,0.684107677767529,0.493907174006221,ax_human,585,0.91460055058168,Aves,PYCNONOTIDAE,PASSERIFORMES,SES.body_mass.mean,16,Endotherm,0.686793999357762
-0.432542675439231,0.192309114849289,-2.24920527442607,0.0244994390621258,ax_thermal,585,0.958147927493949,Aves,PYCNONOTIDAE,PASSERIFORMES,SES.body_mass.var,16,Endotherm,0.0981369576068108
0.138583717298333,0.14083345947838,0.984025513621692,0.325102968423406,ax_water,585,0.958147927493949,Aves,PYCNONOTIDAE,PASSERIFORMES,SES.body_mass.var,16,Endotherm,0.532398589404184
0.080916708166561,0.0795961179974521,1.0165911378888,0.309347971785018,ax_productivity,585,0.958147927493949,Aves,PYCNONOTIDAE,PASSERIFORMES,SES.body_mass.var,16,Endotherm,0.516148000726654
0.0405453428933424,0.0471337201922508,0.86021945070248,0.389668084683078,ax_structure,585,0.958147927493949,Aves,PYCNONOTIDAE,PASSERIFORMES,SES.body_mass.var,16,Endotherm,0.59294188486121
0.018017176400235,0.052233014647968,0.344938474672855,0.730140625088995,ax_human,585,0.958147927493949,Aves,PYCNONOTIDAE,PASSERIFORMES,SES.body_mass.var,16,Endotherm,0.86706729302132
-0.0812702668724205,0.151335686483752,-0.53701984482785,0.59125390629185,ax_thermal,585,0.949953400457971,Aves,PYCNONOTIDAE,PASSERIFORMES,SES.habitat_breadth.mean,16,Endotherm,0.764131996215865
0.00444284057942095,0.110706385276282,0.0401317464058941,0.967988092209305,ax_water,585,0.949953400457971,Aves,PYCNONOTIDAE,PASSERIFORMES,SES.habitat_breadth.mean,16,Endotherm,0.982767956217441
0.0690537011235775,0.0640929691388328,1.07739900415597,0.281302048837119,ax_productivity,585,0.949953400457971,Aves,PYCNONOTIDAE,PASSERIFORMES,SES.habitat_breadth.mean,16,Endotherm,0.486073393211199
-0.0266801323528759,0.0379354405288427,-0.703303612161581,0.481866560096615,ax_structure,585,0.949953400457971,Aves,PYCNONOTIDAE,PASSERIFORMES,SES.habitat_breadth.mean,16,Endotherm,0.677467069472877
0.0196483452367434,0.0419277441615347,0.468623953653324,0.639338452442174,ax_human,585,0.949953400457971,Aves,PYCNONOTIDAE,PASSERIFORMES,SES.habitat_breadth.mean,16,Endotherm,0.799173065552718
0.279361845290075,0.156051036937299,1.79019537949192,0.0734225076396442,ax_thermal,585,0.959913264485277,Aves,PYCNONOTIDAE,PASSERIFORMES,SES.habitat_breadth.var,16,Endotherm,0.208721241475601
-0.191813135858341,0.114302485186004,-1.67811868260086,0.0933239322244728,ax_water,585,0.959913264485277,Aves,PYCNONOTIDAE,PASSERIFORMES,SES.habitat_breadth.var,16,Endotherm,0.246417124412934
-0.0794937301927425,0.0642795034295274,-1.23668861692274,0.216202706291603,ax_productivity,585,0.959913264485277,Aves,PYCNONOTIDAE,PASSERIFORMES,SES.habitat_breadth.var,16,Endotherm,0.413070211207534
-0.0086299738228025,0.0380674557876759,-0.226702143451268,0.820655360276692,ax_structure,585,0.959913264485277,Aves,PYCNONOTIDAE,PASSERIFORMES,SES.habitat_breadth.var,16,Endotherm,0.914000045805795
-0.0369741997673493,0.0422103239287639,-0.875951575963942,0.381056359280461,ax_human,585,0.959913264485277,Aves,PYCNONOTIDAE,PASSERIFORMES,SES.habitat_breadth.var,16,Endotherm,0.586992757175366
0.110359285586502,0.17305625843155,0.637707567392905,0.523664058581681,ax_thermal,384,0.960214152662885,Aves,SCOLOPACIDAE,CHARADRIIFORMES,SES.FDis,16,Endotherm,0.706570643636527
-0.0187486821416928,0.227429362429787,-0.0824373860146617,0.934298907469848,ax_water,384,0.960214152662885,Aves,SCOLOPACIDAE,CHARADRIIFORMES,SES.FDis,16,Endotherm,0.96439345500182
0.000736793767937446,0.0686606099838061,0.0107309528434312,0.991438102725695,ax_productivity,384,0.960214152662885,Aves,SCOLOPACIDAE,CHARADRIIFORMES,SES.FDis,16,Endotherm,0.99496048931763
-0.0497771868159046,0.0369895347601594,-1.34570999983267,0.17839606015147,ax_structure,384,0.960214152662885,Aves,SCOLOPACIDAE,CHARADRIIFORMES,SES.FDis,16,Endotherm,0.366674117804042
-0.00912185052584083,0.0563597957652628,-0.161850311946358,0.871423732113007,ax_human,384,0.960214152662885,Aves,SCOLOPACIDAE,CHARADRIIFORMES,SES.FDis,16,Endotherm,0.936672912116853
0.110598724495204,0.160130705906033,0.69067780516814,0.489768040236127,ax_thermal,384,0.962460021017368,Aves,SCOLOPACIDAE,CHARADRIIFORMES,SES.RaoQ,16,Endotherm,0.683735580923702
-0.0165382052331405,0.2106752644936,-0.0785009349478847,0.937429586538661,ax_water,384,0.962460021017368,Aves,SCOLOPACIDAE,CHARADRIIFORMES,SES.RaoQ,16,Endotherm,0.965238462826684
-0.00637278235224423,0.063498206719582,-0.100361611476485,0.920057245449225,ax_productivity,384,0.962460021017368,Aves,SCOLOPACIDAE,CHARADRIIFORMES,SES.RaoQ,16,Endotherm,0.956696693276849
-0.0531174965016075,0.0341395031917103,-1.55589541544663,0.119732963750952,ax_structure,384,0.962460021017368,Aves,SCOLOPACIDAE,CHARADRIIFORMES,SES.RaoQ,16,Endotherm,0.286141489642105
-0.0180860464622098,0.0520693966206981,-0.347345036355203,0.728332120303552,ax_human,384,0.962460021017368,Aves,SCOLOPACIDAE,CHARADRIIFORMES,SES.RaoQ,16,Endotherm,0.866623029221947
0.164459324795695,0.151417751944029,1.08612974822454,0.277421592720304,ax_thermal,384,0.944746061323398,Aves,SCOLOPACIDAE,CHARADRIIFORMES,SES.body_mass.mean,16,Endotherm,0.482324324447031
0.363625562954487,0.197214041354433,1.84381173093542,0.0652105824999536,ax_water,384,0.944746061323398,Aves,SCOLOPACIDAE,CHARADRIIFORMES,SES.body_mass.mean,16,Endotherm,0.195452381857224
-0.057897197627365,0.0602904453151679,-0.960304693798623,0.336901888421225,ax_productivity,384,0.944746061323398,Aves,SCOLOPACIDAE,CHARADRIIFORMES,SES.body_mass.mean,16,Endotherm,0.545449226595372
-0.00974969060383043,0.0329848302185929,-0.295581045566053,0.767550050611337,ax_structure,384,0.944746061323398,Aves,SCOLOPACIDAE,CHARADRIIFORMES,SES.body_mass.mean,16,Endotherm,0.890004581712159
-0.0408581976307439,0.0498807833280576,-0.819117000669905,0.412719663213655,ax_human,384,0.944746061323398,Aves,SCOLOPACIDAE,CHARADRIIFORMES,SES.body_mass.mean,16,Endotherm,0.614503405629624
0.209513257783366,0.168388415408558,1.24422607858758,0.213416368308102,ax_thermal,384,0.955745778893844,Aves,SCOLOPACIDAE,CHARADRIIFORMES,SES.body_mass.var,16,Endotherm,0.409410992264522
0.143040356631938,0.220773949366146,0.647904143775179,0.517046950449642,ax_water,384,0.955745778893844,Aves,SCOLOPACIDAE,CHARADRIIFORMES,SES.body_mass.var,16,Endotherm,0.701139153141501
0.0466809004102725,0.0668791027361508,0.697989334492665,0.485183864101451,ax_productivity,384,0.955745778893844,Aves,SCOLOPACIDAE,CHARADRIIFORMES,SES.body_mass.var,16,Endotherm,0.678679809903816
-0.0156478770699235,0.0361811417399151,-0.432487100114389,0.66538742585444,ax_structure,384,0.955745778893844,Aves,SCOLOPACIDAE,CHARADRIIFORMES,SES.body_mass.var,16,Endotherm,0.815822843873705
0.00614816496542145,0.0550142602291663,0.111755841845565,0.911017001213605,ax_human,384,0.955745778893844,Aves,SCOLOPACIDAE,CHARADRIIFORMES,SES.body_mass.var,16,Endotherm,0.949143165625064
0.0842100101014301,0.172710533749567,0.487578888636497,0.62584815210851,ax_thermal,384,0.92673751182761,Aves,SCOLOPACIDAE,CHARADRIIFORMES,SES.habitat_breadth.mean,16,Endotherm,0.789175129438643
-0.302572805774912,0.222077829938986,-1.362462907072,0.173051842611081,ax_water,384,0.92673751182761,Aves,SCOLOPACIDAE,CHARADRIIFORMES,SES.habitat_breadth.mean,16,Endotherm,0.358915898536581
0.121256911520877,0.0690406758668608,1.75631118899692,0.0790352877994671,ax_productivity,384,0.92673751182761,Aves,SCOLOPACIDAE,CHARADRIIFORMES,SES.habitat_breadth.mean,16,Endotherm,0.218719112013656
0.033779701145141,0.0385522941467576,0.87620469527835,0.380918764475123,ax_structure,384,0.92673751182761,Aves,SCOLOPACIDAE,CHARADRIIFORMES,SES.habitat_breadth.mean,16,Endotherm,0.586992757175366
0.144881974165294,0.0577275453322491,2.509754629812,0.0120815077895986,ax_human,384,0.92673751182761,Aves,SCOLOPACIDAE,CHARADRIIFORMES,SES.habitat_breadth.mean,16,Endotherm,0.0593203323855716
-0.0294178359527271,0.153742320841812,-0.191345075263925,0.848255248481075,ax_thermal,384,0.921366563855184,Aves,SCOLOPACIDAE,CHARADRIIFORMES,SES.habitat_breadth.var,16,Endotherm,0.924663596732113
0.0418564743834712,0.196861716849245,0.212618659703779,0.831624415875615,ax_water,384,0.921366563855184,Aves,SCOLOPACIDAE,CHARADRIIFORMES,SES.habitat_breadth.var,16,Endotherm,0.918809680389213
-0.0415645219435878,0.0615289514762074,-0.675527876655925,0.499340446520132,ax_productivity,384,0.921366563855184,Aves,SCOLOPACIDAE,CHARADRIIFORMES,SES.habitat_breadth.var,16,Endotherm,0.690942129139731
-0.0600834510981517,0.0345796661725726,-1.73753704845791,0.0822924204725619,ax_structure,384,0.921366563855184,Aves,SCOLOPACIDAE,CHARADRIIFORMES,SES.habitat_breadth.var,16,Endotherm,0.226183845743299
-0.0234736627093168,0.0516181709511442,-0.45475580162525,0.649284930860014,ax_human,384,0.921366563855184,Aves,SCOLOPACIDAE,CHARADRIIFORMES,SES.habitat_breadth.var,16,Endotherm,0.805890627211813
-0.341982531832936,0.0735655887327641,-4.64867525325229,3.3407370443328e-06,ax_thermal,1684,0.978508010785549,Aves,STRIGIDAE,STRIGIFORMES,SES.FDis,22,Endotherm,8.4114986294808e-05
-0.023847298724522,0.0450186743800491,-0.529720145093619,0.596305978503143,ax_water,1684,0.978508010785549,Aves,STRIGIDAE,STRIGIFORMES,SES.FDis,22,Endotherm,0.766845314209703
-0.0558732968209073,0.0310554509718225,-1.79914620694456,0.0719955560493883,ax_productivity,1684,0.978508010785549,Aves,STRIGIDAE,STRIGIFORMES,SES.FDis,22,Endotherm,0.206369610054906
-0.0738313169252356,0.0170335409781703,-4.33446674533827,1.46113872796505e-05,ax_structure,1684,0.978508010785549,Aves,STRIGIDAE,STRIGIFORMES,SES.FDis,22,Endotherm,0.000286139667559822
0.00835670210410188,0.0188741648494041,0.442758774800345,0.65794022489305,ax_human,1684,0.978508010785549,Aves,STRIGIDAE,STRIGIFORMES,SES.FDis,22,Endotherm,0.813112288027697
-0.27361800620944,0.0757365322414478,-3.6127612145899,0.0003029536658119,ax_thermal,1684,0.97618194405113,Aves,STRIGIDAE,STRIGIFORMES,SES.RaoQ,22,Endotherm,0.00365098007516905
-0.00186454464639935,0.0466690226250512,-0.0399525111416944,0.968130986656756,ax_water,1684,0.97618194405113,Aves,STRIGIDAE,STRIGIFORMES,SES.RaoQ,22,Endotherm,0.982767956217441
-0.0497752953671913,0.0321977800735268,-1.54592320506335,0.122123115575474,ax_productivity,1684,0.97618194405113,Aves,STRIGIDAE,STRIGIFORMES,SES.RaoQ,22,Endotherm,0.289888203638751
-0.0883270489891326,0.0176878205959365,-4.99366490688085,5.92441538493915e-07,ax_structure,1684,0.97618194405113,Aves,STRIGIDAE,STRIGIFORMES,SES.RaoQ,22,Endotherm,1.94265713785214e-05
0.00623621743876391,0.0195855733516887,0.318408724972363,0.750174920842818,ax_human,1684,0.97618194405113,Aves,STRIGIDAE,STRIGIFORMES,SES.RaoQ,22,Endotherm,0.880610614135956
-0.259784181640324,0.0544002939101696,-4.77541871500368,1.79333718963726e-06,ax_thermal,1684,0.941909948680162,Aves,STRIGIDAE,STRIGIFORMES,SES.body_mass.mean,22,Endotherm,5.05721087477706e-05
-0.0416735485881109,0.0384235491772379,-1.08458352964432,0.278106153032224,ax_water,1684,0.941909948680162,Aves,STRIGIDAE,STRIGIFORMES,SES.body_mass.mean,22,Endotherm,0.482324324447031
-0.140277340509909,0.0266866756728429,-5.25645615173639,1.46857770610964e-07,ax_productivity,1684,0.941909948680162,Aves,STRIGIDAE,STRIGIFORMES,SES.body_mass.mean,22,Endotherm,6.90231521871532e-06
-0.0530064745525839,0.0150765970694022,-3.51581157926943,0.000438412000277388,ax_structure,1684,0.941909948680162,Aves,STRIGIDAE,STRIGIFORMES,SES.body_mass.mean,22,Endotherm,0.0048674088219773
-0.0196710243171403,0.0165042320155868,-1.19187759227832,0.233309245559883,ax_human,1684,0.941909948680162,Aves,STRIGIDAE,STRIGIFORMES,SES.body_mass.mean,22,Endotherm,0.430068644949511
-0.358497549638943,0.0700011599279047,-5.12130870414385,3.03422446945589e-07,ax_thermal,1684,0.972478705917861,Aves,STRIGIDAE,STRIGIFORMES,SES.body_mass.var,22,Endotherm,1.15628554106292e-05
-0.0415303258932209,0.0436569822810034,-0.95128714178882,0.341458632440495,ax_water,1684,0.972478705917861,Aves,STRIGIDAE,STRIGIFORMES,SES.body_mass.var,22,Endotherm,0.548981381688824
-0.024082348716148,0.0301256271693334,-0.799397422692094,0.42406000442062,ax_productivity,1684,0.972478705917861,Aves,STRIGIDAE,STRIGIFORMES,SES.body_mass.var,22,Endotherm,0.6208978257872
0.0122801410174705,0.0165935622085319,0.740054538208582,0.459266902381291,ax_structure,1684,0.972478705917861,Aves,STRIGIDAE,STRIGIFORMES,SES.body_mass.var,22,Endotherm,0.656095574830416
0.00521736202318565,0.0183528561470865,0.284280658082416,0.776195307553288,ax_human,1684,0.972478705917861,Aves,STRIGIDAE,STRIGIFORMES,SES.body_mass.var,22,Endotherm,0.890427721232876
-0.157384919888446,0.0550951488760762,-2.85660213465339,0.00428202214627027,ax_thermal,1684,0.982724555567947,Aves,STRIGIDAE,STRIGIFORMES,SES.habitat_breadth.mean,22,Endotherm,0.0283457804048877
0.0198675836007592,0.0333429653792846,0.595855328845544,0.551271877764063,ax_water,1684,0.982724555567947,Aves,STRIGIDAE,STRIGIFORMES,SES.habitat_breadth.mean,22,Endotherm,0.729532292786157
0.0277137630622458,0.0229952964963143,1.20519268219428,0.22812892672085,ax_productivity,1684,0.982724555567947,Aves,STRIGIDAE,STRIGIFORMES,SES.habitat_breadth.mean,22,Endotherm,0.426916459039093
-0.0166853416565579,0.0125798147603224,-1.32635829497144,0.18472104599384,ax_structure,1684,0.982724555567947,Aves,STRIGIDAE,STRIGIFORMES,SES.habitat_breadth.mean,22,Endotherm,0.375947318021056
0.0185858799749111,0.0139557780011819,1.33176953469288,0.182935931852599,ax_human,1684,0.982724555567947,Aves,STRIGIDAE,STRIGIFORMES,SES.habitat_breadth.mean,22,Endotherm,0.37545802607302
-0.450044960287152,0.0615582255059183,-7.31088260891933,2.65343302885412e-13,ax_thermal,1684,0.952404361460879,Aves,STRIGIDAE,STRIGIFORMES,SES.habitat_breadth.var,22,Endotherm,1.24711352356144e-10
0.00347023598975307,0.0415597409447206,0.0834999427539478,0.933454022910342,ax_water,1684,0.952404361460879,Aves,STRIGIDAE,STRIGIFORMES,SES.habitat_breadth.var,22,Endotherm,0.96439345500182
-0.0689747526983211,0.028759476771223,-2.39833127866004,0.016469962140806,ax_productivity,1684,0.952404361460879,Aves,STRIGIDAE,STRIGIFORMES,SES.habitat_breadth.var,22,Endotherm,0.0729301990860994
-0.0706019607282881,0.016103176452505,-4.38434994092766,1.16332639854555e-05,ax_structure,1684,0.952404361460879,Aves,STRIGIDAE,STRIGIFORMES,SES.habitat_breadth.var,22,Endotherm,0.000234327174564175
0.00389819216903018,0.0176911936564874,0.220346475468076,0.825601327293619,ax_human,1684,0.952404361460879,Aves,STRIGIDAE,STRIGIFORMES,SES.habitat_breadth.var,22,Endotherm,0.914452373514535
0.033987344002257,0.062002012996607,0.548165170123056,0.583578495351547,ax_thermal,2193,0.963019883361947,Aves,SYLVIIDAE,PASSERIFORMES,SES.FDis,60,Endotherm,0.757192419661108
0.254669817053865,0.0687599537193874,3.70375201375476,0.000212433935081302,ax_water,2193,0.963019883361947,Aves,SYLVIIDAE,PASSERIFORMES,SES.FDis,60,Endotherm,0.00272301680422396
0.0706759225498119,0.032256552542389,2.19105629645125,0.0284477188069674,ax_productivity,2193,0.963019883361947,Aves,SYLVIIDAE,PASSERIFORMES,SES.FDis,60,Endotherm,0.109295050457286
0.0311739022043389,0.0122791948252105,2.53875784594081,0.0111246793186197,ax_structure,2193,0.963019883361947,Aves,SYLVIIDAE,PASSERIFORMES,SES.FDis,60,Endotherm,0.0570392648700138
0.0159136929170285,0.0193920228998665,0.820630885142883,0.411856549800151,ax_human,2193,0.963019883361947,Aves,SYLVIIDAE,PASSERIFORMES,SES.FDis,60,Endotherm,0.613866527714813
0.0195895510620507,0.0613557572367552,0.31927812391688,0.74951561985861,ax_thermal,2193,0.961628462724559,Aves,SYLVIIDAE,PASSERIFORMES,SES.RaoQ,60,Endotherm,0.880610614135956
0.263317611659852,0.0680707192105359,3.86829483680696,0.000109599095885926,ax_water,2193,0.961628462724559,Aves,SYLVIIDAE,PASSERIFORMES,SES.RaoQ,60,Endotherm,0.00156095682019349
0.0754656868957547,0.0320244942809837,2.35649894214151,0.0184481201915259,ax_productivity,2193,0.961628462724559,Aves,SYLVIIDAE,PASSERIFORMES,SES.RaoQ,60,Endotherm,0.0785856479457748
0.0248525013489819,0.0122051035107898,2.03623847409497,0.0417264146030969,ax_structure,2193,0.961628462724559,Aves,SYLVIIDAE,PASSERIFORMES,SES.RaoQ,60,Endotherm,0.143149013601865
0.0152838930354985,0.0192651046703321,0.793345963961227,0.427576284051995,ax_human,2193,0.961628462724559,Aves,SYLVIIDAE,PASSERIFORMES,SES.RaoQ,60,Endotherm,0.625396847005512
-0.0347779562997642,0.064309642968765,-0.540789136656469,0.588652931376539,ax_thermal,2193,0.975529234691257,Aves,SYLVIIDAE,PASSERIFORMES,SES.body_mass.mean,60,Endotherm,0.762167707291938
0.0351597098370976,0.0711330000046419,0.494281273597391,0.621107548449506,ax_water,2193,0.975529234691257,Aves,SYLVIIDAE,PASSERIFORMES,SES.body_mass.mean,60,Endotherm,0.786923727678917
-0.0161142960145241,0.0325828400858608,-0.494563886145606,0.620907999678409,ax_productivity,2193,0.975529234691257,Aves,SYLVIIDAE,PASSERIFORMES,SES.body_mass.mean,60,Endotherm,0.786923727678917
-0.0112245643501595,0.0122915302155212,-0.913195033762809,0.36113997540689,ax_structure,2193,0.975529234691257,Aves,SYLVIIDAE,PASSERIFORMES,SES.body_mass.mean,60,Endotherm,0.568311791655933
0.0256515807324474,0.0194907581334056,1.3160894284806,0.188144028757155,ax_human,2193,0.975529234691257,Aves,SYLVIIDAE,PASSERIFORMES,SES.body_mass.mean,60,Endotherm,0.378975829353697
0.108556855476102,0.0600702414048591,1.80716529411717,0.0707365104843629,ax_thermal,2193,0.970147966711331,Aves,SYLVIIDAE,PASSERIFORMES,SES.body_mass.var,60,Endotherm,0.20438213070277
0.100631852986265,0.0665030470205806,1.51319161293651,0.13023099402694,ax_water,2193,0.970147966711331,Aves,SYLVIIDAE,PASSERIFORMES,SES.body_mass.var,60,Endotherm,0.301653222014584
0.058733927300128,0.0307620728201914,1.90929680335379,0.0562238144572034,ax_productivity,2193,0.970147966711331,Aves,SYLVIIDAE,PASSERIFORMES,SES.body_mass.var,60,Endotherm,0.175929167183736
0.0181892573344068,0.0116461617494396,1.56182420661313,0.118329407593711,ax_structure,2193,0.970147966711331,Aves,SYLVIIDAE,PASSERIFORMES,SES.body_mass.var,60,Endotherm,0.284717516565072
0.00314425928198998,0.0184374245163922,0.170536794832408,0.864588000061436,ax_human,2193,0.970147966711331,Aves,SYLVIIDAE,PASSERIFORMES,SES.body_mass.var,60,Endotherm,0.936304977025058
-0.179039772593735,0.0639617245384715,-2.7991705021344,0.00512340762135177,ax_thermal,2193,0.973363588317569,Aves,SYLVIIDAE,PASSERIFORMES,SES.habitat_breadth.mean,60,Endotherm,0.0316736808556291
-0.163882036395188,0.0707704397134639,-2.31568486869257,0.0205754811759327,ax_water,2193,0.973363588317569,Aves,SYLVIIDAE,PASSERIFORMES,SES.habitat_breadth.mean,60,Endotherm,0.0848287381814768
-0.0449668816432579,0.0325415966391882,-1.38182776161347,0.167024592738237,ax_productivity,2193,0.973363588317569,Aves,SYLVIIDAE,PASSERIFORMES,SES.habitat_breadth.mean,60,Endotherm,0.355747244351834
-0.0592469570066541,0.0122928593056181,-4.81962377781197,1.4382919482081e-06,ax_structure,2193,0.973363588317569,Aves,SYLVIIDAE,PASSERIFORMES,SES.habitat_breadth.mean,60,Endotherm,4.31487584462431e-05
0.00609186018050613,0.0194806165865054,0.312713930457729,0.754498011037575,ax_human,2193,0.973363588317569,Aves,SYLVIIDAE,PASSERIFORMES,SES.habitat_breadth.mean,60,Endotherm,0.881966720180393
-0.0539743405102124,0.048501061364244,-1.11284864685463,0.265773438389409,ax_thermal,2193,0.974922771115424,Aves,SYLVIIDAE,PASSERIFORMES,SES.habitat_breadth.var,60,Endotherm,0.467840884056262
0.172524483392893,0.0536515058859583,3.21565034464478,0.0013014930145856,ax_water,2193,0.974922771115424,Aves,SYLVIIDAE,PASSERIFORMES,SES.habitat_breadth.var,60,Endotherm,0.0116610184101788
0.0191406742284942,0.0246014533269605,0.778030223422538,0.43655119587506,ax_productivity,2193,0.974922771115424,Aves,SYLVIIDAE,PASSERIFORMES,SES.habitat_breadth.var,60,Endotherm,0.633920892053382
0.0100696271449741,0.00928413130135573,1.08460628335832,0.278096070908004,ax_structure,2193,0.974922771115424,Aves,SYLVIIDAE,PASSERIFORMES,SES.habitat_breadth.var,60,Endotherm,0.482324324447031
0.0155754689006464,0.0147193666800868,1.05816162061632,0.28998176524216,ax_human,2193,0.974922771115424,Aves,SYLVIIDAE,PASSERIFORMES,SES.habitat_breadth.var,60,Endotherm,0.497413976875238
-0.0995631350677855,0.123016259973929,-0.809349390795057,0.418314203962572,ax_thermal,1094,0.884691706673702,Aves,TIMALIIDAE,PASSERIFORMES,SES.FDis,81,Endotherm,0.61693614852907
0.376951491979047,0.0714090707722702,5.27876203824552,1.30059575109698e-07,ax_water,1094,0.884691706673702,Aves,TIMALIIDAE,PASSERIFORMES,SES.FDis,81,Endotherm,6.3235862380922e-06
-0.0255974110624537,0.0604408614748963,-0.423511684609019,0.671921975267354,ax_productivity,1094,0.884691706673702,Aves,TIMALIIDAE,PASSERIFORMES,SES.FDis,81,Endotherm,0.821691227343425
-0.012025371566211,0.0311440070682193,-0.386121527004218,0.699406667543741,ax_structure,1094,0.884691706673702,Aves,TIMALIIDAE,PASSERIFORMES,SES.FDis,81,Endotherm,0.842154911389133
-0.00787222257904706,0.0375815301958174,-0.209470517512967,0.834080948471462,ax_human,1094,0.884691706673702,Aves,TIMALIIDAE,PASSERIFORMES,SES.FDis,81,Endotherm,0.918963007274153
-0.105684424001945,0.120017211851879,-0.880577230309074,0.378546687189439,ax_thermal,1094,0.873590320958563,Aves,TIMALIIDAE,PASSERIFORMES,SES.RaoQ,81,Endotherm,0.586101499146961
0.402023249972483,0.0700495517733088,5.73912665813326,9.51660283909916e-09,ax_water,1094,0.873590320958563,Aves,TIMALIIDAE,PASSERIFORMES,SES.RaoQ,81,Endotherm,6.70920500156491e-07
-0.0214109642957803,0.0603809531795517,-0.354597984435781,0.722890786349592,ax_productivity,1094,0.873590320958563,Aves,TIMALIIDAE,PASSERIFORMES,SES.RaoQ,81,Endotherm,0.862331648691137
-0.00489452858643297,0.031329200084992,-0.156228967645352,0.875852544195974,ax_structure,1094,0.873590320958563,Aves,TIMALIIDAE,PASSERIFORMES,SES.RaoQ,81,Endotherm,0.936672912116853
-0.00518582054855991,0.0375811593360021,-0.137989903456543,0.890248397085157,ax_human,1094,0.873590320958563,Aves,TIMALIIDAE,PASSERIFORMES,SES.RaoQ,81,Endotherm,0.940262351977581
-0.503476802956057,0.146850699947137,-3.42849440375358,0.000606939048397814,ax_thermal,1094,0.9413756511371,Aves,TIMALIIDAE,PASSERIFORMES,SES.body_mass.mean,81,Endotherm,0.00602664829747126
-0.0514062035389509,0.0830628482188821,-0.618883226872843,0.535993288988851,ax_water,1094,0.9413756511371,Aves,TIMALIIDAE,PASSERIFORMES,SES.body_mass.mean,81,Endotherm,0.718134395637833
0.0369635703580261,0.0645177590477862,0.572920865565843,0.56669827607095,ax_productivity,1094,0.9413756511371,Aves,TIMALIIDAE,PASSERIFORMES,SES.body_mass.mean,81,Endotherm,0.745377396697798
-0.180253946668266,0.0321044179299842,-5.61461500599008,1.97000369350775e-08,ax_structure,1094,0.9413756511371,Aves,TIMALIIDAE,PASSERIFORMES,SES.body_mass.mean,81,Endotherm,1.32271676564092e-06
-0.0591961626258088,0.0400883144757866,-1.47664383997894,0.139771133556659,ax_human,1094,0.9413756511371,Aves,TIMALIIDAE,PASSERIFORMES,SES.body_mass.mean,81,Endotherm,0.313817354004599
-1.10224900270866,0.164649845776063,-6.69450370580855,2.16404671959936e-11,ax_thermal,1094,0.947583840864575,Aves,TIMALIIDAE,PASSERIFORMES,SES.body_mass.var,81,Endotherm,3.05130587463509e-09
-0.045821204890248,0.092893684274684,-0.49326501847807,0.621825342258177,ax_water,1094,0.947583840864575,Aves,TIMALIIDAE,PASSERIFORMES,SES.body_mass.var,81,Endotherm,0.786923727678917
0.136841252006389,0.0715881562052126,1.91150686454507,0.0559394754864269,ax_productivity,1094,0.947583840864575,Aves,TIMALIIDAE,PASSERIFORMES,SES.body_mass.var,81,Endotherm,0.175783133840575
-0.119784077834078,0.0355011398025391,-3.37409104328282,0.000740598689677574,ax_structure,1094,0.947583840864575,Aves,TIMALIIDAE,PASSERIFORMES,SES.body_mass.var,81,Endotherm,0.00720168380996813
0.0279098756275312,0.0444957746269533,0.627247774907256,0.530496831141163,ax_human,1094,0.947583840864575,Aves,TIMALIIDAE,PASSERIFORMES,SES.body_mass.var,81,Endotherm,0.714422666579789
0.0547123473959184,0.156098402475142,0.35049908601487,0.725964175957285,ax_thermal,1094,0.940574760174103,Aves,TIMALIIDAE,PASSERIFORMES,SES.habitat_breadth.mean,81,Endotherm,0.864535040624807
0.111684704732396,0.0883231095494554,1.26450150251854,0.206050081762015,ax_water,1094,0.940574760174103,Aves,TIMALIIDAE,PASSERIFORMES,SES.habitat_breadth.mean,81,Endotherm,0.400179910860112
0.169382191241866,0.0686754545749756,2.46641529044332,0.0136473004178541,ax_productivity,1094,0.940574760174103,Aves,TIMALIIDAE,PASSERIFORMES,SES.habitat_breadth.mean,81,Endotherm,0.063507239568232
-0.175986574048939,0.0341887594955762,-5.14749808549534,2.63983697790238e-07,ax_structure,1094,0.940574760174103,Aves,TIMALIIDAE,PASSERIFORMES,SES.habitat_breadth.mean,81,Endotherm,1.03393614967843e-05
-0.0435709760753722,0.0426701528910063,-1.02111131841189,0.307201701254416,ax_human,1094,0.940574760174103,Aves,TIMALIIDAE,PASSERIFORMES,SES.habitat_breadth.mean,81,Endotherm,0.51443515293198
0.300265299631988,0.120468655413808,2.49247655832616,0.0126855703947677,ax_thermal,1094,0.905895953883983,Aves,TIMALIIDAE,PASSERIFORMES,SES.habitat_breadth.var,81,Endotherm,0.060838960056539
0.264556517379725,0.0692241778563649,3.82173578036074,0.000132515630247188,ax_water,1094,0.905895953883983,Aves,TIMALIIDAE,PASSERIFORMES,SES.habitat_breadth.var,81,Endotherm,0.00183183371224053
0.00189885021448408,0.0566238655787259,0.0335344504490611,0.97324839378719,ax_productivity,1094,0.905895953883983,Aves,TIMALIIDAE,PASSERIFORMES,SES.habitat_breadth.var,81,Endotherm,0.986542225190466
-0.0988481749442373,0.0287892770027956,-3.43350668148556,0.000595827518605763,ax_structure,1094,0.905895953883983,Aves,TIMALIIDAE,PASSERIFORMES,SES.habitat_breadth.var,81,Endotherm,0.00598833148206301
0.00883902631987597,0.0351696274437935,0.251325560215334,0.801562415025769,ax_human,1094,0.905895953883983,Aves,TIMALIIDAE,PASSERIFORMES,SES.habitat_breadth.var,81,Endotherm,0.90271805526065
0.147306886877127,0.141934300791613,1.03785262657124,0.299338671572562,ax_thermal,347,0.793570686365498,Aves,TURDIDAE,PASSERIFORMES,SES.FDis,23,Endotherm,0.508792167342383
-0.0724583653914448,0.142422418948126,-0.508756738767624,0.610922746391522,ax_water,347,0.793570686365498,Aves,TURDIDAE,PASSERIFORMES,SES.FDis,23,Endotherm,0.780254594576129
-0.0543335785713128,0.0872140783721438,-0.622990915978847,0.533290491344574,ax_productivity,347,0.793570686365498,Aves,TURDIDAE,PASSERIFORMES,SES.FDis,23,Endotherm,0.71545156307883
-0.0468526397659942,0.0353152826546667,-1.32669587340264,0.184609306583106,ax_structure,347,0.793570686365498,Aves,TURDIDAE,PASSERIFORMES,SES.FDis,23,Endotherm,0.375947318021056
0.102324921739112,0.108848890386332,0.940063985732291,0.347184740657117,ax_human,347,0.793570686365498,Aves,TURDIDAE,PASSERIFORMES,SES.FDis,23,Endotherm,0.55430658948171
0.268890103075244,0.148666391906191,1.80868116611665,0.0705005506042298,ax_thermal,347,0.784647349208819,Aves,TURDIDAE,PASSERIFORMES,SES.RaoQ,23,Endotherm,0.204129141491857
0.0197487911004852,0.150891141986991,0.130881050010131,0.895869405620923,ax_water,347,0.784647349208819,Aves,TURDIDAE,PASSERIFORMES,SES.RaoQ,23,Endotherm,0.941965594277033
-0.12633979892147,0.0923220340685894,-1.36846853728989,0.171165463785072,ax_productivity,347,0.784647349208819,Aves,TURDIDAE,PASSERIFORMES,SES.RaoQ,23,Endotherm,0.358460226143067
-0.027541422328329,0.0375557803401551,-0.733347092747833,0.463346759290793,ax_structure,347,0.784647349208819,Aves,TURDIDAE,PASSERIFORMES,SES.RaoQ,23,Endotherm,0.658649695978515
0.0469421289061664,0.115587310780554,0.406118358400842,0.684655637309596,ax_human,347,0.784647349208819,Aves,TURDIDAE,PASSERIFORMES,SES.RaoQ,23,Endotherm,0.831493926448347
-0.280692205304018,0.19614660345836,-1.43103270897885,0.152420840998289,ax_thermal,347,0.828926961788137,Aves,TURDIDAE,PASSERIFORMES,SES.body_mass.mean,23,Endotherm,0.333199047763701
-0.387188890817857,0.187723255930847,-2.06255154108604,0.0391552558588937,ax_water,347,0.828926961788137,Aves,TURDIDAE,PASSERIFORMES,SES.body_mass.mean,23,Endotherm,0.135611156033744
0.210964137139336,0.115438215342916,1.82750691798773,0.0676235870073376,ax_productivity,347,0.828926961788137,Aves,TURDIDAE,PASSERIFORMES,SES.body_mass.mean,23,Endotherm,0.199893621971375
-0.00764988465289996,0.0458532454624757,-0.166834093764645,0.867500591677138,ax_structure,347,0.828926961788137,Aves,TURDIDAE,PASSERIFORMES,SES.body_mass.mean,23,Endotherm,0.936672912116853
0.133145884369586,0.142186783046143,0.936415337045617,0.349059384378433,ax_human,347,0.828926961788137,Aves,TURDIDAE,PASSERIFORMES,SES.body_mass.mean,23,Endotherm,0.55487455690371
0.465853120364048,0.341647897574744,1.36354745242397,0.172710040045377,ax_thermal,347,0.841575893804289,Aves,TURDIDAE,PASSERIFORMES,SES.body_mass.var,23,Endotherm,0.358915898536581
0.682312642871183,0.321292121456973,2.12365195815284,0.0336992573939263,ax_water,347,0.841575893804289,Aves,TURDIDAE,PASSERIFORMES,SES.body_mass.var,23,Endotherm,0.123098323641026
-0.369930196254137,0.197933230513795,-1.86896457605361,0.0616277429521226,ax_productivity,347,0.841575893804289,Aves,TURDIDAE,PASSERIFORMES,SES.body_mass.var,23,Endotherm,0.188084670048686
0.0119424318134636,0.0780534474420307,0.15300325872644,0.878395705458846,ax_structure,347,0.841575893804289,Aves,TURDIDAE,PASSERIFORMES,SES.body_mass.var,23,Endotherm,0.937429780934182
-0.218594139596793,0.242593287549226,-0.901072497945504,0.367549774405104,ax_human,347,0.841575893804289,Aves,TURDIDAE,PASSERIFORMES,SES.body_mass.var,23,Endotherm,0.57582797990133
-0.397933468892173,0.159874820248211,-2.48903153276025,0.0128091604357981,ax_thermal,347,0.918119032219982,Aves,TURDIDAE,PASSERIFORMES,SES.habitat_breadth.mean,23,Endotherm,0.0610166088326867
-0.435803965566609,0.135574200187965,-3.21450515630846,0.00130669568000585,ax_water,347,0.918119032219982,Aves,TURDIDAE,PASSERIFORMES,SES.habitat_breadth.mean,23,Endotherm,0.0116610184101788
0.051332501875404,0.0845482551311707,0.607138512743584,0.543758993445227,ax_productivity,347,0.918119032219982,Aves,TURDIDAE,PASSERIFORMES,SES.habitat_breadth.mean,23,Endotherm,0.724669357994111
-0.00291216582418076,0.0318646293219525,-0.0913917998153042,0.927181277281719,ax_structure,347,0.918119032219982,Aves,TURDIDAE,PASSERIFORMES,SES.habitat_breadth.mean,23,Endotherm,0.961397717616881
-0.0230010614483263,0.100568918108452,-0.22870944503472,0.819094753276716,ax_human,347,0.918119032219982,Aves,TURDIDAE,PASSERIFORMES,SES.habitat_breadth.mean,23,Endotherm,0.91391923801316
-0.739527995504406,0.179208348438167,-4.12663808326747,3.68105013595077e-05,ax_thermal,347,0.888340196965025,Aves,TURDIDAE,PASSERIFORMES,SES.habitat_breadth.var,23,Endotherm,0.00064544044231545
-0.747394545961489,0.157918570704794,-4.73278438771229,2.21460699711962e-06,ax_water,347,0.888340196965025,Aves,TURDIDAE,PASSERIFORMES,SES.habitat_breadth.var,23,Endotherm,5.78258493692344e-05
0.349785535257351,0.0980271801793131,3.56825050580377,0.000359372832605676,ax_productivity,347,0.888340196965025,Aves,TURDIDAE,PASSERIFORMES,SES.habitat_breadth.var,23,Endotherm,0.00416848777431096
0.0224549827009569,0.0375969410257206,0.597255576872469,0.550336758522195,ax_structure,347,0.888340196965025,Aves,TURDIDAE,PASSERIFORMES,SES.habitat_breadth.var,23,Endotherm,0.729532292786157
0.21610190321347,0.117922481308557,1.83257595002615,0.0668656574143141,ax_human,347,0.888340196965025,Aves,TURDIDAE,PASSERIFORMES,SES.habitat_breadth.var,23,Endotherm,0.198485425166701
-0.353968819505767,0.250925650118609,-1.41065219653093,0.15834719280031,ax_thermal,101,0.63920538652349,Mammalia,BOVIDAE,ARTIODACTYLA,SES.FDis,18,Endotherm,0.340869529539598
-0.0493806071672549,0.166045627773404,-0.297391794228046,0.766167407715789,ax_water,101,0.63920538652349,Mammalia,BOVIDAE,ARTIODACTYLA,SES.FDis,18,Endotherm,0.88913254722573
0.455228150419831,0.153737778877304,2.961068865078,0.00306573382107711,ax_productivity,101,0.63920538652349,Mammalia,BOVIDAE,ARTIODACTYLA,SES.FDis,18,Endotherm,0.0227442888078307
-0.158334316380694,0.0461327941044371,-3.43214235023898,0.000598833148206301,ax_structure,101,0.63920538652349,Mammalia,BOVIDAE,ARTIODACTYLA,SES.FDis,18,Endotherm,0.00598833148206301
-0.333598542664228,0.401980398353453,-0.829887586635259,0.406602343896983,ax_human,101,0.63920538652349,Mammalia,BOVIDAE,ARTIODACTYLA,SES.FDis,18,Endotherm,0.608115208393971
-0.309915100416307,0.261415011637794,-1.18552908830543,0.235808320690445,ax_thermal,101,0.630320504181562,Mammalia,BOVIDAE,ARTIODACTYLA,SES.RaoQ,18,Endotherm,0.432929338767614
-0.0717419769593286,0.173465780701582,-0.413579996407177,0.679181725470507,ax_water,101,0.630320504181562,Mammalia,BOVIDAE,ARTIODACTYLA,SES.RaoQ,18,Endotherm,0.828059439144391
0.43257643918434,0.160299248483338,2.69855562815882,0.00696410978027018,ax_productivity,101,0.630320504181562,Mammalia,BOVIDAE,ARTIODACTYLA,SES.RaoQ,18,Endotherm,0.0397546347780605
-0.150822985989279,0.0481476977766514,-3.13250670237484,0.00173320470273963,ax_structure,101,0.630320504181562,Mammalia,BOVIDAE,ARTIODACTYLA,SES.RaoQ,18,Endotherm,0.014460465271378
-0.34789665743021,0.420257541580727,-0.827817761750703,0.407773714150731,ax_human,101,0.630320504181562,Mammalia,BOVIDAE,ARTIODACTYLA,SES.RaoQ,18,Endotherm,0.60906878914463
0.672217346814857,0.345938823249786,1.94316827611303,0.051995829755586,ax_thermal,101,0.783525269994403,Mammalia,BOVIDAE,ARTIODACTYLA,SES.body_mass.mean,18,Endotherm,0.167395214900969
-0.292872364053684,0.21410648253934,-1.3678818155348,0.171349072638601,ax_water,101,0.783525269994403,Mammalia,BOVIDAE,ARTIODACTYLA,SES.body_mass.mean,18,Endotherm,0.358460226143067
0.632520306232125,0.207126755621586,3.05378368107942,0.00225974959414432,ax_productivity,101,0.783525269994403,Mammalia,BOVIDAE,ARTIODACTYLA,SES.body_mass.mean,18,Endotherm,0.0179002636390084
-0.0237807355140978,0.0609511996936201,-0.390160253344233,0.696418050435857,ax_structure,101,0.783525269994403,Mammalia,BOVIDAE,ARTIODACTYLA,SES.body_mass.mean,18,Endotherm,0.841430549369801
-1.87208514044395,0.512896688694872,-3.65002383853891,0.000262215972421487,ax_human,101,0.783525269994403,Mammalia,BOVIDAE,ARTIODACTYLA,SES.body_mass.mean,18,Endotherm,0.00324319755363418
-0.276129721029828,0.262007909058163,-1.05389841864862,0.291929426985254,ax_thermal,101,0.310220562772379,Mammalia,BOVIDAE,ARTIODACTYLA,SES.body_mass.var,18,Endotherm,0.499539432098553
0.0246120008225042,0.181740490993907,0.135423871080712,0.892276751588709,ax_water,101,0.310220562772379,Mammalia,BOVIDAE,ARTIODACTYLA,SES.body_mass.var,18,Endotherm,0.940994928750994
0.503150224181916,0.162043930815874,3.10502356767456,0.00190263863897511,ax_productivity,101,0.310220562772379,Mammalia,BOVIDAE,ARTIODACTYLA,SES.body_mass.var,18,Endotherm,0.015597212098575
-0.19220673223837,0.0496500936363704,-3.8712259768544,0.000108289344197932,ax_structure,101,0.310220562772379,Mammalia,BOVIDAE,ARTIODACTYLA,SES.body_mass.var,18,Endotherm,0.00155804056448044
-1.87800361921505,0.455351002989495,-4.12429885272126,3.71865805997018e-05,ax_human,101,0.310220562772379,Mammalia,BOVIDAE,ARTIODACTYLA,SES.body_mass.var,18,Endotherm,0.00064544044231545
0.564049822386149,0.2457293018509,2.29541132513531,0.0217095629351607,ax_thermal,101,0.924244010496282,Mammalia,BOVIDAE,ARTIODACTYLA,SES.habitat_breadth.mean,18,Endotherm,0.0887260398219611
-0.0433354321639083,0.13829216495796,-0.31336144153273,0.75400607523134,ax_water,101,0.924244010496282,Mammalia,BOVIDAE,ARTIODACTYLA,SES.habitat_breadth.mean,18,Endotherm,0.881966720180393
-0.124698236956793,0.142222280248618,-0.876784120876195,0.380603905549074,ax_productivity,101,0.924244010496282,Mammalia,BOVIDAE,ARTIODACTYLA,SES.habitat_breadth.mean,18,Endotherm,0.586992757175366
0.195945436837646,0.0408997574746253,4.79087038497019,1.660593777153e-06,ax_structure,101,0.924244010496282,Mammalia,BOVIDAE,ARTIODACTYLA,SES.habitat_breadth.mean,18,Endotherm,4.77844331793005e-05
1.48860782664299,0.328610783623739,4.53000297259708,5.89828565766837e-06,ax_human,101,0.924244010496282,Mammalia,BOVIDAE,ARTIODACTYLA,SES.habitat_breadth.mean,18,Endotherm,0.000136337422578892
-0.296973471553904,0.216202336756907,-1.37359048014275,0.169568854022823,ax_thermal,101,0.962783461574773,Mammalia,BOVIDAE,ARTIODACTYLA,SES.habitat_breadth.var,18,Endotherm,0.357387270810434
0.296216987957275,0.119670987513005,2.47526149915897,0.0133138652794707,ax_water,101,0.962783461574773,Mammalia,BOVIDAE,ARTIODACTYLA,SES.habitat_breadth.var,18,Endotherm,0.0623672758938658
-0.563394777330984,0.124523622255329,-4.52440080947671,6.05668495001766e-06,ax_productivity,101,0.962783461574773,Mammalia,BOVIDAE,ARTIODACTYLA,SES.habitat_breadth.var,18,Endotherm,0.000137740738379434
-0.0972471890684344,0.0356433995926194,-2.7283365273769,0.00636546317480224,ax_structure,101,0.962783461574773,Mammalia,BOVIDAE,ARTIODACTYLA,SES.habitat_breadth.var,18,Endotherm,0.0369354036068772
1.57282417273252,0.283772569775992,5.54255181878256,2.98095146344934e-08,ax_human,101,0.962783461574773,Mammalia,BOVIDAE,ARTIODACTYLA,SES.habitat_breadth.var,18,Endotherm,1.82745285367982e-06
0.230656703609647,0.0878355445382582,2.62600641713083,0.00863931886292679,ax_thermal,1446,0.951914030054191,Mammalia,CRICETIDAE,RODENTIA,SES.FDis,70,Endotherm,0.0473985976526334
-0.241435465719976,0.109536814454011,-2.20414905183628,0.0275138634386309,ax_water,1446,0.951914030054191,Mammalia,CRICETIDAE,RODENTIA,SES.FDis,70,Endotherm,0.106578427056235
-0.00722744600021124,0.0414456015339716,-0.174383908851875,0.861563759443994,ax_productivity,1446,0.951914030054191,Mammalia,CRICETIDAE,RODENTIA,SES.FDis,70,Endotherm,0.934465308320024
-0.0298714691041118,0.0172747027731639,-1.72920307205036,0.083772756737075,ax_structure,1446,0.951914030054191,Mammalia,CRICETIDAE,RODENTIA,SES.FDis,70,Endotherm,0.22891392829317
-0.0273338784800965,0.0221954811187661,-1.23150646448416,0.218133500376443,ax_human,1446,0.951914030054191,Mammalia,CRICETIDAE,RODENTIA,SES.FDis,70,Endotherm,0.415632750717277
0.211088415832217,0.0873127834500992,2.41761180311997,0.0156227337833161,ax_thermal,1446,0.953159078843866,Mammalia,CRICETIDAE,RODENTIA,SES.RaoQ,70,Endotherm,0.0708297576671246
-0.269769081303061,0.10863161612205,-2.48333856139975,0.0130157316463217,ax_water,1446,0.953159078843866,Mammalia,CRICETIDAE,RODENTIA,SES.RaoQ,70,Endotherm,0.0614189885124895
-0.00894191848682896,0.0410827457123211,-0.217656301490755,0.827696913703176,ax_productivity,1446,0.953159078843866,Mammalia,CRICETIDAE,RODENTIA,SES.RaoQ,70,Endotherm,0.916053884082792
-0.034074995673589,0.0171108113638887,-1.99143073632979,0.0464335529343047,ax_structure,1446,0.953159078843866,Mammalia,CRICETIDAE,RODENTIA,SES.RaoQ,70,Endotherm,0.154616763772605
-0.019494091581264,0.0219849274590486,-0.886702565545221,0.37523905673755,ax_human,1446,0.953159078843866,Mammalia,CRICETIDAE,RODENTIA,SES.RaoQ,70,Endotherm,0.582053982398179
0.153216879012603,0.0887508927442984,1.72637000344367,0.084280868722878,ax_thermal,1446,0.962407665417865,Mammalia,CRICETIDAE,RODENTIA,SES.body_mass.mean,70,Endotherm,0.229856914698758
0.115339630625787,0.108648179198301,1.06158825188661,0.288422649374539,ax_water,1446,0.962407665417865,Mammalia,CRICETIDAE,RODENTIA,SES.body_mass.mean,70,Endotherm,0.495946262948903
0.021150307387607,0.0409397410318765,0.516620448847954,0.60542113809858,ax_productivity,1446,0.962407665417865,Mammalia,CRICETIDAE,RODENTIA,SES.body_mass.mean,70,Endotherm,0.775863672880419
-0.0321851995014117,0.0169669775117816,-1.89693181823709,0.0578369373852108,ax_structure,1446,0.962407665417865,Mammalia,CRICETIDAE,RODENTIA,SES.body_mass.mean,70,Endotherm,0.179498169543749
0.00785231025007775,0.0217979525023936,0.360231551528314,0.718673981638258,ax_human,1446,0.962407665417865,Mammalia,CRICETIDAE,RODENTIA,SES.body_mass.mean,70,Endotherm,0.858754503483003
-0.00135212677489831,0.0802732937742377,-0.0168440425367503,0.986561034009292,ax_thermal,1446,0.954409531791395,Mammalia,CRICETIDAE,RODENTIA,SES.body_mass.var,70,Endotherm,0.994318125770623
-0.254788406362758,0.0996432073876192,-2.55700727668885,0.0105577008973485,ax_water,1446,0.954409531791395,Mammalia,CRICETIDAE,RODENTIA,SES.body_mass.var,70,Endotherm,0.05554611293008
-0.0490013798693102,0.037664773677079,-1.30098697232131,0.193262914031507,ax_productivity,1446,0.954409531791395,Mammalia,CRICETIDAE,RODENTIA,SES.body_mass.var,70,Endotherm,0.384888006757663
-0.0742837216467121,0.0156758694236718,-4.73873056983608,2.15061227093472e-06,ax_structure,1446,0.954409531791395,Mammalia,CRICETIDAE,RODENTIA,SES.body_mass.var,70,Endotherm,5.7214401924867e-05
-0.0693371888424157,0.0201411781754457,-3.44255873407374,0.000576238718990263,ax_human,1446,0.954409531791395,Mammalia,CRICETIDAE,RODENTIA,SES.body_mass.var,70,Endotherm,0.00593063207135964
0.320013890362944,0.0942360534700024,3.39587534260242,0.000684095076290969,ax_thermal,1446,0.968379017807016,Mammalia,CRICETIDAE,RODENTIA,SES.habitat_breadth.mean,70,Endotherm,0.00669843095534907
0.347052875083643,0.114308413796291,3.03610962271006,0.0023965221625688,ax_water,1446,0.968379017807016,Mammalia,CRICETIDAE,RODENTIA,SES.habitat_breadth.mean,70,Endotherm,0.018877632677218
0.000262791930091057,0.0429734912473454,0.00611521015545345,0.995120798641187,ax_productivity,1446,0.968379017807016,Mammalia,CRICETIDAE,RODENTIA,SES.habitat_breadth.mean,70,Endotherm,0.995827058966695
0.0423697288753807,0.0177617171577323,2.38545229040176,0.0170581348137651,ax_structure,1446,0.968379017807016,Mammalia,CRICETIDAE,RODENTIA,SES.habitat_breadth.mean,70,Endotherm,0.0741411467843121
0.0303095297598488,0.0228157686227429,1.3284465783737,0.18403062065539,ax_human,1446,0.968379017807016,Mammalia,CRICETIDAE,RODENTIA,SES.habitat_breadth.mean,70,Endotherm,0.375947318021056
0.130413242057884,0.0989660859110362,1.31775689477218,0.187585041885061,ax_thermal,1446,0.9464258990555,Mammalia,CRICETIDAE,RODENTIA,SES.habitat_breadth.var,70,Endotherm,0.378390427836818
-0.0252246616004342,0.124733252442967,-0.202228845206837,0.839737823759112,ax_water,1446,0.9464258990555,Mammalia,CRICETIDAE,RODENTIA,SES.habitat_breadth.var,70,Endotherm,0.921424382490543
0.0519267572327189,0.0472992240551766,1.09783528736421,0.272276419703614,ax_productivity,1446,0.9464258990555,Mammalia,CRICETIDAE,RODENTIA,SES.habitat_breadth.var,70,Endotherm,0.476951495712913
0.0358428709284061,0.019782914905881,1.81180938698528,0.0700156541825983,ax_structure,1446,0.9464258990555,Mammalia,CRICETIDAE,RODENTIA,SES.habitat_breadth.var,70,Endotherm,0.204129141491857
0.0533086492539416,0.0254168111924381,2.09737755260982,0.0359601665799596,ax_human,1446,0.9464258990555,Mammalia,CRICETIDAE,RODENTIA,SES.habitat_breadth.var,70,Endotherm,0.128039987065008
0.718010948448102,0.218380162036631,3.28789456767444,0.00100939633448083,ax_thermal,468,0.932741492642863,Mammalia,DIPODIDAE,RODENTIA,SES.FDis,15,Endotherm,0.00942548895111236
-0.531683255830685,0.195565725729001,-2.718693441035,0.00655403200248794,ax_water,468,0.932741492642863,Mammalia,DIPODIDAE,RODENTIA,SES.FDis,15,Endotherm,0.0378737095225738
-0.66834904769644,0.235390261673859,-2.83932327082613,0.00452093303095547,ax_productivity,468,0.932741492642863,Mammalia,DIPODIDAE,RODENTIA,SES.FDis,15,Endotherm,0.0295116461742926
-0.0049910173544477,0.0320242187709242,-0.155851338330826,0.876150202870321,ax_structure,468,0.932741492642863,Mammalia,DIPODIDAE,RODENTIA,SES.FDis,15,Endotherm,0.936672912116853
0.012579872160537,0.068213740909959,0.184418446968657,0.853685199416532,ax_human,468,0.932741492642863,Mammalia,DIPODIDAE,RODENTIA,SES.FDis,15,Endotherm,0.927346788272196
0.599154293032646,0.21463416899637,2.79151402516335,0.00524620839758039,ax_thermal,468,0.93611764593154,Mammalia,DIPODIDAE,RODENTIA,SES.RaoQ,15,Endotherm,0.0318842837956394
-0.50787451664336,0.19222645197575,-2.64206362560045,0.00824025744038592,ax_water,468,0.93611764593154,Mammalia,DIPODIDAE,RODENTIA,SES.RaoQ,15,Endotherm,0.0455950408533022
-0.696734720588136,0.230619629666573,-3.02114230950533,0.00251822974361993,ax_productivity,468,0.93611764593154,Mammalia,DIPODIDAE,RODENTIA,SES.RaoQ,15,Endotherm,0.0195093622994731
0.0287027336495112,0.0313832971157571,0.914586301867562,0.360408852578515,ax_structure,468,0.93611764593154,Mammalia,DIPODIDAE,RODENTIA,SES.RaoQ,15,Endotherm,0.568181492886243
0.0557108141719382,0.0668286700801052,0.833636433362501,0.404485888515382,ax_human,468,0.93611764593154,Mammalia,DIPODIDAE,RODENTIA,SES.RaoQ,15,Endotherm,0.607561501187433
0.631831531227726,0.188378643561172,3.35405075269348,0.000796377543456073,ax_thermal,468,0.928644559751994,Mammalia,DIPODIDAE,RODENTIA,SES.body_mass.mean,15,Endotherm,0.00763872337600723
0.262840416400383,0.168673920673001,1.55827537150772,0.119167984601392,ax_water,468,0.928644559751994,Mammalia,DIPODIDAE,RODENTIA,SES.body_mass.mean,15,Endotherm,0.28575448456803
0.298274886395583,0.203857265198686,1.46315553730633,0.143424824007129,ax_productivity,468,0.928644559751994,Mammalia,DIPODIDAE,RODENTIA,SES.body_mass.mean,15,Endotherm,0.318973189037937
0.0147175967292971,0.0277252635552013,0.530837036048157,0.595531712808841,ax_structure,468,0.928644559751994,Mammalia,DIPODIDAE,RODENTIA,SES.body_mass.mean,15,Endotherm,0.766845314209703
-0.0167449365616507,0.0590788038331697,-0.283433913268387,0.776844234733725,ax_human,468,0.928644559751994,Mammalia,DIPODIDAE,RODENTIA,SES.body_mass.mean,15,Endotherm,0.890427721232876
0.87743589010231,0.209665720187862,4.18492774744542,2.85256819207991e-05,ax_thermal,468,0.931386775823103,Mammalia,DIPODIDAE,RODENTIA,SES.body_mass.var,15,Endotherm,0.000522353396212035
-0.561669092490393,0.187753738793538,-2.99152014814484,0.00277592219465883,ax_water,468,0.931386775823103,Mammalia,DIPODIDAE,RODENTIA,SES.body_mass.var,15,Endotherm,0.0209307502378019
-0.601836313894431,0.22629010981853,-2.65957851351552,0.00782384923346058,ax_productivity,468,0.931386775823103,Mammalia,DIPODIDAE,RODENTIA,SES.body_mass.var,15,Endotherm,0.0440153548011663
-0.0105922297322033,0.0307829093537212,-0.344094497712668,0.730775220731394,ax_structure,468,0.931386775823103,Mammalia,DIPODIDAE,RODENTIA,SES.body_mass.var,15,Endotherm,0.86706729302132
-0.0144693744965443,0.0655776815848143,-0.220644800896635,0.825369014569357,ax_human,468,0.931386775823103,Mammalia,DIPODIDAE,RODENTIA,SES.body_mass.var,15,Endotherm,0.914452373514535
0.743835553005693,0.183677815959128,4.04967550992228,5.12887001569151e-05,ax_thermal,468,0.943449304469451,Mammalia,DIPODIDAE,RODENTIA,SES.habitat_breadth.mean,15,Endotherm,0.000860917466919647
-0.572756855949305,0.164509110236868,-3.48161177897457,0.000498405712096472,ax_water,468,0.943449304469451,Mammalia,DIPODIDAE,RODENTIA,SES.habitat_breadth.mean,15,Endotherm,0.00526577669539457
0.177893161684262,0.196059221059557,0.90734401943902,0.364224902832686,ax_productivity,468,0.943449304469451,Mammalia,DIPODIDAE,RODENTIA,SES.habitat_breadth.mean,15,Endotherm,0.571889880839741
-0.0171485906970008,0.0266944792702369,-0.642402143282137,0.520612108453809,ax_structure,468,0.943449304469451,Mammalia,DIPODIDAE,RODENTIA,SES.habitat_breadth.mean,15,Endotherm,0.703799686404478
-0.145926831557066,0.0568095960707348,-2.56870038954985,0.0102080672839193,ax_human,468,0.943449304469451,Mammalia,DIPODIDAE,RODENTIA,SES.habitat_breadth.mean,15,Endotherm,0.053907771049911
-0.196707258189427,0.183410972131848,-1.07249449639262,0.283497984617203,ax_thermal,468,0.911284814285357,Mammalia,DIPODIDAE,RODENTIA,SES.habitat_breadth.var,15,Endotherm,0.489268247625772
0.248945535194368,0.164034669884338,1.51763974877933,0.129105240661187,ax_water,468,0.911284814285357,Mammalia,DIPODIDAE,RODENTIA,SES.habitat_breadth.var,15,Endotherm,0.301653222014584
0.703374192157959,0.202088638817459,3.4805231816782,0.000500435515732534,ax_productivity,468,0.911284814285357,Mammalia,DIPODIDAE,RODENTIA,SES.habitat_breadth.var,15,Endotherm,0.00526577669539457
0.0942610070833532,0.0274440797370137,3.43465723706609,0.000593303758211095,ax_structure,468,0.911284814285357,Mammalia,DIPODIDAE,RODENTIA,SES.habitat_breadth.var,15,Endotherm,0.00598833148206301
-0.154746278380631,0.058581615831785,-2.64155018914089,0.00825275787142599,ax_human,468,0.911284814285357,Mammalia,DIPODIDAE,RODENTIA,SES.habitat_breadth.var,15,Endotherm,0.0455950408533022
0.113282825923201,0.19985516721927,0.566824603533588,0.570833353016631,ax_thermal,274,0.818145746472184,Mammalia,FELIDAE,CARNIVORA,SES.FDis,12,Endotherm,0.750116521671435
0.355750387025175,0.181594777153951,1.95903424427002,0.0501087765336243,ax_water,274,0.818145746472184,Mammalia,FELIDAE,CARNIVORA,SES.FDis,12,Endotherm,0.16357953979052
0.288290413701267,0.133042636591178,2.16690243885608,0.030242293959875,ax_productivity,274,0.818145746472184,Mammalia,FELIDAE,CARNIVORA,SES.FDis,12,Endotherm,0.114320735880493
0.0545338258074892,0.0483631493106646,1.12759046060435,0.25949291725794,ax_structure,274,0.818145746472184,Mammalia,FELIDAE,CARNIVORA,SES.FDis,12,Endotherm,0.459077808448802
0.175746583269025,0.153730616905237,1.14321133165919,0.252950858585333,ax_human,274,0.818145746472184,Mammalia,FELIDAE,CARNIVORA,SES.FDis,12,Endotherm,0.452541560078093
0.249470278492549,0.199478337718228,1.25061338161408,0.211075566043372,ax_thermal,274,0.827281797079605,Mammalia,FELIDAE,CARNIVORA,SES.RaoQ,12,Endotherm,0.406029981696837
0.295333785525109,0.180823320365186,1.63327266045475,0.102411664103931,ax_water,274,0.827281797079605,Mammalia,FELIDAE,CARNIVORA,SES.RaoQ,12,Endotherm,0.261121964532628
0.337753852235152,0.132484132949044,2.54939097020063,0.0107911247527042,ax_productivity,274,0.827281797079605,Mammalia,FELIDAE,CARNIVORA,SES.RaoQ,12,Endotherm,0.05598206783718
0.0614979405286455,0.0481313215650475,1.27771144711939,0.201351187518409,ax_structure,274,0.827281797079605,Mammalia,FELIDAE,CARNIVORA,SES.RaoQ,12,Endotherm,0.39322046315922
0.155832457903176,0.15292795544389,1.01899261943871,0.308206470444653,ax_human,274,0.827281797079605,Mammalia,FELIDAE,CARNIVORA,SES.RaoQ,12,Endotherm,0.514894695885024
-0.192533441151453,0.199306250985306,-0.966018076199967,0.334035135981404,ax_thermal,274,0.824554396736304,Mammalia,FELIDAE,CARNIVORA,SES.body_mass.mean,12,Endotherm,0.543240532564912
0.0951433092683125,0.180794100101916,0.526252290393764,0.598712926909038,ax_water,274,0.824554396736304,Mammalia,FELIDAE,CARNIVORA,SES.body_mass.mean,12,Endotherm,0.768139423968829
0.343776033838727,0.132461469578141,2.59529080368482,0.0094510916938908,ax_productivity,274,0.824554396736304,Mammalia,FELIDAE,CARNIVORA,SES.body_mass.mean,12,Endotherm,0.0506693509064108
0.11115677893656,0.0481315535777522,2.30943675559935,0.0209193573924478,ax_structure,274,0.824554396736304,Mammalia,FELIDAE,CARNIVORA,SES.body_mass.mean,12,Endotherm,0.0859950260156016
0.00319160890073517,0.152947640070154,0.0208673301482209,0.983351487711529,ax_human,274,0.824554396736304,Mammalia,FELIDAE,CARNIVORA,SES.body_mass.mean,12,Endotherm,0.991792273013774
-0.409942674730956,0.163334523034196,-2.50983482925487,0.012078764410455,ax_thermal,274,0.778579195068212,Mammalia,FELIDAE,CARNIVORA,SES.body_mass.var,12,Endotherm,0.0593203323855716
0.372563343219922,0.150018810232946,2.48344419370754,0.0130118720733352,ax_water,274,0.778579195068212,Mammalia,FELIDAE,CARNIVORA,SES.body_mass.var,12,Endotherm,0.0614189885124895
0.233972530060714,0.109821779141266,2.13047477367626,0.0331324363124406,ax_productivity,274,0.778579195068212,Mammalia,FELIDAE,CARNIVORA,SES.body_mass.var,12,Endotherm,0.121658164584743
0.0963109792205168,0.0400380494635429,2.40548629393682,0.0161509577909384,ax_structure,274,0.778579195068212,Mammalia,FELIDAE,CARNIVORA,SES.body_mass.var,12,Endotherm,0.0720659825481747
0.180245241264733,0.127570110376773,1.41291122765659,0.157681827407844,ax_human,274,0.778579195068212,Mammalia,FELIDAE,CARNIVORA,SES.body_mass.var,12,Endotherm,0.339956233402232
-0.439899831664915,0.16543288524342,-2.65908335587354,0.00783535748588138,ax_thermal,274,0.718335149591921,Mammalia,FELIDAE,CARNIVORA,SES.habitat_breadth.mean,12,Endotherm,0.0440153548011663
-0.0363118991073859,0.154553827500208,-0.23494661824106,0.814250165965889,ax_water,274,0.718335149591921,Mammalia,FELIDAE,CARNIVORA,SES.habitat_breadth.mean,12,Endotherm,0.91309066185769
-0.00121217204793038,0.112840433712458,-0.0107423554487504,0.991429005287331,ax_productivity,274,0.718335149591921,Mammalia,FELIDAE,CARNIVORA,SES.habitat_breadth.mean,12,Endotherm,0.99496048931763
-0.00363735622911913,0.0413635162866115,-0.087936339935792,0.929927273375955,ax_structure,274,0.718335149591921,Mammalia,FELIDAE,CARNIVORA,SES.habitat_breadth.mean,12,Endotherm,0.962180894463295
0.124754648334282,0.132488940636879,0.941623110084373,0.346385633560752,ax_human,274,0.718335149591921,Mammalia,FELIDAE,CARNIVORA,SES.habitat_breadth.mean,12,Endotherm,0.553745740726373
0.706895497199552,0.182510818474052,3.87317038578758,0.000107428666523468,ax_thermal,274,0.822817198187855,Mammalia,FELIDAE,CARNIVORA,SES.habitat_breadth.var,12,Endotherm,0.00155804056448044
0.763640486567982,0.165633119328269,4.61043352721337,4.01830114560298e-06,ax_water,274,0.822817198187855,Mammalia,FELIDAE,CARNIVORA,SES.habitat_breadth.var,12,Endotherm,9.7686286470693e-05
0.26021348956166,0.121352516754599,2.14427765093548,0.0320106464459673,ax_productivity,274,0.822817198187855,Mammalia,FELIDAE,CARNIVORA,SES.habitat_breadth.var,12,Endotherm,0.118892945971478
-0.0209275097502363,0.0440999677703585,-0.474547053168201,0.635109852540636,ax_structure,274,0.822817198187855,Mammalia,FELIDAE,CARNIVORA,SES.habitat_breadth.var,12,Endotherm,0.797534788901666
-0.21855265611233,0.140147803439711,-1.55944403514214,0.118891320781203,ax_human,274,0.822817198187855,Mammalia,FELIDAE,CARNIVORA,SES.habitat_breadth.var,12,Endotherm,0.285582218571544
0.214790498896056,0.0699498762178905,3.07063443867998,0.0021360449913439,ax_thermal,1937,0.951161576465113,Mammalia,MURIDAE,RODENTIA,SES.FDis,58,Endotherm,0.0171126331692892
0.0261804270800069,0.0439679509752564,0.595443419565773,0.551547109297903,ax_water,1937,0.951161576465113,Mammalia,MURIDAE,RODENTIA,SES.FDis,58,Endotherm,0.729532292786157
-0.0226837609731104,0.0289032072725488,-0.784818126210327,0.432560210923711,ax_productivity,1937,0.951161576465113,Mammalia,MURIDAE,RODENTIA,SES.FDis,58,Endotherm,0.629967201253587
0.0360077266486365,0.0144653072201803,2.48924727975378,0.0128013893681576,ax_structure,1937,0.951161576465113,Mammalia,MURIDAE,RODENTIA,SES.FDis,58,Endotherm,0.0610166088326867
-0.0474573874111211,0.0160348721635514,-2.95963615593991,0.00308002565401999,ax_human,1937,0.951161576465113,Mammalia,MURIDAE,RODENTIA,SES.FDis,58,Endotherm,0.0227442888078307
0.211826692608415,0.0673866893066375,3.14345006095366,0.00166968903201337,ax_thermal,1937,0.953850202286339,Mammalia,MURIDAE,RODENTIA,SES.RaoQ,58,Endotherm,0.0140134615186836
0.00596367078416531,0.042154418992518,0.141472019463103,0.887497062939051,ax_water,1937,0.953850202286339,Mammalia,MURIDAE,RODENTIA,SES.RaoQ,58,Endotherm,0.940173447591331
-0.0178496045200472,0.0275923548340456,-0.646903993059081,0.517694081349989,ax_productivity,1937,0.953850202286339,Mammalia,MURIDAE,RODENTIA,SES.RaoQ,58,Endotherm,0.701139153141501
0.0232356822187459,0.0138038690318117,1.68327315806882,0.0923222241280679,ax_structure,1937,0.953850202286339,Mammalia,MURIDAE,RODENTIA,SES.RaoQ,58,Endotherm,0.245611954755803
-0.0450536184940603,0.015312304205677,-2.94231474825041,0.00325768632745627,ax_human,1937,0.953850202286339,Mammalia,MURIDAE,RODENTIA,SES.RaoQ,58,Endotherm,0.0235555780600684
0.0912468565856005,0.072962071216412,1.25060672023625,0.21107799757715,ax_thermal,1937,0.967130378765933,Mammalia,MURIDAE,RODENTIA,SES.body_mass.mean,58,Endotherm,0.406029981696837
0.0796848710754395,0.0446399461689524,1.78505750822032,0.074251989328189,ax_water,1937,0.967130378765933,Mammalia,MURIDAE,RODENTIA,SES.body_mass.mean,58,Endotherm,0.209810230366225
0.003553372353545,0.0286501767645334,0.124026193023136,0.901294536143936,ax_productivity,1937,0.967130378765933,Mammalia,MURIDAE,RODENTIA,SES.body_mass.mean,58,Endotherm,0.945554535686719
0.0186587916141141,0.01431007084476,1.3038923298515,0.192270295824529,ax_structure,1937,0.967130378765933,Mammalia,MURIDAE,RODENTIA,SES.body_mass.mean,58,Endotherm,0.383995916590066
-0.0322924596040944,0.015922644108591,-2.02808399056481,0.0425516765627876,ax_human,1937,0.967130378765933,Mammalia,MURIDAE,RODENTIA,SES.body_mass.mean,58,Endotherm,0.145273278337846
-0.0905849230947709,0.0724154833475383,-1.25090545429398,0.210968973691444,ax_thermal,1937,0.969610851255751,Mammalia,MURIDAE,RODENTIA,SES.body_mass.var,58,Endotherm,0.406029981696837
-0.0010174480911385,0.0441395681247409,-0.023050703356751,0.981609828247177,ax_water,1937,0.969610851255751,Mammalia,MURIDAE,RODENTIA,SES.body_mass.var,58,Endotherm,0.990817788429794
0.0811118884029659,0.0282349768057135,2.87274499855628,0.00406922423595857,ax_productivity,1937,0.969610851255751,Mammalia,MURIDAE,RODENTIA,SES.body_mass.var,58,Endotherm,0.0274526611134047
-0.0133067845505235,0.0140992955983701,-0.943790734628035,0.345276596259931,ax_structure,1937,0.969610851255751,Mammalia,MURIDAE,RODENTIA,SES.body_mass.var,58,Endotherm,0.552599319780367
0.0095356736813558,0.0156959223522021,0.607525538632519,0.543502199463481,ax_human,1937,0.969610851255751,Mammalia,MURIDAE,RODENTIA,SES.body_mass.var,58,Endotherm,0.724669357994111
-0.311120691908047,0.0776190334615933,-4.0083041237816,6.11563326176068e-05,ax_thermal,1937,0.961982835040731,Mammalia,MURIDAE,RODENTIA,SES.habitat_breadth.mean,58,Endotherm,0.00100267940687006
-0.00532516677220702,0.0478821888698473,-0.111213937747955,0.911446699472579,ax_water,1937,0.961982835040731,Mammalia,MURIDAE,RODENTIA,SES.habitat_breadth.mean,58,Endotherm,0.949143165625064
0.0206596940644923,0.0309556459611341,0.667396638740192,0.504518812351439,ax_productivity,1937,0.961982835040731,Mammalia,MURIDAE,RODENTIA,SES.habitat_breadth.mean,58,Endotherm,0.695377835205796
-0.0334756075398712,0.0154702411208388,-2.163871091497,0.0304742441407457,ax_structure,1937,0.961982835040731,Mammalia,MURIDAE,RODENTIA,SES.habitat_breadth.mean,58,Endotherm,0.114889530049336
0.045512166577571,0.0171944020934007,2.64691766136135,0.00812291284062083,ax_human,1937,0.961982835040731,Mammalia,MURIDAE,RODENTIA,SES.habitat_breadth.mean,58,Endotherm,0.0452699885584007
0.00675331797982098,0.0603344009114187,0.111931466589616,0.910877746639374,ax_thermal,1937,0.935926614946771,Mammalia,MURIDAE,RODENTIA,SES.habitat_breadth.var,58,Endotherm,0.949143165625064
-0.00169366074879507,0.0389911259415855,-0.0434370823590072,0.965353118136545,ax_water,1937,0.935926614946771,Mammalia,MURIDAE,RODENTIA,SES.habitat_breadth.var,58,Endotherm,0.982767956217441
0.0129860813091474,0.0262973311945481,0.493817460527693,0.621435100788509,ax_productivity,1937,0.935926614946771,Mammalia,MURIDAE,RODENTIA,SES.habitat_breadth.var,58,Endotherm,0.786923727678917
0.028182404360944,0.0131956737115571,2.13573061724473,0.0327013773105427,ax_structure,1937,0.935926614946771,Mammalia,MURIDAE,RODENTIA,SES.habitat_breadth.var,58,Endotherm,0.120704036669804
-0.0183683491622597,0.0145645286459834,-1.2611701764427,0.207247541214189,ax_human,1937,0.935926614946771,Mammalia,MURIDAE,RODENTIA,SES.habitat_breadth.var,58,Endotherm,0.401399770758252
-0.0452079096544549,0.0540316059976341,-0.83669379837487,0.402764705968083,ax_thermal,2087,0.970057142011367,Mammalia,MUSTELIDAE,CARNIVORA,SES.FDis,20,Endotherm,0.607377791887697
0.0785414878181708,0.0526484600012656,1.49180978543879,0.135749017912696,ax_water,2087,0.970057142011367,Mammalia,MUSTELIDAE,CARNIVORA,SES.FDis,20,Endotherm,0.309218279898064
0.0497251932190211,0.0253835223219432,1.9589556007377,0.0501179866592232,ax_productivity,2087,0.970057142011367,Mammalia,MUSTELIDAE,CARNIVORA,SES.FDis,20,Endotherm,0.16357953979052
-0.0419522077961594,0.0106279964639137,-3.94732986020498,7.90276408695334e-05,ax_structure,2087,0.970057142011367,Mammalia,MUSTELIDAE,CARNIVORA,SES.FDis,20,Endotherm,0.00122449421567079
-0.032093785167015,0.0161961994011976,-1.98156273407216,0.0475282015238787,ax_human,2087,0.970057142011367,Mammalia,MUSTELIDAE,CARNIVORA,SES.FDis,20,Endotherm,0.15694324156597
-0.0479752196805863,0.0524824543718276,-0.914119209073028,0.360654210023538,ax_thermal,2087,0.969531371084514,Mammalia,MUSTELIDAE,CARNIVORA,SES.RaoQ,20,Endotherm,0.568181492886243
0.0504569795033649,0.0511742334350278,0.985984080590604,0.324140924831049,ax_water,2087,0.969531371084514,Mammalia,MUSTELIDAE,CARNIVORA,SES.RaoQ,20,Endotherm,0.532398589404184
0.0563504626190167,0.0246966059166069,2.2817087825467,0.0225065392202668,ax_productivity,2087,0.969531371084514,Mammalia,MUSTELIDAE,CARNIVORA,SES.RaoQ,20,Endotherm,0.0914530844397008
-0.0397414929836774,0.0103437702555858,-3.84207034782278,0.000122000855526938,ax_structure,2087,0.969531371084514,Mammalia,MUSTELIDAE,CARNIVORA,SES.RaoQ,20,Endotherm,0.00170318026032656
-0.0265773086900292,0.0157596226144174,-1.68641783755123,0.0917153481323398,ax_human,2087,0.969531371084514,Mammalia,MUSTELIDAE,CARNIVORA,SES.RaoQ,20,Endotherm,0.244814536154491
0.118825953250709,0.0495944343757996,2.39595339167114,0.0165771980997802,ax_thermal,2087,0.957489411736591,Mammalia,MUSTELIDAE,CARNIVORA,SES.body_mass.mean,20,Endotherm,0.0730047931172747
-0.0432631854201725,0.049201367580435,-0.87930859542563,0.379233976670772,ax_water,2087,0.957489411736591,Mammalia,MUSTELIDAE,CARNIVORA,SES.body_mass.mean,20,Endotherm,0.586315687615996
0.0431165540945445,0.0243115929168463,1.77349769889687,0.0761462728525686,ax_productivity,2087,0.957489411736591,Mammalia,MUSTELIDAE,CARNIVORA,SES.body_mass.mean,20,Endotherm,0.21260642519232
-0.0123222198361282,0.0102694567540512,-1.19989013355231,0.230182012320296,ax_structure,2087,0.957489411736591,Mammalia,MUSTELIDAE,CARNIVORA,SES.body_mass.mean,20,Endotherm,0.428102447560546
-0.0360751582944379,0.015560927876713,-2.31831665696649,0.020432117801549,ax_human,2087,0.957489411736591,Mammalia,MUSTELIDAE,CARNIVORA,SES.body_mass.mean,20,Endotherm,0.084733194412306
-0.236476659337133,0.0539139430295246,-4.3861874322127,1.15354730143569e-05,ax_thermal,2087,0.961724826540691,Mammalia,MUSTELIDAE,CARNIVORA,SES.body_mass.var,20,Endotherm,0.000234327174564175
0.0639927418641856,0.0531479495962954,1.20404911855049,0.228570594330166,ax_water,2087,0.961724826540691,Mammalia,MUSTELIDAE,CARNIVORA,SES.body_mass.var,20,Endotherm,0.426916459039093
0.0550449365878212,0.0260377336039397,2.11404484833859,0.0345114369938537,ax_productivity,2087,0.961724826540691,Mammalia,MUSTELIDAE,CARNIVORA,SES.body_mass.var,20,Endotherm,0.125092869309341
-0.0323846830956274,0.0109634425094781,-2.95387904553067,0.00313806972390873,ax_structure,2087,0.961724826540691,Mammalia,MUSTELIDAE,CARNIVORA,SES.body_mass.var,20,Endotherm,0.0230451995349548
0.019829150273002,0.0166461469828516,1.19121561845089,0.233568949689019,ax_human,2087,0.961724826540691,Mammalia,MUSTELIDAE,CARNIVORA,SES.body_mass.var,20,Endotherm,0.430068644949511
0.00487954005266834,0.0534830078128619,0.0912353334678173,0.927305599970893,ax_thermal,2087,0.952943767882634,Mammalia,MUSTELIDAE,CARNIVORA,SES.habitat_breadth.mean,20,Endotherm,0.961397717616881
0.124393595497001,0.0534333615968198,2.32801365625487,0.0199113785354892,ax_water,2087,0.952943767882634,Mammalia,MUSTELIDAE,CARNIVORA,SES.habitat_breadth.mean,20,Endotherm,0.0830622595711235
-0.0571383675726462,0.026651782623485,-2.14388539708023,0.0320420705455047,ax_productivity,2087,0.952943767882634,Mammalia,MUSTELIDAE,CARNIVORA,SES.habitat_breadth.mean,20,Endotherm,0.118892945971478
-0.0469469349906192,0.0112993442752708,-4.1548371168197,3.2551934999292e-05,ax_structure,2087,0.952943767882634,Mammalia,MUSTELIDAE,CARNIVORA,SES.habitat_breadth.mean,20,Endotherm,0.000588438824987201
-0.00839307248173905,0.0170826490148654,-0.491321485001264,0.623199086316297,ax_human,2087,0.952943767882634,Mammalia,MUSTELIDAE,CARNIVORA,SES.habitat_breadth.mean,20,Endotherm,0.786923727678917
-0.0689613037228629,0.05910104270976,-1.16683734433461,0.243276062684614,ax_thermal,2087,0.965085718310494,Mammalia,MUSTELIDAE,CARNIVORA,SES.habitat_breadth.var,20,Endotherm,0.44203511389859
-0.0947847515124566,0.0579793559353443,-1.63480173215715,0.102090617553226,ax_water,2087,0.965085718310494,Mammalia,MUSTELIDAE,CARNIVORA,SES.habitat_breadth.var,20,Endotherm,0.261121964532628
0.0796845150311401,0.0282173899370016,2.82395059249082,0.00474356965931388,ax_productivity,2087,0.965085718310494,Mammalia,MUSTELIDAE,CARNIVORA,SES.habitat_breadth.var,20,Endotherm,0.0305353872939003
-0.0245603958089084,0.0118529477421943,-2.07209179885927,0.0382568810136683,ax_structure,2087,0.965085718310494,Mammalia,MUSTELIDAE,CARNIVORA,SES.habitat_breadth.var,20,Endotherm,0.133520302547704
-0.00572651349001053,0.0180243420842921,-0.317709987040309,0.750704934887532,ax_human,2087,0.965085718310494,Mammalia,MUSTELIDAE,CARNIVORA,SES.habitat_breadth.var,20,Endotherm,0.880610614135956
-0.800677941969009,0.228641246875921,-3.50189632408505,0.00046195934108062,ax_thermal,155,0.895507575027745,Mammalia,OCHOTONIDAE,LAGOMORPHA,SES.FDis,22,Endotherm,0.00501048208402826
-0.765002015701271,0.260805877328022,-2.9332238350561,0.00335461945761528,ax_water,155,0.895507575027745,Mammalia,OCHOTONIDAE,LAGOMORPHA,SES.FDis,22,Endotherm,0.0241327216083548
0.0707421240429031,0.186520201117754,0.379273256295933,0.704484957091538,ax_productivity,155,0.895507575027745,Mammalia,OCHOTONIDAE,LAGOMORPHA,SES.FDis,22,Endotherm,0.84610203534844
0.0813076861327695,0.0513524842764587,1.58332527195852,0.113347345655865,ax_structure,155,0.895507575027745,Mammalia,OCHOTONIDAE,LAGOMORPHA,SES.FDis,22,Endotherm,0.27677817765382
0.189991442487979,0.125528108855603,1.51353704138511,0.130143299596802,ax_human,155,0.895507575027745,Mammalia,OCHOTONIDAE,LAGOMORPHA,SES.FDis,22,Endotherm,0.301653222014584
-0.907060350069549,0.226099125549837,-4.01178176989283,6.02621945091642e-05,ax_thermal,155,0.905389332762203,Mammalia,OCHOTONIDAE,LAGOMORPHA,SES.RaoQ,22,Endotherm,0.000999643461857899
-0.972247254429488,0.257979501127158,-3.76869964544302,0.000164100205002127,ax_water,155,0.905389332762203,Mammalia,OCHOTONIDAE,LAGOMORPHA,SES.RaoQ,22,Endotherm,0.0022061297437262
0.139292971628654,0.183464414407596,0.759237000147569,0.447710796295076,ax_productivity,155,0.905389332762203,Mammalia,OCHOTONIDAE,LAGOMORPHA,SES.RaoQ,22,Endotherm,0.643498698038794
0.0906165595908112,0.0505389152868788,1.79300562895812,0.0729720240147942,ax_structure,155,0.905389332762203,Mammalia,OCHOTONIDAE,LAGOMORPHA,SES.RaoQ,22,Endotherm,0.207859704769414
0.20097862844033,0.123460703983978,1.62787528302456,0.103551333362974,ax_human,155,0.905389332762203,Mammalia,OCHOTONIDAE,LAGOMORPHA,SES.RaoQ,22,Endotherm,0.263076360435663
0.119164489620292,0.261680787610991,0.455381117995712,0.648835077034734,ax_thermal,155,0.858446135293481,Mammalia,OCHOTONIDAE,LAGOMORPHA,SES.body_mass.mean,22,Endotherm,0.805890627211813
0.305543257942657,0.297995074695244,1.02532989263374,0.305207555655779,ax_water,155,0.858446135293481,Mammalia,OCHOTONIDAE,LAGOMORPHA,SES.body_mass.mean,22,Endotherm,0.511703511860462
-0.0339634216894461,0.217958169321749,-0.155825412716279,0.876170638855094,ax_productivity,155,0.858446135293481,Mammalia,OCHOTONIDAE,LAGOMORPHA,SES.body_mass.mean,22,Endotherm,0.936672912116853
-0.116720019848605,0.0598800670567671,-1.94922994555021,0.0512679703163483,ax_structure,155,0.858446135293481,Mammalia,OCHOTONIDAE,LAGOMORPHA,SES.body_mass.mean,22,Endotherm,0.166178938266784
-0.222501555936154,0.146729507702185,-1.516406341305,0.129416636592252,ax_human,155,0.858446135293481,Mammalia,OCHOTONIDAE,LAGOMORPHA,SES.body_mass.mean,22,Endotherm,0.301653222014584
-0.339494487222115,0.264003913893687,-1.28594490216091,0.198462291390902,ax_thermal,155,0.933300903423686,Mammalia,OCHOTONIDAE,LAGOMORPHA,SES.body_mass.var,22,Endotherm,0.38973792599049
0.385195491663301,0.301337659588151,1.27828527038327,0.201148859506892,ax_water,155,0.933300903423686,Mammalia,OCHOTONIDAE,LAGOMORPHA,SES.body_mass.var,22,Endotherm,0.39322046315922
0.279279204610606,0.211157586139525,1.32261032964295,0.185964997306373,ax_productivity,155,0.933300903423686,Mammalia,OCHOTONIDAE,LAGOMORPHA,SES.body_mass.var,22,Endotherm,0.376739434198255
-0.00844441352485985,0.0582530487916326,-0.144960885310312,0.884741754518507,ax_structure,155,0.933300903423686,Mammalia,OCHOTONIDAE,LAGOMORPHA,SES.body_mass.var,22,Endotherm,0.938801507193121
0.230590056589941,0.142054142192724,1.62325471845165,0.104534965026371,ax_human,155,0.933300903423686,Mammalia,OCHOTONIDAE,LAGOMORPHA,SES.body_mass.var,22,Endotherm,0.265097663106445
-0.125781021674014,0.192378705076375,-0.653819878993774,0.513227857621062,ax_thermal,155,0.84181060241304,Mammalia,OCHOTONIDAE,LAGOMORPHA,SES.habitat_breadth.mean,22,Endotherm,0.700212277044214
0.393329178643792,0.218855633219054,1.79720838279775,0.0723025442320027,ax_water,155,0.84181060241304,Mammalia,OCHOTONIDAE,LAGOMORPHA,SES.habitat_breadth.mean,22,Endotherm,0.206369610054906
0.10972042242286,0.161780643410601,0.678204883537199,0.497641796597553,ax_productivity,155,0.84181060241304,Mammalia,OCHOTONIDAE,LAGOMORPHA,SES.habitat_breadth.mean,22,Endotherm,0.689945853689822
0.0289526618619421,0.04440328001855,0.652038809967344,0.514376136239872,ax_structure,155,0.84181060241304,Mammalia,OCHOTONIDAE,LAGOMORPHA,SES.habitat_breadth.mean,22,Endotherm,0.700212277044214
0.144881892396888,0.108925572540577,1.33009989314417,0.183485360750601,ax_human,155,0.84181060241304,Mammalia,OCHOTONIDAE,LAGOMORPHA,SES.habitat_breadth.mean,22,Endotherm,0.375947318021056
0.0995692116266704,0.0494545395771178,2.01334826849222,0.0440780037586896,ax_thermal,155,0.67112491288172,Mammalia,OCHOTONIDAE,LAGOMORPHA,SES.habitat_breadth.var,22,Endotherm,0.148962878797142
-0.149357098224231,0.0554862735739622,-2.69178462715,0.00710708249687553,ax_water,155,0.67112491288172,Mammalia,OCHOTONIDAE,LAGOMORPHA,SES.habitat_breadth.var,22,Endotherm,0.040407202905623
-0.0554602591955616,0.0458180214388927,-1.21044640195842,0.226107645649478,ax_productivity,155,0.67112491288172,Mammalia,OCHOTONIDAE,LAGOMORPHA,SES.habitat_breadth.var,22,Endotherm,0.425649907030392
0.0081760927148085,0.012480519150733,0.655108382597073,0.512397975402682,ax_structure,155,0.67112491288172,Mammalia,OCHOTONIDAE,LAGOMORPHA,SES.habitat_breadth.var,22,Endotherm,0.700212277044214
-0.00884021851726862,0.0309368861135657,-0.285750107002276,0.775069524178351,ax_human,155,0.67112491288172,Mammalia,OCHOTONIDAE,LAGOMORPHA,SES.habitat_breadth.var,22,Endotherm,0.890427721232876
0.0141103646181067,0.178385896203715,0.0791002255133038,0.936952904143237,ax_thermal,795,0.949032962333075,Mammalia,RHINOLOPHIDAE,CHIROPTERA,SES.FDis,24,Endotherm,0.965238462826684
-0.011236850493835,0.13575798723784,-0.0827711924908607,0.934033475567111,ax_water,795,0.949032962333075,Mammalia,RHINOLOPHIDAE,CHIROPTERA,SES.FDis,24,Endotherm,0.96439345500182
-0.152936819392423,0.0632507298772802,-2.41794552709753,0.0156084132261372,ax_productivity,795,0.949032962333075,Mammalia,RHINOLOPHIDAE,CHIROPTERA,SES.FDis,24,Endotherm,0.0708297576671246
0.0477844710547312,0.0368751343611425,1.29584534083989,0.195028773606166,ax_structure,795,0.949032962333075,Mammalia,RHINOLOPHIDAE,CHIROPTERA,SES.FDis,24,Endotherm,0.38785694045796
-0.0165313063797457,0.0392356721802442,-0.421333583984564,0.673511509865488,ax_human,795,0.949032962333075,Mammalia,RHINOLOPHIDAE,CHIROPTERA,SES.FDis,24,Endotherm,0.822921342209998
0.0186070124417262,0.176504288250856,0.105419605529816,0.916042859780881,ax_thermal,795,0.949157788507569,Mammalia,RHINOLOPHIDAE,CHIROPTERA,SES.RaoQ,24,Endotherm,0.953225411284902
-0.0712210782568668,0.134358996313429,-0.530080457662276,0.596056147830295,ax_water,795,0.949157788507569,Mammalia,RHINOLOPHIDAE,CHIROPTERA,SES.RaoQ,24,Endotherm,0.766845314209703
-0.152505177619981,0.0625647742866986,-2.43755658609326,0.014786899707574,ax_productivity,795,0.949157788507569,Mammalia,RHINOLOPHIDAE,CHIROPTERA,SES.RaoQ,24,Endotherm,0.0676932746353224
0.0439046215256258,0.0364746093407493,1.20370368097612,0.22870412903449,ax_structure,795,0.949157788507569,Mammalia,RHINOLOPHIDAE,CHIROPTERA,SES.RaoQ,24,Endotherm,0.426916459039093
-0.0296786314900073,0.0388103887416307,-0.764708431229188,0.44444518451496,ax_human,795,0.949157788507569,Mammalia,RHINOLOPHIDAE,CHIROPTERA,SES.RaoQ,24,Endotherm,0.640327480083583
-0.185337610620412,0.202009297898323,-0.917470693421734,0.358896043158399,ax_thermal,795,0.955477834244848,Mammalia,RHINOLOPHIDAE,CHIROPTERA,SES.body_mass.mean,24,Endotherm,0.566677962881683
-0.159855575790537,0.155689847721197,-1.02675658130773,0.304535098960847,ax_water,795,0.955477834244848,Mammalia,RHINOLOPHIDAE,CHIROPTERA,SES.body_mass.mean,24,Endotherm,0.511703511860462
-0.135880050005028,0.0705537395553943,-1.92590854660997,0.0541157940959656,ax_productivity,795,0.955477834244848,Mammalia,RHINOLOPHIDAE,CHIROPTERA,SES.body_mass.mean,24,Endotherm,0.171854210980431
0.0287980157846025,0.0411000505755191,0.700680787039123,0.483502248905831,ax_structure,795,0.955477834244848,Mammalia,RHINOLOPHIDAE,CHIROPTERA,SES.body_mass.mean,24,Endotherm,0.678554982665207
0.0193716996599301,0.0437805881165117,0.442472348895289,0.658147435201099,ax_human,795,0.955477834244848,Mammalia,RHINOLOPHIDAE,CHIROPTERA,SES.body_mass.mean,24,Endotherm,0.813112288027697
-0.0763948582573024,0.167469386903562,-0.456172078191788,0.648266242200347,ax_thermal,795,0.933239362547821,Mammalia,RHINOLOPHIDAE,CHIROPTERA,SES.body_mass.var,24,Endotherm,0.805890627211813
0.312663909497296,0.12360957668227,2.52944729598887,0.011424233033337,ax_water,795,0.933239362547821,Mammalia,RHINOLOPHIDAE,CHIROPTERA,SES.body_mass.var,24,Endotherm,0.0577409279953927
-0.0502349052426245,0.0618095809202752,-0.812736544960881,0.416369123732489,ax_productivity,795,0.933239362547821,Mammalia,RHINOLOPHIDAE,CHIROPTERA,SES.body_mass.var,24,Endotherm,0.615885748491997
0.030081542118241,0.0361273865949546,0.832652039171913,0.405041000791622,ax_structure,795,0.933239362547821,Mammalia,RHINOLOPHIDAE,CHIROPTERA,SES.body_mass.var,24,Endotherm,0.607561501187433
0.0297192206026745,0.0383220380704031,0.775512527493345,0.438036865842747,ax_human,795,0.933239362547821,Mammalia,RHINOLOPHIDAE,CHIROPTERA,SES.body_mass.var,24,Endotherm,0.635423848599047
-0.39101247109656,0.19191668160509,-2.03740741985709,0.0416092309332645,ax_thermal,795,0.939411006614631,Mammalia,RHINOLOPHIDAE,CHIROPTERA,SES.habitat_breadth.mean,24,Endotherm,0.143095160038788
-0.133370950133695,0.143332683469434,-0.930499219754972,0.352112667927774,ax_water,795,0.939411006614631,Mammalia,RHINOLOPHIDAE,CHIROPTERA,SES.habitat_breadth.mean,24,Endotherm,0.558468910886571
-0.0104104873719786,0.0696993554210771,-0.14936274961347,0.88126740346745,ax_productivity,795,0.939411006614631,Mammalia,RHINOLOPHIDAE,CHIROPTERA,SES.habitat_breadth.mean,24,Endotherm,0.938340133266837
0.0157742343024136,0.0406940801450475,0.387629705504802,0.698290082647537,ax_structure,795,0.939411006614631,Mammalia,RHINOLOPHIDAE,CHIROPTERA,SES.habitat_breadth.mean,24,Endotherm,0.842154911389133
0.0665566471680057,0.043219909588648,1.53995341039508,0.123571710283628,ax_human,795,0.939411006614631,Mammalia,RHINOLOPHIDAE,CHIROPTERA,SES.habitat_breadth.mean,24,Endotherm,0.292342468959589
-0.413490344355613,0.26028727256558,-1.58859225147642,0.112152478689925,ax_thermal,795,0.953815476518999,Mammalia,RHINOLOPHIDAE,CHIROPTERA,SES.habitat_breadth.var,24,Endotherm,0.2754965068864
-0.250660735251777,0.199955748208248,-1.25358104229502,0.209994325390434,ax_water,795,0.953815476518999,Mammalia,RHINOLOPHIDAE,CHIROPTERA,SES.habitat_breadth.var,24,Endotherm,0.405605477808921
-0.136420210771716,0.0912550783766728,-1.49493281029923,0.134931978325268,ax_productivity,795,0.953815476518999,Mammalia,RHINOLOPHIDAE,CHIROPTERA,SES.habitat_breadth.var,24,Endotherm,0.30835346748562
0.0722464693446912,0.0531694854176903,1.35879572234216,0.174211329212853,ax_structure,795,0.953815476518999,Mammalia,RHINOLOPHIDAE,CHIROPTERA,SES.habitat_breadth.var,24,Endotherm,0.359196264340418
0.0353008454960935,0.0566211011763836,0.623457417158416,0.532983976860767,ax_human,795,0.953815476518999,Mammalia,RHINOLOPHIDAE,CHIROPTERA,SES.habitat_breadth.var,24,Endotherm,0.71545156307883
-0.356794338455362,0.0897526139863144,-3.97530860226273,7.02880528029581e-05,ax_thermal,1048,0.934010300369456,Mammalia,SCIURIDAE,RODENTIA,SES.FDis,49,Endotherm,0.00110117949391301
-0.0369940931650559,0.0501009923935077,-0.73839042696986,0.460277230194774,ax_water,1048,0.934010300369456,Mammalia,SCIURIDAE,RODENTIA,SES.FDis,49,Endotherm,0.656873375075537
0.0157138230752933,0.0457027053888278,0.343826977891217,0.730976410344591,ax_productivity,1048,0.934010300369456,Mammalia,SCIURIDAE,RODENTIA,SES.FDis,49,Endotherm,0.86706729302132
0.0468756706971455,0.0219328397502714,2.13723672952862,0.0325787420358137,ax_structure,1048,0.934010300369456,Mammalia,SCIURIDAE,RODENTIA,SES.FDis,49,Endotherm,0.120566998085295
-0.0057727719379451,0.0261799129581459,-0.220503862911007,0.82547876424582,ax_human,1048,0.934010300369456,Mammalia,SCIURIDAE,RODENTIA,SES.FDis,49,Endotherm,0.914452373514535
-0.444340357140727,0.0910820286972811,-4.87846355088917,1.06915416209219e-06,ax_thermal,1048,0.934276959258389,Mammalia,SCIURIDAE,RODENTIA,SES.RaoQ,49,Endotherm,3.35001637455553e-05
-0.0257994402089956,0.0508010429970479,-0.507852569296557,0.611556739840952,ax_water,1048,0.934276959258389,Mammalia,SCIURIDAE,RODENTIA,SES.RaoQ,49,Endotherm,0.780357468937323
0.00989540260180493,0.0463417219812759,0.213531180515974,0.830912671341572,ax_productivity,1048,0.934276959258389,Mammalia,SCIURIDAE,RODENTIA,SES.RaoQ,49,Endotherm,0.918809680389213
0.0429620755866769,0.0222351748323924,1.93216720401449,0.0533388716793937,ax_structure,1048,0.934276959258389,Mammalia,SCIURIDAE,RODENTIA,SES.RaoQ,49,Endotherm,0.170153414180871
0.0102667680469981,0.0265429848814656,0.386797795833698,0.698905909133382,ax_human,1048,0.934276959258389,Mammalia,SCIURIDAE,RODENTIA,SES.RaoQ,49,Endotherm,0.842154911389133
-0.218159509935775,0.0965420586642375,-2.25973542468686,0.0238376763135055,ax_thermal,1048,0.942485422258391,Mammalia,SCIURIDAE,RODENTIA,SES.body_mass.mean,49,Endotherm,0.0960317817201223
-0.112919520390628,0.0525099290543153,-2.15044130556386,0.0315203240314161,ax_water,1048,0.942485422258391,Mammalia,SCIURIDAE,RODENTIA,SES.body_mass.mean,49,Endotherm,0.118141928283243
-0.0108661299744983,0.047922691901435,-0.226742896597862,0.820623669041494,ax_productivity,1048,0.942485422258391,Mammalia,SCIURIDAE,RODENTIA,SES.body_mass.mean,49,Endotherm,0.914000045805795
-0.00139502728521002,0.0228576158302284,-0.0610311808358048,0.951334376617085,ax_structure,1048,0.942485422258391,Mammalia,SCIURIDAE,RODENTIA,SES.body_mass.mean,49,Endotherm,0.97626016814417
-0.058185717418547,0.0273560585644264,-2.12697736706162,0.0334219637625228,ax_human,1048,0.942485422258391,Mammalia,SCIURIDAE,RODENTIA,SES.body_mass.mean,49,Endotherm,0.122402516636772
-0.318801433449757,0.088579631763533,-3.59903769187944,0.000319396898800672,ax_thermal,1048,0.929977373147795,Mammalia,SCIURIDAE,RODENTIA,SES.body_mass.var,49,Endotherm,0.00381652226533007
0.0177087184783673,0.0500713127422544,0.353669946093169,0.723586248252071,ax_water,1048,0.929977373147795,Mammalia,SCIURIDAE,RODENTIA,SES.body_mass.var,49,Endotherm,0.862431623022334
-0.0154582350934804,0.0456715674793716,-0.338465175307643,0.735012666174813,ax_productivity,1048,0.929977373147795,Mammalia,SCIURIDAE,RODENTIA,SES.body_mass.var,49,Endotherm,0.869734853945485
0.0504958037897243,0.0219827429649421,2.29706565146373,0.0216150248576807,ax_structure,1048,0.929977373147795,Mammalia,SCIURIDAE,RODENTIA,SES.body_mass.var,49,Endotherm,0.0885964681666565
-0.00709247247425494,0.0262069226858168,-0.270633548214853,0.786672890636613,ax_human,1048,0.929977373147795,Mammalia,SCIURIDAE,RODENTIA,SES.body_mass.var,49,Endotherm,0.896692623926939
-0.209854889553505,0.0931898434131779,-2.25190730950224,0.0243281301256897,ax_thermal,1048,0.956416685702468,Mammalia,SCIURIDAE,RODENTIA,SES.habitat_breadth.mean,49,Endotherm,0.0977283859749928
-0.0406401271954851,0.048699888283029,-0.83450144606692,0.403998472824461,ax_water,1048,0.956416685702468,Mammalia,SCIURIDAE,RODENTIA,SES.habitat_breadth.mean,49,Endotherm,0.607561501187433
0.0438592742527979,0.0445079952172163,0.985424619526169,0.324415541460283,ax_productivity,1048,0.956416685702468,Mammalia,SCIURIDAE,RODENTIA,SES.habitat_breadth.mean,49,Endotherm,0.532398589404184
0.0334563522285675,0.0210257507433736,1.59120844895926,0.111562672069398,ax_structure,1048,0.956416685702468,Mammalia,SCIURIDAE,RODENTIA,SES.habitat_breadth.mean,49,Endotherm,0.275005887443795
0.00526796187464369,0.0252728966654617,0.208443137499271,0.834882977090627,ax_human,1048,0.956416685702468,Mammalia,SCIURIDAE,RODENTIA,SES.habitat_breadth.mean,49,Endotherm,0.918963007274153
-0.526585509030454,0.0845824299708229,-6.22570797755636,4.79386308427365e-10,ax_thermal,1048,0.960967874222861,Mammalia,SCIURIDAE,RODENTIA,SES.habitat_breadth.var,49,Endotherm,4.50623129921723e-08
-0.0352792161177131,0.0436788773317897,-0.807695121138946,0.419266112907072,ax_water,1048,0.960967874222861,Mammalia,SCIURIDAE,RODENTIA,SES.habitat_breadth.var,49,Endotherm,0.6170826922745
-0.0260366698461063,0.0399412379796558,-0.651874382545881,0.514482212069366,ax_productivity,1048,0.960967874222861,Mammalia,SCIURIDAE,RODENTIA,SES.habitat_breadth.var,49,Endotherm,0.700212277044214
0.0451075769725729,0.0188131035120961,2.39766803725767,0.0164998109989118,ax_structure,1048,0.960967874222861,Mammalia,SCIURIDAE,RODENTIA,SES.habitat_breadth.var,49,Endotherm,0.0729301990860994
0.0455728728506925,0.0226441973042218,2.01256296429619,0.0441606264802876,ax_human,1048,0.960967874222861,Mammalia,SCIURIDAE,RODENTIA,SES.habitat_breadth.var,49,Endotherm,0.148962878797142
0.235505111180681,0.100417643894825,2.34525629208492,0.019014004450171,ax_thermal,987,0.949782989908623,Mammalia,SORICIDAE,EULIPOTYPHLA,SES.FDis,60,Endotherm,0.0797909115319675
-0.150035161646404,0.0611858912659282,-2.45212022808194,0.0142017202054694,ax_water,987,0.949782989908623,Mammalia,SORICIDAE,EULIPOTYPHLA,SES.FDis,60,Endotherm,0.0652261416602992
-0.0996360390860001,0.0480317733131573,-2.07437769237445,0.0380442474188696,ax_productivity,987,0.949782989908623,Mammalia,SORICIDAE,EULIPOTYPHLA,SES.FDis,60,Endotherm,0.133520302547704
-0.0624745161819101,0.0254408475507394,-2.45567747133072,0.0140619300137099,ax_structure,987,0.949782989908623,Mammalia,SORICIDAE,EULIPOTYPHLA,SES.FDis,60,Endotherm,0.064795167710232
0.00951718995646908,0.0341350837471858,0.278809626686611,0.780390926274046,ax_human,987,0.949782989908623,Mammalia,SORICIDAE,EULIPOTYPHLA,SES.FDis,60,Endotherm,0.891694656439551
0.203246775404541,0.0963316778393486,2.10986437652933,0.0348700394522914,ax_thermal,987,0.948587002696545,Mammalia,SORICIDAE,EULIPOTYPHLA,SES.RaoQ,60,Endotherm,0.126068604173669
-0.147569564802116,0.0591954417332086,-2.49292108448495,0.0126697001828735,ax_water,987,0.948587002696545,Mammalia,SORICIDAE,EULIPOTYPHLA,SES.RaoQ,60,Endotherm,0.060838960056539
-0.0897724803637636,0.0464477370763638,-1.9327632736159,0.0532653665508887,ax_productivity,987,0.948587002696545,Mammalia,SORICIDAE,EULIPOTYPHLA,SES.RaoQ,60,Endotherm,0.170153414180871
-0.0516247686229178,0.0246328628540471,-2.09576811793259,0.0361027658588646,ax_structure,987,0.948587002696545,Mammalia,SORICIDAE,EULIPOTYPHLA,SES.RaoQ,60,Endotherm,0.128223929120905
0.00797449058940608,0.0330315694868052,0.241420275006659,0.809229400226204,ax_human,987,0.948587002696545,Mammalia,SORICIDAE,EULIPOTYPHLA,SES.RaoQ,60,Endotherm,0.908450202483238
0.293751971828479,0.0853120667808188,3.44326404121913,0.000574737882165222,ax_thermal,987,0.961511484275768,Mammalia,SORICIDAE,EULIPOTYPHLA,SES.body_mass.mean,60,Endotherm,0.00593063207135964
-0.0224662566735109,0.0479066745981829,-0.468958800875798,0.639099084867097,ax_water,987,0.961511484275768,Mammalia,SORICIDAE,EULIPOTYPHLA,SES.body_mass.mean,60,Endotherm,0.799173065552718
-0.0650478961571209,0.0377848707068127,-1.72153285006193,0.0851541764533597,ax_productivity,987,0.961511484275768,Mammalia,SORICIDAE,EULIPOTYPHLA,SES.body_mass.mean,60,Endotherm,0.231706703854169
-0.0110089222915901,0.0197664736442169,-0.556949230790642,0.577562117000777,ax_structure,987,0.961511484275768,Mammalia,SORICIDAE,EULIPOTYPHLA,SES.body_mass.mean,60,Endotherm,0.753251564053501
0.0435985257956401,0.0266800346384162,1.63412553193852,0.102232494798033,ax_human,987,0.961511484275768,Mammalia,SORICIDAE,EULIPOTYPHLA,SES.body_mass.mean,60,Endotherm,0.261121964532628
0.207450590278555,0.0878077424496143,2.36255465054911,0.0181494652338057,ax_thermal,987,0.959391399469569,Mammalia,SORICIDAE,EULIPOTYPHLA,SES.body_mass.var,60,Endotherm,0.077547715089897
-0.098553973303588,0.050024280021601,-1.97012277360177,0.0488243014768304,ax_water,987,0.959391399469569,Mammalia,SORICIDAE,EULIPOTYPHLA,SES.body_mass.var,60,Endotherm,0.160846413743764
-0.135577233433195,0.0394211147618295,-3.43920343836828,0.000583428621349524,ax_productivity,987,0.959391399469569,Mammalia,SORICIDAE,EULIPOTYPHLA,SES.body_mass.var,60,Endotherm,0.00596111852248427
-0.0284636669866065,0.0206686014127526,-1.37714528516885,0.168467334151564,ax_structure,987,0.959391399469569,Mammalia,SORICIDAE,EULIPOTYPHLA,SES.body_mass.var,60,Endotherm,0.356130346557279
-0.0463874224146997,0.0278671249097516,-1.66459304879591,0.0959939731180852,ax_human,987,0.959391399469569,Mammalia,SORICIDAE,EULIPOTYPHLA,SES.body_mass.var,60,Endotherm,0.252521459135262
0.0546190527437635,0.0966984858519596,0.56483875897894,0.572183441430257,ax_thermal,987,0.95937257986353,Mammalia,SORICIDAE,EULIPOTYPHLA,SES.habitat_breadth.mean,60,Endotherm,0.750491769689918
0.0251079488366305,0.0550964624272488,0.455708909982812,0.648599313994112,ax_water,987,0.95937257986353,Mammalia,SORICIDAE,EULIPOTYPHLA,SES.habitat_breadth.mean,60,Endotherm,0.805890627211813
-0.0428821555743079,0.0434178633433543,-0.987661581482951,0.323318415855457,ax_productivity,987,0.95937257986353,Mammalia,SORICIDAE,EULIPOTYPHLA,SES.habitat_breadth.mean,60,Endotherm,0.532398589404184
-0.0812080313636619,0.0227645608763495,-3.56730058641413,0.000360677665578679,ax_structure,987,0.95937257986353,Mammalia,SORICIDAE,EULIPOTYPHLA,SES.habitat_breadth.mean,60,Endotherm,0.00416848777431096
0.0610628096251378,0.0306927734785316,1.98948490816084,0.0466477059749852,ax_human,987,0.95937257986353,Mammalia,SORICIDAE,EULIPOTYPHLA,SES.habitat_breadth.mean,60,Endotherm,0.154616763772605
0.318869135373532,0.0919877036113741,3.46643217359439,0.000527414784504243,ax_thermal,987,0.955366796752396,Mammalia,SORICIDAE,EULIPOTYPHLA,SES.habitat_breadth.var,60,Endotherm,0.00550855441593321
0.113526001486482,0.0538873987461657,2.10672632429784,0.0351413090078614,ax_water,987,0.955366796752396,Mammalia,SORICIDAE,EULIPOTYPHLA,SES.habitat_breadth.var,60,Endotherm,0.126402511523522
-0.0681504131255301,0.0423961868158738,-1.60746562943282,0.107952263269597,ax_productivity,987,0.955366796752396,Mammalia,SORICIDAE,EULIPOTYPHLA,SES.habitat_breadth.var,60,Endotherm,0.269402993292269
0.0118264132411966,0.0223234622077151,0.529775047040388,0.596267907946279,ax_structure,987,0.955366796752396,Mammalia,SORICIDAE,EULIPOTYPHLA,SES.habitat_breadth.var,60,Endotherm,0.766845314209703
0.0267563932714733,0.0300363068269814,0.890801702938998,0.373035561416239,ax_human,987,0.955366796752396,Mammalia,SORICIDAE,EULIPOTYPHLA,SES.habitat_breadth.var,60,Endotherm,0.581079302587388
-0.37967975148588,0.102227417249142,-3.71406968602708,0.000203952591831591,ax_thermal,103,0.671908556488622,Mammalia,TALPIDAE,EULIPOTYPHLA,SES.FDis,15,Endotherm,0.00268759957460321
0.379285033482573,0.163464528496341,2.32028952685636,0.0203252202942184,ax_water,103,0.671908556488622,Mammalia,TALPIDAE,EULIPOTYPHLA,SES.FDis,15,Endotherm,0.0845385268874568
0.114897070025898,0.0642644326424833,1.7878796295471,0.0737954300590333,ax_productivity,103,0.671908556488622,Mammalia,TALPIDAE,EULIPOTYPHLA,SES.FDis,15,Endotherm,0.209359268376734
0.00500309916457895,0.041177980942936,0.121499380251601,0.903295505555482,ax_structure,103,0.671908556488622,Mammalia,TALPIDAE,EULIPOTYPHLA,SES.FDis,15,Endotherm,0.94624566332335
0.0495448443811625,0.0677078692922448,0.731744255122163,0.464324679292655,ax_human,103,0.671908556488622,Mammalia,TALPIDAE,EULIPOTYPHLA,SES.FDis,15,Endotherm,0.658649695978515
-0.22902444884825,0.0923975377716818,-2.47868562703672,0.0131867474783989,ax_thermal,103,0.588038405679163,Mammalia,TALPIDAE,EULIPOTYPHLA,SES.RaoQ,15,Endotherm,0.0619777131484747
0.190993181604152,0.155242202297284,1.23029162674726,0.218587918724739,ax_water,103,0.588038405679163,Mammalia,TALPIDAE,EULIPOTYPHLA,SES.RaoQ,15,Endotherm,0.415926231423865
0.0714845431106338,0.0628930046310339,1.13660562935421,0.255703185710974,ax_productivity,103,0.588038405679163,Mammalia,TALPIDAE,EULIPOTYPHLA,SES.RaoQ,15,Endotherm,0.454655096913585
0.0423061154718779,0.0412603874961041,1.02534459900243,0.305200618921782,ax_structure,103,0.588038405679163,Mammalia,TALPIDAE,EULIPOTYPHLA,SES.RaoQ,15,Endotherm,0.511703511860462
9.39302543530418e-05,0.0686215797376391,0.00136881509741054,0.998907843908236,ax_human,103,0.588038405679163,Mammalia,TALPIDAE,EULIPOTYPHLA,SES.RaoQ,15,Endotherm,0.998907843908236
0.587760209665096,0.130907295413761,4.48989651651845,7.12577836159412e-06,ax_thermal,103,0.635784234998275,Mammalia,TALPIDAE,EULIPOTYPHLA,SES.body_mass.mean,15,Endotherm,0.00015698980452887
-0.00655316343987731,0.214317530401275,-0.0305768894761318,0.975606973056686,ax_water,103,0.635784234998275,Mammalia,TALPIDAE,EULIPOTYPHLA,SES.body_mass.mean,15,Endotherm,0.988222580466902
-0.428804860175104,0.0852428092484979,-5.03039334291602,4.89474615950059e-07,ax_productivity,103,0.635784234998275,Mammalia,TALPIDAE,EULIPOTYPHLA,SES.body_mass.mean,15,Endotherm,1.68331514265752e-05
0.00620556532372228,0.0552699238890765,0.112277435666032,0.910603432392671,ax_structure,103,0.635784234998275,Mammalia,TALPIDAE,EULIPOTYPHLA,SES.body_mass.mean,15,Endotherm,0.949143165625064
-0.0204602770797173,0.0912945281185493,-0.224112852121311,0.822669492275287,ax_human,103,0.635784234998275,Mammalia,TALPIDAE,EULIPOTYPHLA,SES.body_mass.mean,15,Endotherm,0.914452373514535
0.0538182928642944,0.0855656620282556,0.628970682731613,0.529368249759316,ax_thermal,103,0.684683296441414,Mammalia,TALPIDAE,EULIPOTYPHLA,SES.body_mass.var,15,Endotherm,0.713584351970014
0.00551668783645928,0.135562569940773,0.0406947717122027,0.967539229713875,ax_water,103,0.684683296441414,Mammalia,TALPIDAE,EULIPOTYPHLA,SES.body_mass.var,15,Endotherm,0.982767956217441
-0.189735422475696,0.0531073301633219,-3.57267860937839,0.000353348321380897,ax_productivity,103,0.684683296441414,Mammalia,TALPIDAE,EULIPOTYPHLA,SES.body_mass.var,15,Endotherm,0.00415184277622554
-0.0220970723516048,0.0338629125623031,-0.652544943112888,0.514049689744082,ax_structure,103,0.684683296441414,Mammalia,TALPIDAE,EULIPOTYPHLA,SES.body_mass.var,15,Endotherm,0.700212277044214
0.0444536065554005,0.0555977768157635,0.799557268318626,0.423967353846507,ax_human,103,0.684683296441414,Mammalia,TALPIDAE,EULIPOTYPHLA,SES.body_mass.var,15,Endotherm,0.6208978257872
-0.330793321229359,0.177457378440591,-1.86407194863471,0.0623116011996057,ax_thermal,103,0.861595914026966,Mammalia,TALPIDAE,EULIPOTYPHLA,SES.habitat_breadth.mean,15,Endotherm,0.189352063990181
-0.56423288107171,0.235270616639279,-2.39822927797568,0.0164745495436074,ax_water,103,0.861595914026966,Mammalia,TALPIDAE,EULIPOTYPHLA,SES.habitat_breadth.mean,15,Endotherm,0.0729301990860994
0.2048313807006,0.0917722585607537,2.23195314044713,0.0256180601495475,ax_productivity,103,0.861595914026966,Mammalia,TALPIDAE,EULIPOTYPHLA,SES.habitat_breadth.mean,15,Endotherm,0.10175060510102
0.00815405409071702,0.0521440551716494,0.156375526680371,0.875737026726781,ax_structure,103,0.861595914026966,Mammalia,TALPIDAE,EULIPOTYPHLA,SES.habitat_breadth.mean,15,Endotherm,0.936672912116853
0.0128291666356301,0.0846285978572995,0.151593751526672,0.879507362007228,ax_human,103,0.861595914026966,Mammalia,TALPIDAE,EULIPOTYPHLA,SES.habitat_breadth.mean,15,Endotherm,0.937429780934182
0.204884465307293,0.121908129457344,1.68064645253197,0.0928316072721247,ax_thermal,103,0.622036366697391,Mammalia,TALPIDAE,EULIPOTYPHLA,SES.habitat_breadth.var,15,Endotherm,0.246038658371609
-0.146154105795702,0.201194962125496,-0.726430245825629,0.467575054972854,ax_water,103,0.622036366697391,Mammalia,TALPIDAE,EULIPOTYPHLA,SES.habitat_breadth.var,15,Endotherm,0.662593796494195
0.0668727202480106,0.0804235170233191,0.83150703579179,0.405687255247166,ax_productivity,103,0.622036366697391,Mammalia,TALPIDAE,EULIPOTYPHLA,SES.habitat_breadth.var,15,Endotherm,0.607884197554202
0.0521547057333773,0.0523435826263575,0.996391594088459,0.319059915643997,ax_structure,103,0.622036366697391,Mammalia,TALPIDAE,EULIPOTYPHLA,SES.habitat_breadth.var,15,Endotherm,0.52740267415948
-0.0684363958413762,0.0866234953783103,-0.79004426619469,0.42950191698699,ax_human,103,0.622036366697391,Mammalia,TALPIDAE,EULIPOTYPHLA,SES.habitat_breadth.var,15,Endotherm,0.6269127359748
-0.0174597251346467,0.0599885052158757,-0.291051178418529,0.77101217818909,ax_thermal,2090,0.949627284346565,Mammalia,VESPERTILIONIDAE,CHIROPTERA,SES.FDis,84,Endotherm,0.890358043609022
0.00214999109007498,0.0422791456914272,0.0508522831981189,0.959443228769736,ax_water,2090,0.949627284346565,Mammalia,VESPERTILIONIDAE,CHIROPTERA,SES.FDis,84,Endotherm,0.981723477913881
-0.0380406818522224,0.0275974901831886,-1.37841092069291,0.168076453559417,ax_productivity,2090,0.949627284346565,Mammalia,VESPERTILIONIDAE,CHIROPTERA,SES.FDis,84,Endotherm,0.356130346557279
-0.0350328809131968,0.0170573401954867,-2.05383022861128,0.039992126127564,ax_structure,2090,0.949627284346565,Mammalia,VESPERTILIONIDAE,CHIROPTERA,SES.FDis,84,Endotherm,0.137870165867641
0.0157727309174283,0.0161797532052516,0.974843727054429,0.329637783099409,ax_human,2090,0.949627284346565,Mammalia,VESPERTILIONIDAE,CHIROPTERA,SES.FDis,84,Endotherm,0.538411400063591
0.00813931032519744,0.0597504358139604,0.136221773353086,0.891645962961322,ax_thermal,2090,0.948736065339383,Mammalia,VESPERTILIONIDAE,CHIROPTERA,SES.RaoQ,84,Endotherm,0.940994928750994
0.00287459013342175,0.042249996653246,0.0680376416834794,0.945755669963967,ax_water,2090,0.948736065339383,Mammalia,VESPERTILIONIDAE,CHIROPTERA,SES.RaoQ,84,Endotherm,0.971950068986293
-0.0436951318353608,0.0276056403534143,-1.58283348170754,0.113459423180077,ax_productivity,2090,0.948736065339383,Mammalia,VESPERTILIONIDAE,CHIROPTERA,SES.RaoQ,84,Endotherm,0.27677817765382
-0.0372419650065286,0.0170670121483851,-2.18210221465463,0.0291019898027345,ax_structure,2090,0.948736065339383,Mammalia,VESPERTILIONIDAE,CHIROPTERA,SES.RaoQ,84,Endotherm,0.110902177356367
0.0111268574008449,0.0161887209846297,0.687321587135216,0.491880098314636,ax_human,2090,0.948736065339383,Mammalia,VESPERTILIONIDAE,CHIROPTERA,SES.RaoQ,84,Endotherm,0.685327014450234
0.0421870309711142,0.0623384897117643,0.67674130647334,0.498570103566708,ax_thermal,2090,0.942528100367887,Mammalia,VESPERTILIONIDAE,CHIROPTERA,SES.body_mass.mean,84,Endotherm,0.690553876256442
0.0213965765031942,0.0451003955988026,0.474421038199547,0.635199693572036,ax_water,2090,0.942528100367887,Mammalia,VESPERTILIONIDAE,CHIROPTERA,SES.body_mass.mean,84,Endotherm,0.797534788901666
-0.00263603712477664,0.0296754355578623,-0.0888289278732504,0.929217867441618,ax_productivity,2090,0.942528100367887,Mammalia,VESPERTILIONIDAE,CHIROPTERA,SES.body_mass.mean,84,Endotherm,0.962180894463295
-0.0681328613017533,0.0183837945190188,-3.70613701275147,0.000210444484077588,ax_structure,2090,0.942528100367887,Mammalia,VESPERTILIONIDAE,CHIROPTERA,SES.body_mass.mean,84,Endotherm,0.00272301680422396
0.0209029251920616,0.0174348265989797,1.19891787127294,0.230559881967294,ax_human,2090,0.942528100367887,Mammalia,VESPERTILIONIDAE,CHIROPTERA,SES.body_mass.mean,84,Endotherm,0.428102447560546
0.0657060624578905,0.0712916915650656,0.921651050991302,0.356710620553029,ax_thermal,2090,0.96489947607717,Mammalia,VESPERTILIONIDAE,CHIROPTERA,SES.body_mass.var,84,Endotherm,0.563858716345034
0.0120277193784707,0.0475800872228597,0.252788930842734,0.800431321869447,ax_water,2090,0.96489947607717,Mammalia,VESPERTILIONIDAE,CHIROPTERA,SES.body_mass.var,84,Endotherm,0.902164799229353
-0.0544606044304537,0.0305698214829288,-1.78151529150625,0.0748283090594732,ax_productivity,2090,0.96489947607717,Mammalia,VESPERTILIONIDAE,CHIROPTERA,SES.body_mass.var,84,Endotherm,0.210594642263188
-0.0276669462908753,0.0188212053515626,-1.4699880147994,0.141565000037232,ax_structure,2090,0.96489947607717,Mammalia,VESPERTILIONIDAE,CHIROPTERA,SES.body_mass.var,84,Endotherm,0.316835952464281
-0.0060020996483256,0.0178494682466018,-0.336262098422359,0.736673228547757,ax_human,2090,0.96489947607717,Mammalia,VESPERTILIONIDAE,CHIROPTERA,SES.body_mass.var,84,Endotherm,0.869734853945485
-0.258435123198889,0.066192368996487,-3.9043038815034,9.44969851897071e-05,ax_thermal,2090,0.971541744973956,Mammalia,VESPERTILIONIDAE,CHIROPTERA,SES.habitat_breadth.mean,84,Endotherm,0.00141745477784561
-0.0444872105725107,0.0432492341654486,-1.02862423880909,0.303656283338219,ax_water,2090,0.971541744973956,Mammalia,VESPERTILIONIDAE,CHIROPTERA,SES.habitat_breadth.mean,84,Endotherm,0.510925250008221
0.00346150577941689,0.0276175936291919,0.125336979966208,0.900256777222697,ax_productivity,2090,0.971541744973956,Mammalia,VESPERTILIONIDAE,CHIROPTERA,SES.habitat_breadth.mean,84,Endotherm,0.945169066183174
-0.0427250656911308,0.0169827580286522,-2.51579075784086,0.0118765669316363,ax_structure,2090,0.971541744973956,Mammalia,VESPERTILIONIDAE,CHIROPTERA,SES.habitat_breadth.mean,84,Endotherm,0.0589646456817154
0.0270646358333436,0.0161013482263279,1.68089252234724,0.0927837926777493,ax_human,2090,0.971541744973956,Mammalia,VESPERTILIONIDAE,CHIROPTERA,SES.habitat_breadth.mean,84,Endotherm,0.246038658371609
-0.115684202883267,0.0642276680039364,-1.80115838669679,0.0716779192001258,ax_thermal,2090,0.968741768317156,Mammalia,VESPERTILIONIDAE,CHIROPTERA,SES.habitat_breadth.var,84,Endotherm,0.206369610054906
-0.110060971844887,0.0423306417171806,-2.60003079046678,0.00932153962899185,ax_water,2090,0.968741768317156,Mammalia,VESPERTILIONIDAE,CHIROPTERA,SES.habitat_breadth.var,84,Endotherm,0.0501655376980096
0.0068690857606374,0.0270991020928005,0.25348019787203,0.799897161418949,ax_productivity,2090,0.968741768317156,Mammalia,VESPERTILIONIDAE,CHIROPTERA,SES.habitat_breadth.var,84,Endotherm,0.902164799229353
-0.0514954592296776,0.0166719610161903,-3.08874637960525,0.00201002950288665,ax_structure,2090,0.968741768317156,Mammalia,VESPERTILIONIDAE,CHIROPTERA,SES.habitat_breadth.var,84,Endotherm,0.0162881701095987
0.0325922025593581,0.0158087633672007,2.06165414728005,0.0392406749374239,ax_human,2090,0.968741768317156,Mammalia,VESPERTILIONIDAE,CHIROPTERA,SES.habitat_breadth.var,84,Endotherm,0.135611156033744
0.274672694245594,0.123380749677603,2.22622001376488,0.0259994480346364,ax_thermal,157,0.943352527390586,Reptilia,AGAMIDAE,SQUAMATA,SES.FDis,57,Ectotherm,0.102529385390096
-0.462841408458986,0.0892490194464241,-5.18595510998111,2.14910575335736e-07,ax_water,157,0.943352527390586,Reptilia,AGAMIDAE,SQUAMATA,SES.FDis,57,Ectotherm,9.46949722573087e-06
-0.112340126128992,0.0824618396860531,-1.36232864263872,0.173094192202039,ax_productivity,157,0.943352527390586,Reptilia,AGAMIDAE,SQUAMATA,SES.FDis,57,Ectotherm,0.358915898536581
0.0582230780794373,0.0323848453808731,1.79784950011911,0.0722008606345195,ax_structure,157,0.943352527390586,Reptilia,AGAMIDAE,SQUAMATA,SES.FDis,57,Ectotherm,0.206369610054906
-0.0785368232741081,0.070464831621686,-1.11455347961036,0.265041814959365,ax_human,157,0.943352527390586,Reptilia,AGAMIDAE,SQUAMATA,SES.FDis,57,Ectotherm,0.467136198865881
0.402622813122797,0.12675170440108,3.17646863231739,0.00149079910673988,ax_thermal,157,0.946953482754959,Reptilia,AGAMIDAE,SQUAMATA,SES.RaoQ,57,Ectotherm,0.0128958695736395
-0.527160559174021,0.0914140383475689,-5.76673527067783,8.08218558745466e-09,ax_water,157,0.946953482754959,Reptilia,AGAMIDAE,SQUAMATA,SES.RaoQ,57,Ectotherm,5.99783246226899e-07
-0.165109085152021,0.0844021561306389,-1.95621880673833,0.0504393839880439,ax_productivity,157,0.946953482754959,Reptilia,AGAMIDAE,SQUAMATA,SES.RaoQ,57,Ectotherm,0.164233586281776
0.0737366163746142,0.0331329432304219,2.22547740059842,0.0260492066079365,ax_structure,157,0.946953482754959,Reptilia,AGAMIDAE,SQUAMATA,SES.RaoQ,57,Ectotherm,0.102529385390096
-0.0941383193805517,0.0721167515123057,-1.30535995322097,0.19177030805273,ax_human,157,0.946953482754959,Reptilia,AGAMIDAE,SQUAMATA,SES.RaoQ,57,Ectotherm,0.383995916590066
0.657092636244198,0.186764777644402,3.51828992881781,0.000434337546616259,ax_thermal,157,0.916012087085982,Reptilia,AGAMIDAE,SQUAMATA,SES.body_mass.mean,57,Ectotherm,0.00486044397403909
0.189412081987318,0.138384409768641,1.36873859059693,0.171081002761759,ax_water,157,0.916012087085982,Reptilia,AGAMIDAE,SQUAMATA,SES.body_mass.mean,57,Ectotherm,0.358460226143067
-0.447990262096406,0.128584631775665,-3.48401092657784,0.000493959321589133,ax_productivity,157,0.916012087085982,Reptilia,AGAMIDAE,SQUAMATA,SES.body_mass.mean,57,Ectotherm,0.00526577669539457
-0.159402947744345,0.0506436798454228,-3.14753880900604,0.00164651247428549,ax_structure,157,0.916012087085982,Reptilia,AGAMIDAE,SQUAMATA,SES.body_mass.mean,57,Ectotherm,0.0139016921481589
-0.204325968565362,0.109979937071012,-1.85784765846367,0.0631906510549805,ax_human,157,0.916012087085982,Reptilia,AGAMIDAE,SQUAMATA,SES.body_mass.mean,57,Ectotherm,0.191610361263489
-0.0878024597979784,0.189448545833221,-0.463463361050415,0.643032271330098,ax_thermal,157,0.855809852759379,Reptilia,AGAMIDAE,SQUAMATA,SES.body_mass.var,57,Ectotherm,0.801157048065807
0.121319321283045,0.148779098959045,0.815432558281866,0.414824754056073,ax_water,157,0.855809852759379,Reptilia,AGAMIDAE,SQUAMATA,SES.body_mass.var,57,Ectotherm,0.615885748491997
-0.229560518575696,0.140166974203898,-1.63776467230975,0.101470793748879,ax_productivity,157,0.855809852759379,Reptilia,AGAMIDAE,SQUAMATA,SES.body_mass.var,57,Ectotherm,0.26060804951898
-0.0363202014562618,0.0554250543940114,-0.655302946535064,0.512272724085781,ax_structure,157,0.855809852759379,Reptilia,AGAMIDAE,SQUAMATA,SES.body_mass.var,57,Ectotherm,0.700212277044214
0.175411032107328,0.120299344325855,1.45812126483575,0.144807120990627,ax_human,157,0.855809852759379,Reptilia,AGAMIDAE,SQUAMATA,SES.body_mass.var,57,Ectotherm,0.32103465502639
-0.209071778172915,0.130811918971528,-1.59826245052197,0.109984580384304,ax_thermal,157,0.906002121132801,Reptilia,AGAMIDAE,SQUAMATA,SES.habitat_breadth.mean,57,Ectotherm,0.272545269493619
-0.271041624550228,0.09783038249606,-2.77052606393667,0.00559658208786251,ax_water,157,0.906002121132801,Reptilia,AGAMIDAE,SQUAMATA,SES.habitat_breadth.mean,57,Ectotherm,0.0333485227079063
-0.0716161456616673,0.0911001490736957,-0.786125449737006,0.431793995875582,ax_productivity,157,0.906002121132801,Reptilia,AGAMIDAE,SQUAMATA,SES.habitat_breadth.mean,57,Ectotherm,0.629606550345989
-0.0781073417588469,0.0359123682917449,-2.17494265831533,0.0296344136827633,ax_structure,157,0.906002121132801,Reptilia,AGAMIDAE,SQUAMATA,SES.habitat_breadth.mean,57,Ectotherm,0.112422105395134
-0.113761251239506,0.0779545449249729,-1.45932801415229,0.144474848483437,ax_human,157,0.906002121132801,Reptilia,AGAMIDAE,SQUAMATA,SES.habitat_breadth.mean,57,Ectotherm,0.32080241946716
-0.64150006252619,0.125863546363311,-5.09678998456368,3.45461212303277e-07,ax_thermal,157,0.851044830689111,Reptilia,AGAMIDAE,SQUAMATA,SES.habitat_breadth.var,57,Ectotherm,1.28184291933585e-05
-0.0406735864495523,0.099314235336752,-0.409544375100281,0.68214020846945,ax_water,157,0.851044830689111,Reptilia,AGAMIDAE,SQUAMATA,SES.habitat_breadth.var,57,Ectotherm,0.829868588388201
0.237372809444472,0.0936742686519256,2.53402362100633,0.0112761130402923,ax_productivity,157,0.851044830689111,Reptilia,AGAMIDAE,SQUAMATA,SES.habitat_breadth.var,57,Ectotherm,0.0576062296623628
-0.201798487124032,0.0370470615969718,-5.44708482738417,5.12020481568953e-08,ax_structure,157,0.851044830689111,Reptilia,AGAMIDAE,SQUAMATA,SES.habitat_breadth.var,57,Ectotherm,2.8877955160489e-06
-0.0716610006375024,0.0804231941517928,-0.891048924297231,0.372902924053004,ax_human,157,0.851044830689111,Reptilia,AGAMIDAE,SQUAMATA,SES.habitat_breadth.var,57,Ectotherm,0.581079302587388
0.0278089364309111,0.0828447423999753,0.335675332257649,0.737115709549542,ax_thermal,1542,0.939797090789074,Reptilia,COLUBRIDAE,SQUAMATA,SES.FDis,82,Ectotherm,0.869734853945485
-0.101262194202948,0.0452649213523687,-2.23710085376409,0.0252797491854131,ax_water,1542,0.939797090789074,Reptilia,COLUBRIDAE,SQUAMATA,SES.FDis,82,Ectotherm,0.100802383839707
-0.00932653287479324,0.0357180938386174,-0.261115078451069,0.794003764020054,ax_productivity,1542,0.939797090789074,Reptilia,COLUBRIDAE,SQUAMATA,SES.FDis,82,Ectotherm,0.900273050111859
0.0212925053654259,0.0217581702435011,0.978598160007766,0.327778568793545,ax_structure,1542,0.939797090789074,Reptilia,COLUBRIDAE,SQUAMATA,SES.FDis,82,Ectotherm,0.5361575197203
0.00317698990604072,0.0197623996734259,0.16075931863238,0.872282967436348,ax_human,1542,0.939797090789074,Reptilia,COLUBRIDAE,SQUAMATA,SES.FDis,82,Ectotherm,0.936672912116853
-0.0731428478941677,0.0863609693727657,-0.846943340555341,0.39702670343277,ax_thermal,1542,0.939376673207806,Reptilia,COLUBRIDAE,SQUAMATA,SES.RaoQ,82,Ectotherm,0.60065198695301
-0.0706350672785518,0.047225928427637,-1.49568403693289,0.134736012081712,ax_water,1542,0.939376673207806,Reptilia,COLUBRIDAE,SQUAMATA,SES.RaoQ,82,Ectotherm,0.30835346748562
-0.0229595474324953,0.0372788876768208,-0.615886064829427,0.537969719351901,ax_productivity,1542,0.939376673207806,Reptilia,COLUBRIDAE,SQUAMATA,SES.RaoQ,82,Ectotherm,0.719674861751594
0.020186137516649,0.0227148653091149,0.888675201985406,0.374177662058408,ax_structure,1542,0.939376673207806,Reptilia,COLUBRIDAE,SQUAMATA,SES.RaoQ,82,Ectotherm,0.581687434952982
0.00533913190847433,0.0206266854786012,0.258845848695047,0.795754180916255,ax_human,1542,0.939376673207806,Reptilia,COLUBRIDAE,SQUAMATA,SES.RaoQ,82,Ectotherm,0.901215578387084
0.188147802335514,0.0841195593556552,2.23667127807969,0.0253078325384797,ax_thermal,1542,0.976473970103538,Reptilia,COLUBRIDAE,SQUAMATA,SES.body_mass.mean,82,Ectotherm,0.100802383839707
-0.112551547889954,0.043170098874809,-2.60716446854448,0.00912954971639812,ax_water,1542,0.976473970103538,Reptilia,COLUBRIDAE,SQUAMATA,SES.body_mass.mean,82,Ectotherm,0.0493205559391623
0.0270362726135219,0.0332484313141678,0.813159344513233,0.416126705453523,ax_productivity,1542,0.976473970103538,Reptilia,COLUBRIDAE,SQUAMATA,SES.body_mass.mean,82,Ectotherm,0.615885748491997
-0.0329872223849015,0.0198517815275248,-1.6616756707283,0.0965778218299023,ax_structure,1542,0.976473970103538,Reptilia,COLUBRIDAE,SQUAMATA,SES.body_mass.mean,82,Ectotherm,0.253112878773536
-0.00284419661624335,0.0183592655280002,-0.154918867092237,0.876885279428544,ax_human,1542,0.976473970103538,Reptilia,COLUBRIDAE,SQUAMATA,SES.body_mass.mean,82,Ectotherm,0.936672912116853
-0.371925762534011,0.095135465121234,-3.90943337545104,9.25128655042684e-05,ax_thermal,1542,0.970721726687109,Reptilia,COLUBRIDAE,SQUAMATA,SES.body_mass.var,82,Ectotherm,0.00140261441248407
-0.109623805391207,0.0491960515275065,-2.22830495512255,0.025860186141254,ax_water,1542,0.970721726687109,Reptilia,COLUBRIDAE,SQUAMATA,SES.body_mass.var,82,Ectotherm,0.102423770952719
0.017809883048088,0.0380010785834802,0.468667830281803,0.639307084828195,ax_productivity,1542,0.970721726687109,Reptilia,COLUBRIDAE,SQUAMATA,SES.body_mass.var,82,Ectotherm,0.799173065552718
0.0374545469786505,0.0227470754640171,1.64656538102662,0.0996474110718577,ax_structure,1542,0.970721726687109,Reptilia,COLUBRIDAE,SQUAMATA,SES.body_mass.var,82,Ectotherm,0.257331226394358
0.0146070056219137,0.0209872547472417,0.695994106796337,0.486432520397626,ax_human,1542,0.970721726687109,Reptilia,COLUBRIDAE,SQUAMATA,SES.body_mass.var,82,Ectotherm,0.679752084995692
-0.425539488742468,0.0873838684533041,-4.86977168983845,1.11727265772466e-06,ax_thermal,1542,0.958784473503658,Reptilia,COLUBRIDAE,SQUAMATA,SES.habitat_breadth.mean,82,Ectotherm,3.42468358128644e-05
-0.0689212724145881,0.0460550306076519,-1.49649824362807,0.134523865259918,ax_water,1542,0.958784473503658,Reptilia,COLUBRIDAE,SQUAMATA,SES.habitat_breadth.mean,82,Ectotherm,0.30835346748562
-0.0843271814361082,0.0358274680648705,-2.35370194967231,0.0185875081446265,ax_productivity,1542,0.958784473503658,Reptilia,COLUBRIDAE,SQUAMATA,SES.habitat_breadth.mean,82,Ectotherm,0.0787697054996323
0.023089043179189,0.0215789356491361,1.06998063086181,0.284628027236199,ax_structure,1542,0.958784473503658,Reptilia,COLUBRIDAE,SQUAMATA,SES.habitat_breadth.mean,82,Ectotherm,0.490617993157751
0.00893959462316985,0.019797240826088,0.451557603491372,0.651587718435019,ax_human,1542,0.958784473503658,Reptilia,COLUBRIDAE,SQUAMATA,SES.habitat_breadth.mean,82,Ectotherm,0.808037540011765
-0.308338226718876,0.0819411098372417,-3.76292470691846,0.000167937774338656,ax_thermal,1542,0.968331998032106,Reptilia,COLUBRIDAE,SQUAMATA,SES.habitat_breadth.var,82,Ectotherm,0.00223388926242929
-0.0891884567891742,0.042520969155173,-2.09751702656861,0.0359478315399651,ax_water,1542,0.968331998032106,Reptilia,COLUBRIDAE,SQUAMATA,SES.habitat_breadth.var,82,Ectotherm,0.128039987065008
-0.102628873523884,0.0328879780773735,-3.12055892528373,0.00180508179763006,ax_productivity,1542,0.968331998032106,Reptilia,COLUBRIDAE,SQUAMATA,SES.habitat_breadth.var,82,Ectotherm,0.0149715607921081
-0.0359485968550326,0.0197090278232533,-1.82396601077499,0.0681572109137469,ax_structure,1542,0.968331998032106,Reptilia,COLUBRIDAE,SQUAMATA,SES.habitat_breadth.var,82,Ectotherm,0.201049513364818
-0.0173876877941308,0.0181649769094706,-0.957209463066559,0.338461541639671,ax_human,1542,0.968331998032106,Reptilia,COLUBRIDAE,SQUAMATA,SES.habitat_breadth.var,82,Ectotherm,0.546656098180913
0.319821430857762,0.176167107611253,1.81544350244718,0.0694557808940228,ax_thermal,205,0.887832411562249,Reptilia,ELAPIDAE,SQUAMATA,SES.FDis,19,Ectotherm,0.203602185157115
-0.244882398921646,0.0524568864661926,-4.66826026892517,3.03760943909381e-06,ax_water,205,0.887832411562249,Reptilia,ELAPIDAE,SQUAMATA,SES.FDis,19,Ectotherm,7.78732601658596e-05
-0.14727070110533,0.09701969798803,-1.51794639809639,0.129027911931559,ax_productivity,205,0.887832411562249,Reptilia,ELAPIDAE,SQUAMATA,SES.FDis,19,Ectotherm,0.301653222014584
0.0726460136715918,0.0631835358873363,1.14976176390521,0.250242007620912,ax_structure,205,0.887832411562249,Reptilia,ELAPIDAE,SQUAMATA,SES.FDis,19,Ectotherm,0.450052590236588
-0.00644905259536223,0.0536010164502809,-0.120315863810983,0.904232937894657,ax_human,205,0.887832411562249,Reptilia,ELAPIDAE,SQUAMATA,SES.FDis,19,Ectotherm,0.946369866827902
0.393308563912604,0.169843861111648,2.31570668105608,0.0205742893790792,ax_thermal,205,0.882681551749623,Reptilia,ELAPIDAE,SQUAMATA,SES.RaoQ,19,Ectotherm,0.0848287381814768
-0.225560770688718,0.0508134225206974,-4.43899976619057,9.03779147853889e-06,ax_water,205,0.882681551749623,Reptilia,ELAPIDAE,SQUAMATA,SES.RaoQ,19,Ectotherm,0.000190198298279699
-0.151025265551876,0.0939220076134756,-1.60798591713884,0.107838263147027,ax_productivity,205,0.882681551749623,Reptilia,ELAPIDAE,SQUAMATA,SES.RaoQ,19,Ectotherm,0.269402993292269
0.0996322181810233,0.0610689601671007,1.63147068344382,0.102791040907342,ax_structure,205,0.882681551749623,Reptilia,ELAPIDAE,SQUAMATA,SES.RaoQ,19,Ectotherm,0.261616187146844
0.0148711057308771,0.0518856863750728,0.286612874760418,0.774408755222824,ax_human,205,0.882681551749623,Reptilia,ELAPIDAE,SQUAMATA,SES.RaoQ,19,Ectotherm,0.890427721232876
-0.0369737556832457,0.157723766376999,-0.234420953370269,0.814658193345371,ax_thermal,205,0.957982885590188,Reptilia,ELAPIDAE,SQUAMATA,SES.body_mass.mean,19,Ectotherm,0.91309066185769
0.183772852697468,0.044460699618129,4.1333774384093,3.57470958480821e-05,ax_water,205,0.957982885590188,Reptilia,ELAPIDAE,SQUAMATA,SES.body_mass.mean,19,Ectotherm,0.000638017786655643
0.265664566997342,0.0829136529586161,3.20411123521407,0.00135480122084508,ax_productivity,205,0.957982885590188,Reptilia,ELAPIDAE,SQUAMATA,SES.body_mass.mean,19,Ectotherm,0.0119391857586973
-0.0988080853617873,0.054929506321476,-1.79881619149299,0.0720477612154276,ax_structure,205,0.957982885590188,Reptilia,ELAPIDAE,SQUAMATA,SES.body_mass.mean,19,Ectotherm,0.206369610054906
0.0222879899992549,0.0458461372810619,0.48614760852408,0.626862514164029,ax_human,205,0.957982885590188,Reptilia,ELAPIDAE,SQUAMATA,SES.body_mass.mean,19,Ectotherm,0.789175129438643
-0.140089362841258,0.099067125721614,-1.4140852661348,0.157336868661922,ax_thermal,205,0.971251962989059,Reptilia,ELAPIDAE,SQUAMATA,SES.body_mass.var,19,Ectotherm,0.339731982868775
-0.0281189095282712,0.0277076157328418,-1.01484407028721,0.310180162409846,ax_water,205,0.971251962989059,Reptilia,ELAPIDAE,SQUAMATA,SES.body_mass.var,19,Ectotherm,0.516148000726654
0.226249162347897,0.0517416803680415,4.37266746535045,1.22737601995215e-05,ax_productivity,205,0.971251962989059,Reptilia,ELAPIDAE,SQUAMATA,SES.body_mass.var,19,Ectotherm,0.00024374650537078
-0.0443520927952383,0.0343540617712707,-1.29102908094345,0.196693593690764,ax_structure,205,0.971251962989059,Reptilia,ELAPIDAE,SQUAMATA,SES.body_mass.var,19,Ectotherm,0.388640488675037
0.00594076363600875,0.0286160616696462,0.207602419389188,0.835539415124443,ax_human,205,0.971251962989059,Reptilia,ELAPIDAE,SQUAMATA,SES.body_mass.var,19,Ectotherm,0.918963007274153
0.281769962797839,0.148539941469122,1.89693061684969,0.0578370959664412,ax_thermal,205,0.927490962306036,Reptilia,ELAPIDAE,SQUAMATA,SES.habitat_breadth.mean,19,Ectotherm,0.179498169543749
0.109243272493217,0.0427752194902356,2.55389157075289,0.0106526424090725,ax_water,205,0.927490962306036,Reptilia,ELAPIDAE,SQUAMATA,SES.habitat_breadth.mean,19,Ectotherm,0.0558372706200454
0.105320793262078,0.0794943572968481,1.32488388916447,0.185209665177696,ax_productivity,205,0.927490962306036,Reptilia,ELAPIDAE,SQUAMATA,SES.habitat_breadth.mean,19,Ectotherm,0.375947318021056
-0.101685758960306,0.0523306661942821,-1.94313901112569,0.0519993646288115,ax_structure,205,0.927490962306036,Reptilia,ELAPIDAE,SQUAMATA,SES.habitat_breadth.mean,19,Ectotherm,0.167395214900969
0.0289551338916865,0.0439391754742655,0.65898218569543,0.509907208199959,ax_human,205,0.927490962306036,Reptilia,ELAPIDAE,SQUAMATA,SES.habitat_breadth.mean,19,Ectotherm,0.700212277044214
-0.352534896291692,0.136094191476075,-2.59037430229832,0.00958716265784587,ax_thermal,205,0.919199172481825,Reptilia,ELAPIDAE,SQUAMATA,SES.habitat_breadth.var,19,Ectotherm,0.0512041641953132
-0.057808639548358,0.0394474325878203,-1.4654601264521,0.14279542344228,ax_water,205,0.919199172481825,Reptilia,ELAPIDAE,SQUAMATA,SES.habitat_breadth.var,19,Ectotherm,0.318075113828776
0.232186757272733,0.073237035104592,3.17034621815506,0.00152257402483191,ax_productivity,205,0.919199172481825,Reptilia,ELAPIDAE,SQUAMATA,SES.habitat_breadth.var,19,Ectotherm,0.0130110871212909
-0.0888876283338167,0.0481139456879329,-1.84744001064353,0.0646833949090766,ax_structure,205,0.919199172481825,Reptilia,ELAPIDAE,SQUAMATA,SES.habitat_breadth.var,19,Ectotherm,0.194703080454255
-0.0471815152201076,0.0404769405907667,-1.16563936235019,0.243760286128453,ax_human,205,0.919199172481825,Reptilia,ELAPIDAE,SQUAMATA,SES.habitat_breadth.var,19,Ectotherm,0.442265322481993
0.0074099400339147,0.181612953942818,0.040800724139137,0.967454762061556,ax_thermal,476,0.953297152627716,Reptilia,GEKKONIDAE,SQUAMATA,SES.FDis,37,Ectotherm,0.982767956217441
-0.0338682276859333,0.0661819297145289,-0.511744336135581,0.608829952265955,ax_water,476,0.953297152627716,Reptilia,GEKKONIDAE,SQUAMATA,SES.FDis,37,Ectotherm,0.778286702352672
-0.0440953700888435,0.0655803325817526,-0.672387106818559,0.501337288682026,ax_productivity,476,0.953297152627716,Reptilia,GEKKONIDAE,SQUAMATA,SES.FDis,37,Ectotherm,0.692237108408885
0.0469569202616277,0.0470370037622174,0.998297436184614,0.31813515046871,ax_structure,476,0.953297152627716,Reptilia,GEKKONIDAE,SQUAMATA,SES.FDis,37,Ectotherm,0.527109943784819
0.0266759590474532,0.0438692067324616,0.608079357580768,0.543134842305822,ax_human,476,0.953297152627716,Reptilia,GEKKONIDAE,SQUAMATA,SES.FDis,37,Ectotherm,0.724669357994111
0.0482833719223733,0.174797276577276,0.276224966817648,0.782375282190222,ax_thermal,476,0.953849295123779,Reptilia,GEKKONIDAE,SQUAMATA,SES.RaoQ,37,Ectotherm,0.893238176427703
-0.0250555446700745,0.0636736302076144,-0.393499547432405,0.693950558183479,ax_water,476,0.953849295123779,Reptilia,GEKKONIDAE,SQUAMATA,SES.RaoQ,37,Ectotherm,0.839168342228735
-0.0687825910209691,0.063071920251213,-1.09054220558072,0.275474372250574,ax_productivity,476,0.953849295123779,Reptilia,GEKKONIDAE,SQUAMATA,SES.RaoQ,37,Ectotherm,0.481909261629416
0.0389281989655636,0.0452400642445115,0.860480629628779,0.389524156670111,ax_structure,476,0.953849295123779,Reptilia,GEKKONIDAE,SQUAMATA,SES.RaoQ,37,Ectotherm,0.59294188486121
0.0198923032389157,0.0421936053406282,0.471453033660564,0.637317251485389,ax_human,476,0.953849295123779,Reptilia,GEKKONIDAE,SQUAMATA,SES.RaoQ,37,Ectotherm,0.798770955195021
0.301449026108886,0.154968686714576,1.94522540327196,0.0517478556898166,ax_thermal,476,0.938123781585138,Reptilia,GEKKONIDAE,SQUAMATA,SES.body_mass.mean,37,Ectotherm,0.167349716795049
-0.0399959942790435,0.0571010242262814,-0.700442677184674,0.483650891899669,ax_water,476,0.938123781585138,Reptilia,GEKKONIDAE,SQUAMATA,SES.body_mass.mean,37,Ectotherm,0.678554982665207
-0.0336939953527059,0.0571813149106023,-0.589248348090339,0.55569468849854,ax_productivity,476,0.938123781585138,Reptilia,GEKKONIDAE,SQUAMATA,SES.body_mass.mean,37,Ectotherm,0.733641864028972
0.0472693790639054,0.0409539128285277,1.15420910480081,0.248414450693767,ax_structure,476,0.938123781585138,Reptilia,GEKKONIDAE,SQUAMATA,SES.body_mass.mean,37,Ectotherm,0.448963857265071
0.015781289535801,0.0381951903369045,0.413174784484657,0.67947856105678,ax_human,476,0.938123781585138,Reptilia,GEKKONIDAE,SQUAMATA,SES.body_mass.mean,37,Ectotherm,0.828059439144391
0.25160870765322,0.152652708734086,1.64824266624388,0.0993028846916177,ax_thermal,476,0.947330362541961,Reptilia,GEKKONIDAE,SQUAMATA,SES.body_mass.var,37,Ectotherm,0.256912050303084
-0.021005430589126,0.0558654748428586,-0.376000215664706,0.706916735687144,ax_water,476,0.947330362541961,Reptilia,GEKKONIDAE,SQUAMATA,SES.body_mass.var,37,Ectotherm,0.846987279141386
-0.0159411084625076,0.0555805496326141,-0.286810917989798,0.774257102660975,ax_productivity,476,0.947330362541961,Reptilia,GEKKONIDAE,SQUAMATA,SES.body_mass.var,37,Ectotherm,0.890427721232876
0.0175965643630444,0.0398431041595762,0.441646421236864,0.65874508655495,ax_structure,476,0.947330362541961,Reptilia,GEKKONIDAE,SQUAMATA,SES.body_mass.var,37,Ectotherm,0.813112288027697
0.0273513019307877,0.0371579198754161,0.736082698452759,0.461680371322715,ax_human,476,0.947330362541961,Reptilia,GEKKONIDAE,SQUAMATA,SES.body_mass.var,37,Ectotherm,0.658209629489412
-0.201091012413392,0.155949970403072,-1.28945848398463,0.197238740569821,ax_thermal,476,0.921606087246312,Reptilia,GEKKONIDAE,SQUAMATA,SES.habitat_breadth.mean,37,Ectotherm,0.388960313571256
-0.00272416316557049,0.0582059421494382,-0.0468021488008296,0.962670916416671,ax_water,476,0.921606087246312,Reptilia,GEKKONIDAE,SQUAMATA,SES.habitat_breadth.mean,37,Ectotherm,0.982767956217441
0.0667968112930107,0.059024576611392,1.1316779404076,0.257769859082222,ax_productivity,476,0.921606087246312,Reptilia,GEKKONIDAE,SQUAMATA,SES.habitat_breadth.mean,37,Ectotherm,0.456602388575293
0.0486929769063113,0.0421993163086238,1.15388070627013,0.248549080216538,ax_structure,476,0.921606087246312,Reptilia,GEKKONIDAE,SQUAMATA,SES.habitat_breadth.mean,37,Ectotherm,0.448963857265071
0.13911236187476,0.0393724653794645,3.53323980436634,0.000410499940998843,ax_human,476,0.921606087246312,Reptilia,GEKKONIDAE,SQUAMATA,SES.habitat_breadth.mean,37,Ectotherm,0.00463043933446695
-0.0829856327648149,0.167269081290703,-0.496120574851433,0.619809343750108,ax_thermal,476,0.956737148691013,Reptilia,GEKKONIDAE,SQUAMATA,SES.habitat_breadth.var,37,Ectotherm,0.786923727678917
0.0281689857991336,0.0608097344462816,0.463231521328508,0.643198424404605,ax_water,476,0.956737148691013,Reptilia,GEKKONIDAE,SQUAMATA,SES.habitat_breadth.var,37,Ectotherm,0.801157048065807
-0.180485712369572,0.060122236093194,-3.00197936899428,0.00268230353568222,ax_productivity,476,0.956737148691013,Reptilia,GEKKONIDAE,SQUAMATA,SES.habitat_breadth.var,37,Ectotherm,0.0204435026233077
-0.0952216525592663,0.043135101004161,-2.20752126093505,0.0272776633124539,ax_structure,476,0.956737148691013,Reptilia,GEKKONIDAE,SQUAMATA,SES.habitat_breadth.var,37,Ectotherm,0.106247252128619
-0.0373170924341388,0.0402323090106537,-0.927540410973109,0.35364602030935,ax_human,476,0.956737148691013,Reptilia,GEKKONIDAE,SQUAMATA,SES.habitat_breadth.var,37,Ectotherm,0.56027066138897
0.305549707180222,0.20998285755958,1.45511738782546,0.145636766247641,ax_thermal,162,0.93913888524693,Reptilia,LACERTIDAE,SQUAMATA,SES.FDis,31,Ectotherm,0.322367096403727
-0.145132550260935,0.0928175184350184,-1.56363316654002,0.117903741294918,ax_water,162,0.93913888524693,Reptilia,LACERTIDAE,SQUAMATA,SES.FDis,31,Ectotherm,0.284178248249291
0.410343813451805,0.110725222728929,3.70596512103104,0.000210587280704999,ax_productivity,162,0.93913888524693,Reptilia,LACERTIDAE,SQUAMATA,SES.FDis,31,Ectotherm,0.00272301680422396
-0.0235250156542799,0.0393736927886045,-0.597480550797829,0.550186588392049,ax_structure,162,0.93913888524693,Reptilia,LACERTIDAE,SQUAMATA,SES.FDis,31,Ectotherm,0.729532292786157
-0.08126036844706,0.0768565834364125,-1.05729873504319,0.29037527040057,ax_human,162,0.93913888524693,Reptilia,LACERTIDAE,SQUAMATA,SES.FDis,31,Ectotherm,0.497483756093322
0.254956451130612,0.192374249118722,1.32531486047942,0.185066742179673,ax_thermal,162,0.936206276180611,Reptilia,LACERTIDAE,SQUAMATA,SES.RaoQ,31,Ectotherm,0.375947318021056
-0.142893498604007,0.0851307193456935,-1.67851863231361,0.0932458961882723,ax_water,162,0.936206276180611,Reptilia,LACERTIDAE,SQUAMATA,SES.RaoQ,31,Ectotherm,0.246417124412934
0.396327294755249,0.101579281942545,3.90165481755835,9.5537328261841e-05,ax_productivity,162,0.936206276180611,Reptilia,LACERTIDAE,SQUAMATA,SES.RaoQ,31,Ectotherm,0.00141797508262311
-0.0396819140358813,0.0361475345889829,-1.09777650086199,0.272302095070138,ax_structure,162,0.936206276180611,Reptilia,LACERTIDAE,SQUAMATA,SES.RaoQ,31,Ectotherm,0.476951495712913
-0.0911026124263463,0.0705710257393523,-1.29093507529316,0.196726191535525,ax_human,162,0.936206276180611,Reptilia,LACERTIDAE,SQUAMATA,SES.RaoQ,31,Ectotherm,0.388640488675037
-0.570523660517217,0.197162332412618,-2.89367473764327,0.00380762364066922,ax_thermal,162,0.955818743412756,Reptilia,LACERTIDAE,SQUAMATA,SES.body_mass.mean,31,Ectotherm,0.0264276209609358
-0.29644137620171,0.0866576423498752,-3.42083361793811,0.000624295129348473,ax_water,162,0.955818743412756,Reptilia,LACERTIDAE,SQUAMATA,SES.body_mass.mean,31,Ectotherm,0.00615563728938005
0.0964133806579038,0.103259195894207,0.93370260946718,0.350457318588018,ax_productivity,162,0.955818743412756,Reptilia,LACERTIDAE,SQUAMATA,SES.body_mass.mean,31,Ectotherm,0.556469391001246
-0.116377263381542,0.0365888315396238,-3.18067723085149,0.00146931233653347,ax_structure,162,0.955818743412756,Reptilia,LACERTIDAE,SQUAMATA,SES.body_mass.mean,31,Ectotherm,0.012867890649144
0.0502010047461423,0.0713418923503833,0.703667972522915,0.481639570111943,ax_human,162,0.955818743412756,Reptilia,LACERTIDAE,SQUAMATA,SES.body_mass.mean,31,Ectotherm,0.677467069472877
-0.355631904560795,0.231186630827271,-1.53828923103474,0.123977911640531,ax_thermal,162,0.88852489809783,Reptilia,LACERTIDAE,SQUAMATA,SES.body_mass.var,31,Ectotherm,0.292812153120852
-0.34610972866789,0.104757698795538,-3.30390732755036,0.000953473450835851,ax_water,162,0.88852489809783,Reptilia,LACERTIDAE,SQUAMATA,SES.body_mass.var,31,Ectotherm,0.008962650437857
0.629384229041689,0.125594995079682,5.01122061943939,5.40858634545671e-07,ax_productivity,162,0.88852489809783,Reptilia,LACERTIDAE,SQUAMATA,SES.body_mass.var,31,Ectotherm,1.81573970168904e-05
-0.080931347559108,0.0453865662223816,-1.78315643361445,0.0745608421076736,ax_structure,162,0.88852489809783,Reptilia,LACERTIDAE,SQUAMATA,SES.body_mass.var,31,Ectotherm,0.210261574743639
-0.0731835858143248,0.0887759528181649,-0.824362718631958,0.409733491528791,ax_human,162,0.88852489809783,Reptilia,LACERTIDAE,SQUAMATA,SES.body_mass.var,31,Ectotherm,0.611348384185815
-0.432683711682436,0.239182492160218,-1.80901080080978,0.070449325393267,ax_thermal,162,0.915098028944209,Reptilia,LACERTIDAE,SQUAMATA,SES.habitat_breadth.mean,31,Ectotherm,0.204129141491857
-0.743603458779427,0.10683606437938,-6.96022886184628,3.39728245535298e-12,ax_water,162,0.915098028944209,Reptilia,LACERTIDAE,SQUAMATA,SES.habitat_breadth.mean,31,Ectotherm,7.9836137700795e-10
0.103282725043342,0.127725841170059,0.808628262669469,0.418729002937816,ax_productivity,162,0.915098028944209,Reptilia,LACERTIDAE,SQUAMATA,SES.habitat_breadth.mean,31,Ectotherm,0.61693614852907
-0.16699309215737,0.0457260978356808,-3.6520302422802,0.000260175236056925,ax_structure,162,0.915098028944209,Reptilia,LACERTIDAE,SQUAMATA,SES.habitat_breadth.mean,31,Ectotherm,0.00324319755363418
-0.052974493340678,0.0893613744123077,-0.592811980445344,0.553306989059314,ax_human,162,0.915098028944209,Reptilia,LACERTIDAE,SQUAMATA,SES.habitat_breadth.mean,31,Ectotherm,0.731174184230208
0.346039074174455,0.208180171252702,1.66220957592744,0.0964707606634572,ax_thermal,162,0.763623745962976,Reptilia,LACERTIDAE,SQUAMATA,SES.habitat_breadth.var,31,Ectotherm,0.253112878773536
-0.670508914244848,0.103582910229189,-6.47316157425265,9.59732293637217e-11,ax_water,162,0.763623745962976,Reptilia,LACERTIDAE,SQUAMATA,SES.habitat_breadth.var,31,Ectotherm,1.04094041079113e-08
0.20993030880216,0.125257952686491,1.67598387407462,0.0937413513168628,ax_productivity,162,0.763623745962976,Reptilia,LACERTIDAE,SQUAMATA,SES.habitat_breadth.var,31,Ectotherm,0.247056645526685
-0.0839846619815741,0.0480407828794074,-1.74819511564567,0.0804302470930389,ax_structure,162,0.763623745962976,Reptilia,LACERTIDAE,SQUAMATA,SES.habitat_breadth.var,31,Ectotherm,0.221930818789012
-0.0763499986759055,0.0942285762053131,-0.810263741113394,0.417788609949364,ax_human,162,0.763623745962976,Reptilia,LACERTIDAE,SQUAMATA,SES.habitat_breadth.var,31,Ectotherm,0.616839727778642
0.162327054095364,0.127480674070601,1.27334637409796,0.202895157581488,ax_thermal,823,0.935154171283424,Reptilia,NATRICIDAE,SQUAMATA,SES.FDis,59,Ectotherm,0.395687651714935
0.161216494728365,0.0550083197380577,2.9307656641042,0.00338127739091476,ax_water,823,0.935154171283424,Reptilia,NATRICIDAE,SQUAMATA,SES.FDis,59,Ectotherm,0.0242010209197452
0.0253979054719526,0.0580001858206099,0.437893519005376,0.66146347393565,ax_productivity,823,0.935154171283424,Reptilia,NATRICIDAE,SQUAMATA,SES.FDis,59,Ectotherm,0.814748655243201
0.0163885321009484,0.0310102019014742,0.528488403687863,0.597160393618619,ax_structure,823,0.935154171283424,Reptilia,NATRICIDAE,SQUAMATA,SES.FDis,59,Ectotherm,0.766845314209703
-0.0527534487449757,0.0370895966630001,-1.42232468107698,0.154932017117789,ax_human,823,0.935154171283424,Reptilia,NATRICIDAE,SQUAMATA,SES.FDis,59,Ectotherm,0.336601146588725
0.178415410058851,0.123713599740018,1.44216489079445,0.149255862504094,ax_thermal,823,0.932556664287773,Reptilia,NATRICIDAE,SQUAMATA,SES.RaoQ,59,Ectotherm,0.327804931667869
0.172510827918061,0.0535322849859506,3.22255677977012,0.00127051981609472,ax_water,823,0.932556664287773,Reptilia,NATRICIDAE,SQUAMATA,SES.RaoQ,59,Ectotherm,0.0114835444916253
0.00747561872609132,0.0565263530311097,0.132250151039765,0.894786434655033,ax_productivity,823,0.932556664287773,Reptilia,NATRICIDAE,SQUAMATA,SES.RaoQ,59,Ectotherm,0.941917847226931
0.0101884394644072,0.0302531264884327,0.336773108997602,0.73628794603133,ax_structure,823,0.932556664287773,Reptilia,NATRICIDAE,SQUAMATA,SES.RaoQ,59,Ectotherm,0.869734853945485
-0.0560143410987638,0.0361455423094009,-1.54968877266493,0.121216234186519,ax_human,823,0.932556664287773,Reptilia,NATRICIDAE,SQUAMATA,SES.RaoQ,59,Ectotherm,0.288707584802351
-0.22826919898464,0.125497679585012,-1.81891171007676,0.0689249010139863,ax_thermal,823,0.93668750892555,Reptilia,NATRICIDAE,SQUAMATA,SES.body_mass.mean,59,Ectotherm,0.202466896728585
-0.0805832447538497,0.0540645086495966,-1.49050174997662,0.136092356678857,ax_water,823,0.93668750892555,Reptilia,NATRICIDAE,SQUAMATA,SES.body_mass.mean,59,Ectotherm,0.309500359543852
0.00886137394416414,0.0569567779591223,0.155580674709583,0.876363558779615,ax_productivity,823,0.93668750892555,Reptilia,NATRICIDAE,SQUAMATA,SES.body_mass.mean,59,Ectotherm,0.936672912116853
0.00441082553964841,0.0304339828167371,0.144930933496574,0.884765402880935,ax_structure,823,0.93668750892555,Reptilia,NATRICIDAE,SQUAMATA,SES.body_mass.mean,59,Ectotherm,0.938801507193121
0.0540921198319344,0.0364233812085362,1.48509331196461,0.137519107503814,ax_human,823,0.93668750892555,Reptilia,NATRICIDAE,SQUAMATA,SES.body_mass.mean,59,Ectotherm,0.311739455917005
-0.11902347703945,0.113604158323361,-1.04770352420255,0.294775223360865,ax_thermal,823,0.952260484018781,Reptilia,NATRICIDAE,SQUAMATA,SES.body_mass.var,59,Ectotherm,0.503226323833962
0.00769261348528978,0.0481878946637747,0.159637882894949,0.873166335416382,ax_water,823,0.952260484018781,Reptilia,NATRICIDAE,SQUAMATA,SES.body_mass.var,59,Ectotherm,0.936672912116853
-0.0452944896533883,0.0503645865657663,-0.899332104994897,0.36847579153384,ax_productivity,823,0.952260484018781,Reptilia,NATRICIDAE,SQUAMATA,SES.body_mass.var,59,Ectotherm,0.576638031146187
-0.00762071720866639,0.0267501298332504,-0.284885241909885,0.775732062939314,ax_structure,823,0.952260484018781,Reptilia,NATRICIDAE,SQUAMATA,SES.body_mass.var,59,Ectotherm,0.890427721232876
-0.0664961682961443,0.0322196407111347,-2.06383953478302,0.0390329332399972,ax_human,823,0.952260484018781,Reptilia,NATRICIDAE,SQUAMATA,SES.body_mass.var,59,Ectotherm,0.135557723813784
0.0871540109066555,0.134870596157394,0.646204683524547,0.518146806789677,ax_thermal,823,0.960274112306569,Reptilia,NATRICIDAE,SQUAMATA,SES.habitat_breadth.mean,59,Ectotherm,0.701139153141501
-0.272210361516273,0.0568030404931328,-4.79217941774054,1.64979261385589e-06,ax_water,823,0.960274112306569,Reptilia,NATRICIDAE,SQUAMATA,SES.habitat_breadth.mean,59,Ectotherm,4.77844331793005e-05
0.0934833658773821,0.0591569234799594,1.58026077723686,0.114047158286916,ax_productivity,823,0.960274112306569,Reptilia,NATRICIDAE,SQUAMATA,SES.habitat_breadth.mean,59,Ectotherm,0.277731421734977
0.00607535336087784,0.031327560620084,0.193929984991648,0.8462307047523,ax_structure,823,0.960274112306569,Reptilia,NATRICIDAE,SQUAMATA,SES.habitat_breadth.mean,59,Ectotherm,0.924233380093527
0.0325235159495482,0.037853680336488,0.859190326024868,0.39023551972581,ax_human,823,0.960274112306569,Reptilia,NATRICIDAE,SQUAMATA,SES.habitat_breadth.mean,59,Ectotherm,0.59294188486121
0.23897128476859,0.126724812330022,1.88574976261358,0.059328683612411,ax_thermal,823,0.945019005485597,Reptilia,NATRICIDAE,SQUAMATA,SES.habitat_breadth.var,59,Ectotherm,0.183049111364331
0.0353526444307045,0.054128622633072,0.653122926669567,0.513677032907985,ax_water,823,0.945019005485597,Reptilia,NATRICIDAE,SQUAMATA,SES.habitat_breadth.var,59,Ectotherm,0.700212277044214
0.0478665829689038,0.0567739471658831,0.843108245214066,0.399167907827819,ax_productivity,823,0.945019005485597,Reptilia,NATRICIDAE,SQUAMATA,SES.habitat_breadth.var,59,Ectotherm,0.602598233444566
0.0577910921742938,0.0302378041607445,1.91121987122728,0.0559763312726371,ax_structure,823,0.945019005485597,Reptilia,NATRICIDAE,SQUAMATA,SES.habitat_breadth.var,59,Ectotherm,0.175783133840575
-0.0109679021099484,0.0363129548821417,-0.30203827106734,0.762622888450195,ax_human,823,0.945019005485597,Reptilia,NATRICIDAE,SQUAMATA,SES.habitat_breadth.var,59,Ectotherm,0.887208699115313
0.164179348167326,0.126019146562695,1.30281272842652,0.192638704176386,ax_thermal,970,0.957275842222542,Reptilia,SCINCIDAE,SQUAMATA,SES.FDis,48,Ectotherm,0.384187514694065
-0.119008896666932,0.0594078334060499,-2.00325259892094,0.0451501825047,ax_water,970,0.957275842222542,Reptilia,SCINCIDAE,SQUAMATA,SES.FDis,48,Ectotherm,0.151347971295956
-0.075568720136574,0.047849380762022,-1.57930403556137,0.114266336663243,ax_productivity,970,0.957275842222542,Reptilia,SCINCIDAE,SQUAMATA,SES.FDis,48,Ectotherm,0.277785404646849
0.0274204077456544,0.031391817405565,0.873489017580531,0.38239658975085,ax_structure,970,0.957275842222542,Reptilia,SCINCIDAE,SQUAMATA,SES.FDis,48,Ectotherm,0.587341167264378
0.043466291791796,0.0332094537209689,1.30885295967247,0.190584163499532,ax_human,970,0.957275842222542,Reptilia,SCINCIDAE,SQUAMATA,SES.FDis,48,Ectotherm,0.38225273191229
0.103233772751939,0.119278568677528,0.865484670855109,0.386772825971722,ax_thermal,970,0.957401397255301,Reptilia,SCINCIDAE,SQUAMATA,SES.RaoQ,48,Ectotherm,0.592771396326226
-0.0947817728705167,0.0562261316636435,-1.6857245922149,0.0918488578905856,ax_water,970,0.957401397255301,Reptilia,SCINCIDAE,SQUAMATA,SES.RaoQ,48,Ectotherm,0.244814536154491
-0.0391132059997237,0.0452811197634555,-0.863786191773692,0.387705354620953,ax_productivity,970,0.957401397255301,Reptilia,SCINCIDAE,SQUAMATA,SES.RaoQ,48,Ectotherm,0.592911659452867
0.0231397275185732,0.0297070839031601,0.778929618067013,0.436021175706165,ax_structure,970,0.957401397255301,Reptilia,SCINCIDAE,SQUAMATA,SES.RaoQ,48,Ectotherm,0.633803977057415
0.0629951422743199,0.0314271025244169,2.00448457586494,0.0450181775298784,ax_human,970,0.957401397255301,Reptilia,SCINCIDAE,SQUAMATA,SES.RaoQ,48,Ectotherm,0.151347971295956
-0.393808775926189,0.108781001365984,-3.62019811346703,0.000294377532697565,ax_thermal,970,0.978149561145623,Reptilia,SCINCIDAE,SQUAMATA,SES.body_mass.mean,48,Ectotherm,0.00357820966468592
0.091411726895406,0.0507832136298001,1.80003824810655,0.0718545990456103,ax_water,970,0.978149561145623,Reptilia,SCINCIDAE,SQUAMATA,SES.body_mass.mean,48,Ectotherm,0.206369610054906
0.160657577689845,0.0401760771552506,3.99883684683857,6.36545390699794e-05,ax_productivity,970,0.978149561145623,Reptilia,SCINCIDAE,SQUAMATA,SES.body_mass.mean,48,Ectotherm,0.00101991931918944
-0.0424887015195753,0.0263896420647244,-1.6100522097028,0.107386458899498,ax_structure,970,0.978149561145623,Reptilia,SCINCIDAE,SQUAMATA,SES.body_mass.mean,48,Ectotherm,0.269402993292269
0.0887075495004162,0.0279069479797469,3.17869046678965,0.0014794198388437,ax_human,970,0.978149561145623,Reptilia,SCINCIDAE,SQUAMATA,SES.body_mass.mean,48,Ectotherm,0.0128764319306766
-0.0057945395151235,0.121724161220176,-0.0476038565970667,0.962031958396213,ax_thermal,970,0.955569173445521,Reptilia,SCINCIDAE,SQUAMATA,SES.body_mass.var,48,Ectotherm,0.982767956217441
-0.167094707385213,0.0574403420511717,-2.90901309808277,0.00362571669242762,ax_water,970,0.955569173445521,Reptilia,SCINCIDAE,SQUAMATA,SES.body_mass.var,48,Ectotherm,0.0254341320215072
0.0598161511260223,0.0463432580359858,1.29071959247178,0.196800928307785,ax_productivity,970,0.955569173445521,Reptilia,SCINCIDAE,SQUAMATA,SES.body_mass.var,48,Ectotherm,0.388640488675037
-0.000746450422981428,0.0304011595444832,-0.0245533536932766,0.980411226430082,ax_structure,970,0.955569173445521,Reptilia,SCINCIDAE,SQUAMATA,SES.body_mass.var,48,Ectotherm,0.990817788429794
0.0477927209305999,0.0321623952098336,1.48598139593743,0.137284041962484,ax_human,970,0.955569173445521,Reptilia,SCINCIDAE,SQUAMATA,SES.body_mass.var,48,Ectotherm,0.311707728127379
0.256453901072328,0.0925821710705874,2.77001390339831,0.00560538998707361,ax_thermal,970,0.920670090286915,Reptilia,SCINCIDAE,SQUAMATA,SES.habitat_breadth.mean,48,Ectotherm,0.0333485227079063
0.0364244993803824,0.044800948761219,0.813029643066677,0.416201062806406,ax_water,970,0.920670090286915,Reptilia,SCINCIDAE,SQUAMATA,SES.habitat_breadth.mean,48,Ectotherm,0.615885748491997
-0.102773278711309,0.0376543976193918,-2.72938315864549,0.00634529304292864,ax_productivity,970,0.920670090286915,Reptilia,SCINCIDAE,SQUAMATA,SES.habitat_breadth.mean,48,Ectotherm,0.0369354036068772
-0.0189644976509055,0.0246699414384085,-0.768728928613497,0.442054247788013,ax_structure,970,0.920670090286915,Reptilia,SCINCIDAE,SQUAMATA,SES.habitat_breadth.mean,48,Ectotherm,0.639436736381088
-0.0769596243041468,0.0261185304866683,-2.94655261495012,0.0032133774602916,ax_human,970,0.920670090286915,Reptilia,SCINCIDAE,SQUAMATA,SES.habitat_breadth.mean,48,Ectotherm,0.0233549598918101
0.0356478725615542,0.112718239856908,0.316256469288448,0.751807849186168,ax_thermal,970,0.909769838666757,Reptilia,SCINCIDAE,SQUAMATA,SES.habitat_breadth.var,48,Ectotherm,0.881171294557354
-0.105078157921794,0.0550458602786733,-1.90892026012182,0.0562723790069963,ax_water,970,0.909769838666757,Reptilia,SCINCIDAE,SQUAMATA,SES.habitat_breadth.var,48,Ectotherm,0.175929167183736
-0.0338564449252007,0.0469502344909239,-0.721113436222466,0.470839724929598,ax_productivity,970,0.909769838666757,Reptilia,SCINCIDAE,SQUAMATA,SES.habitat_breadth.var,48,Ectotherm,0.664548560711444
-0.0732620614295013,0.0307528140887093,-2.38228804746682,0.0172054333250438,ax_structure,970,0.909769838666757,Reptilia,SCINCIDAE,SQUAMATA,SES.habitat_breadth.var,48,Ectotherm,0.0741411467843121
0.0677599725305447,0.0325696788220416,2.08046179702233,0.0374831961907005,ax_human,970,0.909769838666757,Reptilia,SCINCIDAE,SQUAMATA,SES.habitat_breadth.var,48,Ectotherm,0.132128266572219
-0.855892607025003,0.13396756282818,-6.38880478943046,1.67187375055278e-10,ax_thermal,554,0.938997237347616,Reptilia,VIPERIDAE,SQUAMATA,SES.FDis,39,Ectotherm,1.68381570591387e-08
0.0750067989302629,0.0628035547983208,1.19430817524788,0.232357440876066,ax_water,554,0.938997237347616,Reptilia,VIPERIDAE,SQUAMATA,SES.FDis,39,Ectotherm,0.429952744928153
0.0466240784300942,0.0694079127531863,0.671740102542614,0.501749166520483,ax_productivity,554,0.938997237347616,Reptilia,VIPERIDAE,SQUAMATA,SES.FDis,39,Ectotherm,0.692237108408885
-0.064748863276626,0.0395333430829955,-1.6378291899244,0.101457330582559,ax_structure,554,0.938997237347616,Reptilia,VIPERIDAE,SQUAMATA,SES.FDis,39,Ectotherm,0.26060804951898
0.0556910316300646,0.0439330515794702,1.2676340392455,0.204928670187833,ax_human,554,0.938997237347616,Reptilia,VIPERIDAE,SQUAMATA,SES.FDis,39,Ectotherm,0.398550930985992
-0.967546181024403,0.142502031438559,-6.78970096957229,1.12365672322312e-11,ax_thermal,554,0.940416595572731,Reptilia,VIPERIDAE,SQUAMATA,SES.RaoQ,39,Ectotherm,1.98044497468075e-09
0.0908114908100431,0.0667750280715757,1.35996185149788,0.173841996284836,ax_water,554,0.940416595572731,Reptilia,VIPERIDAE,SQUAMATA,SES.RaoQ,39,Ectotherm,0.359196264340418
0.0633803058775,0.0737340995136728,0.859579303138396,0.390020987916246,ax_productivity,554,0.940416595572731,Reptilia,VIPERIDAE,SQUAMATA,SES.RaoQ,39,Ectotherm,0.59294188486121
-0.0511163763292239,0.0419867895027494,-1.2174395073926,0.22343703917771,ax_structure,554,0.940416595572731,Reptilia,VIPERIDAE,SQUAMATA,SES.RaoQ,39,Ectotherm,0.422123780403396
0.0692658112241141,0.0466743704153517,1.48402240046781,0.13780297799626,ax_human,554,0.940416595572731,Reptilia,VIPERIDAE,SQUAMATA,SES.RaoQ,39,Ectotherm,0.311881539285275
0.560121262546393,0.113413025246074,4.93877366670263,7.86153930176781e-07,ax_thermal,554,0.950653196618702,Reptilia,VIPERIDAE,SQUAMATA,SES.body_mass.mean,39,Ectotherm,2.51926600352105e-05
-0.147653556029714,0.0529874343320051,-2.78657681563814,0.00532679915179313,ax_water,554,0.950653196618702,Reptilia,VIPERIDAE,SQUAMATA,SES.body_mass.mean,39,Ectotherm,0.0320973795043945
-0.0546427052345374,0.0581673400125492,-0.939405261143945,0.347522712838178,ax_productivity,554,0.950653196618702,Reptilia,VIPERIDAE,SQUAMATA,SES.body_mass.mean,39,Ectotherm,0.55430658948171
0.017492083792355,0.0330622488064917,0.529065155087712,0.596760252404403,ax_structure,554,0.950653196618702,Reptilia,VIPERIDAE,SQUAMATA,SES.body_mass.mean,39,Ectotherm,0.766845314209703
-0.0465008130024383,0.0368383757922183,-1.26229270434505,0.206843480947734,ax_human,554,0.950653196618702,Reptilia,VIPERIDAE,SQUAMATA,SES.body_mass.mean,39,Ectotherm,0.401168236776211
-1.05457543563673,0.179866582204223,-5.86309820708858,4.54309323494329e-09,ax_thermal,554,0.941662367274967,Reptilia,VIPERIDAE,SQUAMATA,SES.body_mass.var,39,Ectotherm,3.76809497721767e-07
0.162465712063862,0.0842515808553573,1.92834022120941,0.053812822046579,ax_water,554,0.941662367274967,Reptilia,VIPERIDAE,SQUAMATA,SES.body_mass.var,39,Ectotherm,0.171277830893175
0.164694465937739,0.0929630889916206,1.77161137526942,0.0764590901214419,ax_productivity,554,0.941662367274967,Reptilia,VIPERIDAE,SQUAMATA,SES.body_mass.var,39,Ectotherm,0.212637706254898
0.0507308166023731,0.0529246610164222,0.958547785249519,0.337786607633112,ax_structure,554,0.941662367274967,Reptilia,VIPERIDAE,SQUAMATA,SES.body_mass.var,39,Ectotherm,0.546191647663634
0.0971827895163296,0.0588498371309296,1.65136887805002,0.0986632756798269,ax_human,554,0.941662367274967,Reptilia,VIPERIDAE,SQUAMATA,SES.body_mass.var,39,Ectotherm,0.256670145218738
-0.54519215658462,0.0944652942329518,-5.77134873724285,7.86395326635159e-09,ax_thermal,554,0.843280247045096,Reptilia,VIPERIDAE,SQUAMATA,SES.habitat_breadth.mean,39,Ectotherm,5.99783246226899e-07
0.0800412696735125,0.0462059257102093,1.7322728295827,0.0832249972154806,ax_water,554,0.843280247045096,Reptilia,VIPERIDAE,SQUAMATA,SES.habitat_breadth.mean,39,Ectotherm,0.228302035163089
0.051826731885609,0.0548599568580643,0.944709672661556,0.34480711747462,ax_productivity,554,0.843280247045096,Reptilia,VIPERIDAE,SQUAMATA,SES.habitat_breadth.mean,39,Ectotherm,0.552475040499107
-0.0881004819118624,0.0316524815949187,-2.78336728978639,0.00537978661675442,ax_structure,554,0.843280247045096,Reptilia,VIPERIDAE,SQUAMATA,SES.habitat_breadth.mean,39,Ectotherm,0.0322787197005265
0.058490790721206,0.0346397605164601,1.6885448931846,0.0913066788259869,ax_human,554,0.843280247045096,Reptilia,VIPERIDAE,SQUAMATA,SES.habitat_breadth.mean,39,Ectotherm,0.244293011659661
0.062749250759877,0.0855819860207585,0.733206293490978,0.463432617435854,ax_thermal,554,0.962980390517387,Reptilia,VIPERIDAE,SQUAMATA,SES.habitat_breadth.var,39,Ectotherm,0.658649695978515
0.0101195952605958,0.0398649182928569,0.253847134120656,0.799613658012756,ax_water,554,0.962980390517387,Reptilia,VIPERIDAE,SQUAMATA,SES.habitat_breadth.var,39,Ectotherm,0.902164799229353
-0.0085625198153639,0.0434851750010853,-0.196906642669604,0.843900595350427,ax_productivity,554,0.962980390517387,Reptilia,VIPERIDAE,SQUAMATA,SES.habitat_breadth.var,39,Ectotherm,0.923118572105588
0.0251388411972856,0.0246643498522293,1.01923794253241,0.308090017560767,ax_structure,554,0.962980390517387,Reptilia,VIPERIDAE,SQUAMATA,SES.habitat_breadth.var,39,Ectotherm,0.514894695885024
0.00551700238424752,0.0275577074420005,0.20019816219687,0.841325604435264,ax_human,554,0.962980390517387,Reptilia,VIPERIDAE,SQUAMATA,SES.habitat_breadth.var,39,Ectotherm,0.921732014183157
0.0781310652384059,0.167521137169505,0.466395265448499,0.640932599816164,ax_thermal,413,0.897005928102838,Amphibia,DICROGLOSSIDAE,ANURA,SES.FDis,49,Ectotherm,0.800456125545431
-0.00819801302555136,0.093468632396845,-0.087708708422571,0.930108197981185,ax_water,413,0.897005928102838,Amphibia,DICROGLOSSIDAE,ANURA,SES.FDis,49,Ectotherm,0.962180894463295
-0.18266651001903,0.0864029801626844,-2.11412279617086,0.0345047806309129,ax_productivity,413,0.897005928102838,Amphibia,DICROGLOSSIDAE,ANURA,SES.FDis,49,Ectotherm,0.125092869309341
-0.0375054643218638,0.0519238179647109,-0.722317152166155,0.470099509839426,ax_structure,413,0.897005928102838,Amphibia,DICROGLOSSIDAE,ANURA,SES.FDis,49,Ectotherm,0.664168646165923
-0.0693300537955634,0.0576215058570588,-1.20319753474597,0.22889988867628,ax_human,413,0.897005928102838,Amphibia,DICROGLOSSIDAE,ANURA,SES.FDis,49,Ectotherm,0.426916459039093
0.0250200718398252,0.150403227936034,0.166353290306151,0.867878930626505,ax_thermal,413,0.859938214456652,Amphibia,DICROGLOSSIDAE,ANURA,SES.RaoQ,49,Ectotherm,0.936672912116853
0.0199647456905929,0.0871605145225226,0.229057226198842,0.818824438182235,ax_water,413,0.859938214456652,Amphibia,DICROGLOSSIDAE,ANURA,SES.RaoQ,49,Ectotherm,0.91391923801316
-0.232956713331866,0.0828946808923559,-2.81027335920835,0.00494994379052915,ax_productivity,413,0.859938214456652,Amphibia,DICROGLOSSIDAE,ANURA,SES.RaoQ,49,Ectotherm,0.0314388321830906
-0.0148532224251082,0.0507459148757404,-0.292697894234023,0.769753079597967,ax_structure,413,0.859938214456652,Amphibia,DICROGLOSSIDAE,ANURA,SES.RaoQ,49,Ectotherm,0.890358043609022
-0.0699876685314326,0.0555612210795668,-1.25964957521733,0.207795803203375,ax_human,413,0.859938214456652,Amphibia,DICROGLOSSIDAE,ANURA,SES.RaoQ,49,Ectotherm,0.401909578212289
-0.0824851830079493,0.190102297471714,-0.433898927603559,0.664361838535009,ax_thermal,413,0.949675593313155,Amphibia,DICROGLOSSIDAE,ANURA,SES.body_mass.mean,49,Ectotherm,0.815822843873705
0.660165259429394,0.101414099726285,6.50960035351267,7.53510587259143e-11,ax_water,413,0.949675593313155,Amphibia,DICROGLOSSIDAE,ANURA,SES.body_mass.mean,49,Ectotherm,8.85374940029493e-09
-0.0447867219112741,0.0902254367726429,-0.496386867310281,0.619621488834117,ax_productivity,413,0.949675593313155,Amphibia,DICROGLOSSIDAE,ANURA,SES.body_mass.mean,49,Ectotherm,0.786923727678917
-0.0151235149105866,0.0523931178398828,-0.288654608355341,0.772845701923049,ax_structure,413,0.949675593313155,Amphibia,DICROGLOSSIDAE,ANURA,SES.body_mass.mean,49,Ectotherm,0.890427721232876
0.0714961707851507,0.0596582714114599,1.19842846756396,0.230750255422706,ax_human,413,0.949675593313155,Amphibia,DICROGLOSSIDAE,ANURA,SES.body_mass.mean,49,Ectotherm,0.428102447560546
0.995448343481607,0.169358916443992,5.87774393213484,4.15895606842298e-09,ax_thermal,413,0.723929186397249,Amphibia,DICROGLOSSIDAE,ANURA,SES.body_mass.var,49,Ectotherm,3.66508003529775e-07
0.501611545345882,0.111334142081682,4.50546019367416,6.62292540698495e-06,ax_water,413,0.723929186397249,Amphibia,DICROGLOSSIDAE,ANURA,SES.body_mass.var,49,Ectotherm,0.00014822737815633
-0.320974482185139,0.115154248317401,-2.78734381818405,0.00531420635421309,ax_productivity,413,0.723929186397249,Amphibia,DICROGLOSSIDAE,ANURA,SES.body_mass.var,49,Ectotherm,0.0320973795043945
-0.0747819573925001,0.0714630482525618,-1.0464423113916,0.295356866380676,ax_structure,413,0.723929186397249,Amphibia,DICROGLOSSIDAE,ANURA,SES.body_mass.var,49,Ectotherm,0.503570957190753
-0.0743910473155068,0.0774722976891394,-0.960227714092124,0.336940621535155,ax_human,413,0.723929186397249,Amphibia,DICROGLOSSIDAE,ANURA,SES.body_mass.var,49,Ectotherm,0.545449226595372
0.969345477586987,0.270811093200868,3.57941569575216,0.000344363315779583,ax_thermal,413,0.911303491868757,Amphibia,DICROGLOSSIDAE,ANURA,SES.habitat_breadth.mean,49,Ectotherm,0.00408027122058162
0.356951838220107,0.149040261699684,2.39500276065916,0.0166202401352094,ax_water,413,0.911303491868757,Amphibia,DICROGLOSSIDAE,ANURA,SES.habitat_breadth.mean,49,Ectotherm,0.0730047931172747
-0.275369823415422,0.136263380395299,-2.02086446568826,0.0432937972264227,ax_productivity,413,0.911303491868757,Amphibia,DICROGLOSSIDAE,ANURA,SES.habitat_breadth.mean,49,Ectotherm,0.147449889104483
-0.0137474569354528,0.0811690638284037,-0.169368183973586,0.865507047453332,ax_structure,413,0.911303491868757,Amphibia,DICROGLOSSIDAE,ANURA,SES.habitat_breadth.mean,49,Ectotherm,0.936580918579584
-0.109247271032645,0.0906623882529389,-1.20498999792346,0.228207163161447,ax_human,413,0.911303491868757,Amphibia,DICROGLOSSIDAE,ANURA,SES.habitat_breadth.mean,49,Ectotherm,0.426916459039093
0.338388519294532,0.259376114864593,1.3046248282005,0.192020629698476,ax_thermal,413,0.851262107784026,Amphibia,DICROGLOSSIDAE,ANURA,SES.habitat_breadth.var,49,Ectotherm,0.383995916590066
0.0509658271167262,0.151674366777315,0.33602136075869,0.736854758528305,ax_water,413,0.851262107784026,Amphibia,DICROGLOSSIDAE,ANURA,SES.habitat_breadth.var,49,Ectotherm,0.869734853945485
-0.214477314854644,0.145180208082066,-1.47731786369534,0.13959045170677,ax_productivity,413,0.851262107784026,Amphibia,DICROGLOSSIDAE,ANURA,SES.habitat_breadth.var,49,Ectotherm,0.313817354004599
0.159248814485369,0.0891694945203951,1.78591137408483,0.0741136090570906,ax_structure,413,0.851262107784026,Amphibia,DICROGLOSSIDAE,ANURA,SES.habitat_breadth.var,49,Ectotherm,0.209810230366225
-0.14050789220914,0.0973982212296068,-1.44261250806528,0.14912965787408,ax_human,413,0.851262107784026,Amphibia,DICROGLOSSIDAE,ANURA,SES.habitat_breadth.var,49,Ectotherm,0.327804931667869
0.0920942083531306,0.279650115915086,0.32931939989288,0.7419142821963,ax_thermal,222,0.860254708052707,Amphibia,MEGOPHRYIDAE,ANURA,SES.FDis,82,Ectotherm,0.874664831017377
0.539336140290068,0.214012180707671,2.52011889466597,0.0117315200523056,ax_water,222,0.860254708052707,Amphibia,MEGOPHRYIDAE,ANURA,SES.FDis,82,Ectotherm,0.0588119081710525
0.236271670758052,0.143215068082324,1.64976823962572,0.098990347045768,ax_productivity,222,0.860254708052707,Amphibia,MEGOPHRYIDAE,ANURA,SES.FDis,82,Ectotherm,0.256912050303084
0.140373668028193,0.0760053885708028,1.84689099901684,0.0647629395269826,ax_structure,222,0.860254708052707,Amphibia,MEGOPHRYIDAE,ANURA,SES.FDis,82,Ectotherm,0.194703080454255
-0.0542600679340024,0.136080355747021,-0.398735494452073,0.690088111383663,ax_human,222,0.860254708052707,Amphibia,MEGOPHRYIDAE,ANURA,SES.FDis,82,Ectotherm,0.837370255637664
0.0399290158055009,0.269818895919236,0.147984505197341,0.882354996658548,ax_thermal,222,0.851784527321474,Amphibia,MEGOPHRYIDAE,ANURA,SES.RaoQ,82,Ectotherm,0.938340133266837
0.555889085766721,0.206975534238328,2.68577195760068,0.00723624583518046,ax_water,222,0.851784527321474,Amphibia,MEGOPHRYIDAE,ANURA,SES.RaoQ,82,Ectotherm,0.0409763318377688
0.21259185336962,0.140643180473835,1.51156886991169,0.130643576042994,ax_productivity,222,0.851784527321474,Amphibia,MEGOPHRYIDAE,ANURA,SES.RaoQ,82,Ectotherm,0.301653222014584
0.159243688114981,0.0752274439890525,2.11682970563449,0.034274303263601,ax_structure,222,0.851784527321474,Amphibia,MEGOPHRYIDAE,ANURA,SES.RaoQ,82,Ectotherm,0.124875368479787
-0.0254643671634777,0.133967773812209,-0.190078303452087,0.849247771466729,ax_human,222,0.851784527321474,Amphibia,MEGOPHRYIDAE,ANURA,SES.RaoQ,82,Ectotherm,0.924663596732113
-0.221071205820667,0.316172200964381,-0.699211395392642,0.484419930134031,ax_thermal,222,0.878450152351268,Amphibia,MEGOPHRYIDAE,ANURA,SES.body_mass.mean,82,Ectotherm,0.678679809903816
-0.0648532197075546,0.240803228481256,-0.269320391244683,0.787683141760644,ax_water,222,0.878450152351268,Amphibia,MEGOPHRYIDAE,ANURA,SES.body_mass.mean,82,Ectotherm,0.896849323348557
-0.0937204867051827,0.155995786526839,-0.600788577639296,0.547980812923953,ax_productivity,222,0.878450152351268,Amphibia,MEGOPHRYIDAE,ANURA,SES.body_mass.mean,82,Ectotherm,0.728917873795069
0.0955806489480813,0.0813559358048943,1.17484542464486,0.240056563112054,ax_structure,222,0.878450152351268,Amphibia,MEGOPHRYIDAE,ANURA,SES.body_mass.mean,82,Ectotherm,0.43674806966193
0.152863619070221,0.147471016399375,1.03656720352589,0.299937604495408,ax_human,222,0.878450152351268,Amphibia,MEGOPHRYIDAE,ANURA,SES.body_mass.mean,82,Ectotherm,0.508792167342383
0.152465824503155,0.316484808103982,0.48174768772175,0.629985195102062,ax_thermal,222,0.907951671970116,Amphibia,MEGOPHRYIDAE,ANURA,SES.body_mass.var,82,Ectotherm,0.792398862706429
0.126987818456666,0.239347468939035,0.530558434645538,0.59572480556933,ax_water,222,0.907951671970116,Amphibia,MEGOPHRYIDAE,ANURA,SES.body_mass.var,82,Ectotherm,0.766845314209703
0.143713635353183,0.147508335680042,0.974274671940639,0.329920177060243,ax_productivity,222,0.907951671970116,Amphibia,MEGOPHRYIDAE,ANURA,SES.body_mass.var,82,Ectotherm,0.538411400063591
0.000573055846849919,0.0747074799984737,0.00767066225311879,0.993879757035385,ax_structure,222,0.907951671970116,Amphibia,MEGOPHRYIDAE,ANURA,SES.body_mass.var,82,Ectotherm,0.995348334379033
-0.10639613721685,0.138438467162531,-0.768544606116865,0.44216370068905,ax_human,222,0.907951671970116,Amphibia,MEGOPHRYIDAE,ANURA,SES.body_mass.var,82,Ectotherm,0.639436736381088
-0.136948122799582,0.356243341210684,-0.38442296867688,0.700664979418904,ax_thermal,222,0.909806521760887,Amphibia,MEGOPHRYIDAE,ANURA,SES.habitat_breadth.mean,82,Ectotherm,0.842231560938324
0.0354896405164264,0.269303722233803,0.131782955772201,0.895155968286587,ax_water,222,0.909806521760887,Amphibia,MEGOPHRYIDAE,ANURA,SES.habitat_breadth.mean,82,Ectotherm,0.941917847226931
-0.283442744613467,0.165480261060737,-1.71284927154807,0.0867402728724374,ax_productivity,222,0.909806521760887,Amphibia,MEGOPHRYIDAE,ANURA,SES.habitat_breadth.mean,82,Ectotherm,0.234748147313122
-0.0147151113636377,0.0836552825083314,-0.175901759248403,0.860371123222341,ax_structure,222,0.909806521760887,Amphibia,MEGOPHRYIDAE,ANURA,SES.habitat_breadth.mean,82,Ectotherm,0.933890133751733
-0.190618036341259,0.15524307702599,-1.22786819221154,0.219496451626812,ax_human,222,0.909806521760887,Amphibia,MEGOPHRYIDAE,ANURA,SES.habitat_breadth.mean,82,Ectotherm,0.415981178486297
0.22258668238281,0.302979698418256,0.734658736360397,0.46254735663313,ax_thermal,222,0.934141944940265,Amphibia,MEGOPHRYIDAE,ANURA,SES.habitat_breadth.var,82,Ectotherm,0.658649695978515
0.351812839050457,0.227853836031418,1.54402859823675,0.122581404673361,ax_water,222,0.934141944940265,Amphibia,MEGOPHRYIDAE,ANURA,SES.habitat_breadth.var,82,Ectotherm,0.290487026200738
-0.191454435021501,0.135080016306801,-1.41734092322479,0.156383275893457,ax_productivity,222,0.934141944940265,Amphibia,MEGOPHRYIDAE,ANURA,SES.habitat_breadth.var,82,Ectotherm,0.338710321059561
-0.020012741242003,0.0667050380238416,-0.300018436911018,0.764163092434554,ax_structure,222,0.934141944940265,Amphibia,MEGOPHRYIDAE,ANURA,SES.habitat_breadth.var,82,Ectotherm,0.887537034870445
-0.20639421995783,0.126157147726518,-1.6360089275738,0.10183771896702,ax_human,222,0.934141944940265,Amphibia,MEGOPHRYIDAE,ANURA,SES.habitat_breadth.var,82,Ectotherm,0.261074879533633
0.987518885919841,0.343487476167861,2.87497785053812,0.00404055841876039,ax_thermal,249,0.913794390308274,Amphibia,MICROHYLIDAE,ANURA,SES.FDis,22,Ectotherm,0.0274526611134047
0.512793207862673,0.203971351928441,2.51404524711184,0.0119355119735587,ax_water,249,0.913794390308274,Amphibia,MICROHYLIDAE,ANURA,SES.FDis,22,Ectotherm,0.0590493750270798
0.172130091928102,0.114220021548043,1.50700454784717,0.131809491487427,ax_productivity,249,0.913794390308274,Amphibia,MICROHYLIDAE,ANURA,SES.FDis,22,Ectotherm,0.303678730387699
-0.130371298549109,0.0921362089814467,-1.41498440179324,0.157073069462583,ax_structure,249,0.913794390308274,Amphibia,MICROHYLIDAE,ANURA,SES.FDis,22,Ectotherm,0.339682558193623
0.0445005773849309,0.0719603323564944,0.618404278130251,0.536308878444424,ax_human,249,0.913794390308274,Amphibia,MICROHYLIDAE,ANURA,SES.FDis,22,Ectotherm,0.718134395637833
1.14754278089995,0.353860595319935,3.24292333217387,0.00118310042828784,ax_thermal,249,0.907439602375364,Amphibia,MICROHYLIDAE,ANURA,SES.RaoQ,22,Ectotherm,0.0109030823783389
0.571460601785033,0.210512608851985,2.71461460147898,0.00663529382666339,ax_water,249,0.907439602375364,Amphibia,MICROHYLIDAE,ANURA,SES.RaoQ,22,Ectotherm,0.0381867930432465
0.164051981224744,0.119073123071181,1.37774148349729,0.16828311853519,ax_productivity,249,0.907439602375364,Amphibia,MICROHYLIDAE,ANURA,SES.RaoQ,22,Ectotherm,0.356130346557279
-0.151862197870664,0.0958553545907947,-1.58428497311351,0.113128883825193,ax_structure,249,0.907439602375364,Amphibia,MICROHYLIDAE,ANURA,SES.RaoQ,22,Ectotherm,0.27677817765382
0.0310286357174842,0.0749360338058576,0.414068294538678,0.678824091665462,ax_human,249,0.907439602375364,Amphibia,MICROHYLIDAE,ANURA,SES.RaoQ,22,Ectotherm,0.828059439144391
1.23896343054837,0.314600948401917,3.9382062795486,8.20930059968195e-05,ax_thermal,249,0.828853754199913,Amphibia,MICROHYLIDAE,ANURA,SES.body_mass.mean,22,Ectotherm,0.00125816454842952
0.989971233519906,0.191524307906309,5.16890646593113,2.35467700226977e-07,ax_water,249,0.828853754199913,Amphibia,MICROHYLIDAE,ANURA,SES.body_mass.mean,22,Ectotherm,9.76498403882462e-06
0.265390220704224,0.123522067490341,2.14852476238691,0.0316720914121034,ax_productivity,249,0.828853754199913,Amphibia,MICROHYLIDAE,ANURA,SES.body_mass.mean,22,Ectotherm,0.118141928283243
0.0544021933756975,0.09689768912279,0.561439533472861,0.574497940044881,ax_structure,249,0.828853754199913,Amphibia,MICROHYLIDAE,ANURA,SES.body_mass.mean,22,Ectotherm,0.752827226266991
0.130531635282351,0.076720422160059,1.7013936003901,0.088869102208011,ax_human,249,0.828853754199913,Amphibia,MICROHYLIDAE,ANURA,SES.body_mass.mean,22,Ectotherm,0.239132507849801
1.35312831380865,0.359070772657501,3.76841674913856,0.000164286257511526,ax_thermal,249,0.808604304441385,Amphibia,MICROHYLIDAE,ANURA,SES.body_mass.var,22,Ectotherm,0.0022061297437262
1.01716082801917,0.220059762806719,4.62220269187761,3.79686751172947e-06,ax_water,249,0.808604304441385,Amphibia,MICROHYLIDAE,ANURA,SES.body_mass.var,22,Ectotherm,9.39225121322554e-05
0.247975380308137,0.146677250254531,1.69061923289277,0.0909095489482634,ax_productivity,249,0.808604304441385,Amphibia,MICROHYLIDAE,ANURA,SES.body_mass.var,22,Ectotherm,0.24369289737082
-0.0278887338212657,0.11432604957835,-0.243940326147217,0.807277036649168,ax_structure,249,0.808604304441385,Amphibia,MICROHYLIDAE,ANURA,SES.body_mass.var,22,Ectotherm,0.907703845036146
0.067572470603427,0.0908139398833197,0.744075972149716,0.456830514748603,ax_human,249,0.808604304441385,Amphibia,MICROHYLIDAE,ANURA,SES.body_mass.var,22,Ectotherm,0.653276902429544
0.046383876716127,0.362072605558487,0.128106562065311,0.898064643063287,ax_thermal,249,0.973467254690401,Amphibia,MICROHYLIDAE,ANURA,SES.habitat_breadth.mean,22,Ectotherm,0.943570154038178
-0.894813888856044,0.211072712379803,-4.23936319748391,2.24154744647986e-05,ax_water,249,0.973467254690401,Amphibia,MICROHYLIDAE,ANURA,SES.habitat_breadth.mean,22,Ectotherm,0.000427105662099542
-0.240936821414138,0.109391126359466,-2.20252619597685,0.0276281607994138,ax_productivity,249,0.973467254690401,Amphibia,MICROHYLIDAE,ANURA,SES.habitat_breadth.mean,22,Ectotherm,0.106727963636092
0.125781413080635,0.0896865422371149,1.40245581938137,0.160779174752294,ax_structure,249,0.973467254690401,Amphibia,MICROHYLIDAE,ANURA,SES.habitat_breadth.mean,22,Ectotherm,0.345051196956979
-0.165822401653246,0.0695935106849101,-2.3827279299649,0.0171848898336895,ax_human,249,0.973467254690401,Amphibia,MICROHYLIDAE,ANURA,SES.habitat_breadth.mean,22,Ectotherm,0.0741411467843121
-0.73042904358431,0.275099302283563,-2.65514684159907,0.00792738919160652,ax_thermal,249,0.939337362033166,Amphibia,MICROHYLIDAE,ANURA,SES.habitat_breadth.var,22,Ectotherm,0.0443556300006555
-0.679901053136256,0.162137322691238,-4.19336548705081,2.74846080161595e-05,ax_water,249,0.939337362033166,Amphibia,MICROHYLIDAE,ANURA,SES.habitat_breadth.var,22,Ectotherm,0.000516710630703798
-0.162291886440191,0.0874408594645197,-1.8560188844672,0.0634508663835884,ax_productivity,249,0.939337362033166,Amphibia,MICROHYLIDAE,ANURA,SES.habitat_breadth.var,22,Ectotherm,0.191986527040471
-0.0793350017866273,0.0710841719083109,-1.11607126673655,0.264391630217384,ax_structure,249,0.939337362033166,Amphibia,MICROHYLIDAE,ANURA,SES.habitat_breadth.var,22,Ectotherm,0.467136198865881
-0.0644558468448406,0.0553282086398157,-1.16497259588586,0.244030085738291,ax_human,249,0.939337362033166,Amphibia,MICROHYLIDAE,ANURA,SES.habitat_breadth.var,22,Ectotherm,0.442265322481993
-0.226688606065328,0.128883647809177,-1.75886243071703,0.0786008777139242,ax_thermal,911,0.91400915492601,Amphibia,RANIDAE,ANURA,SES.FDis,109,Ectotherm,0.218163853497309
0.161650674598656,0.0572712113059507,2.82254680689563,0.00476438666997026,ax_water,911,0.91400915492601,Amphibia,RANIDAE,ANURA,SES.FDis,109,Ectotherm,0.0305353872939003
0.0745416710421302,0.0545408963068878,1.3667115153866,0.171715746995442,ax_productivity,911,0.91400915492601,Amphibia,RANIDAE,ANURA,SES.FDis,109,Ectotherm,0.358610496772482
-0.0518338771932045,0.0358245267227128,-1.44688239971477,0.147929863337441,ax_structure,911,0.91400915492601,Amphibia,RANIDAE,ANURA,SES.FDis,109,Ectotherm,0.326418008303273
0.0492137980941488,0.034201168610869,1.43895077545709,0.150164469912056,ax_human,911,0.91400915492601,Amphibia,RANIDAE,ANURA,SES.FDis,109,Ectotherm,0.329287562326592
-0.279374530107847,0.127870008281666,-2.18483234545863,0.0289011414947551,ax_thermal,911,0.90707196582206,Amphibia,RANIDAE,ANURA,SES.RaoQ,109,Ectotherm,0.11043525611817
0.174862889601507,0.0577184087358688,3.02958611353468,0.00244889079611688,ax_water,911,0.90707196582206,Amphibia,RANIDAE,ANURA,SES.RaoQ,109,Ectotherm,0.0191829779029155
0.0766434164083119,0.0553452337324069,1.38482415267919,0.166106243729052,ax_productivity,911,0.90707196582206,Amphibia,RANIDAE,ANURA,SES.RaoQ,109,Ectotherm,0.354326480571806
-0.0587904140705151,0.036350298132723,-1.61732962562943,0.105807147637194,ax_structure,911,0.90707196582206,Amphibia,RANIDAE,ANURA,SES.RaoQ,109,Ectotherm,0.26640728244365
0.055124362656514,0.0346973658912438,1.5887189485593,0.112123859015341,ax_human,911,0.90707196582206,Amphibia,RANIDAE,ANURA,SES.RaoQ,109,Ectotherm,0.2754965068864
-0.471264566245011,0.16653818024168,-2.82976891882157,0.00465816348500803,ax_thermal,911,0.90946159493259,Amphibia,RANIDAE,ANURA,SES.body_mass.mean,109,Ectotherm,0.0301318228798885
-0.000568198147978183,0.0747673168004122,-0.00759955248220236,0.993936492769985,ax_water,911,0.90946159493259,Amphibia,RANIDAE,ANURA,SES.body_mass.mean,109,Ectotherm,0.995348334379033
-0.0398792244150871,0.0715210012465324,-0.557587613708367,0.577126016433232,ax_productivity,911,0.90946159493259,Amphibia,RANIDAE,ANURA,SES.body_mass.mean,109,Ectotherm,0.753251564053501
-0.143896091161893,0.0469756452457029,-3.06320627229822,0.00218979060521241,ax_structure,911,0.90946159493259,Amphibia,RANIDAE,ANURA,SES.body_mass.mean,109,Ectotherm,0.017444094651692
0.0343954164654089,0.0448417195848212,0.767040532429798,0.443057416992905,ax_human,911,0.90946159493259,Amphibia,RANIDAE,ANURA,SES.body_mass.mean,109,Ectotherm,0.640072702827864
0.340143219106882,0.158275094596277,2.14906343903638,0.0316293714575795,ax_thermal,911,0.888009109048152,Amphibia,RANIDAE,ANURA,SES.body_mass.var,109,Ectotherm,0.118141928283243
0.0886795111569934,0.074569288327268,1.18922297833659,0.234351934624405,ax_water,911,0.888009109048152,Amphibia,RANIDAE,ANURA,SES.body_mass.var,109,Ectotherm,0.43081646391188
0.300883325962932,0.0729919504114092,4.12214393870892,3.75362526736645e-05,ax_productivity,911,0.888009109048152,Amphibia,RANIDAE,ANURA,SES.body_mass.var,109,Ectotherm,0.00064544044231545
0.0616573543390557,0.0479257249940372,1.28651896964995,0.198262002790985,ax_structure,911,0.888009109048152,Amphibia,RANIDAE,ANURA,SES.body_mass.var,109,Ectotherm,0.38973792599049
0.0200212490548261,0.0457445918016345,0.437674668551982,0.661622134931535,ax_human,911,0.888009109048152,Amphibia,RANIDAE,ANURA,SES.body_mass.var,109,Ectotherm,0.814748655243201
-0.114950996050223,0.134401122904532,-0.855283003341237,0.39239449464125,ax_thermal,911,0.946642775967301,Amphibia,RANIDAE,ANURA,SES.habitat_breadth.mean,109,Ectotherm,0.595561073675094
0.109472311609833,0.0557069225381955,1.96514735731045,0.0493971847914541,ax_water,911,0.946642775967301,Amphibia,RANIDAE,ANURA,SES.habitat_breadth.mean,109,Ectotherm,0.161976815246396
-0.0641798983884068,0.0516256413930791,-1.24317871229413,0.213801985384991,ax_productivity,911,0.946642775967301,Amphibia,RANIDAE,ANURA,SES.habitat_breadth.mean,109,Ectotherm,0.40959347743592
-0.145063159171539,0.0339169060169033,-4.27701627911589,1.89414956293099e-05,ax_structure,911,0.946642775967301,Amphibia,RANIDAE,ANURA,SES.habitat_breadth.mean,109,Ectotherm,0.000365856285442835
0.0613073779372855,0.0324338406149783,1.89022874796311,0.0587273734418294,ax_human,911,0.946642775967301,Amphibia,RANIDAE,ANURA,SES.habitat_breadth.mean,109,Ectotherm,0.18159122051092
-0.254635964337522,0.101688155693159,-2.50408676017173,0.0122767925175267,ax_thermal,911,0.925124235427968,Amphibia,RANIDAE,ANURA,SES.habitat_breadth.var,109,Ectotherm,0.0596906118955607
0.103737169083115,0.0440798687793308,2.35339105936172,0.01860305810736,ax_water,911,0.925124235427968,Amphibia,RANIDAE,ANURA,SES.habitat_breadth.var,109,Ectotherm,0.0787697054996323
0.0057709003325226,0.0415513568913767,0.138885965808743,0.889540261143161,ax_productivity,911,0.925124235427968,Amphibia,RANIDAE,ANURA,SES.habitat_breadth.var,109,Ectotherm,0.940262351977581
-0.0659533499976289,0.0272946971014582,-2.41634298971962,0.0156772859001542,ax_structure,911,0.925124235427968,Amphibia,RANIDAE,ANURA,SES.habitat_breadth.var,109,Ectotherm,0.0708492728180044
0.0471495290759686,0.0260687944240861,1.80865782701501,0.0705041786571166,ax_human,911,0.925124235427968,Amphibia,RANIDAE,ANURA,SES.habitat_breadth.var,109,Ectotherm,0.204129141491857
-0.10818476844648,0.197766630928237,-0.547032469222459,0.584356425404238,ax_thermal,406,0.940505479721649,Amphibia,RHACOPHORIDAE,ANURA,SES.FDis,72,Ectotherm,0.757300146893359
-0.212392289552607,0.0740422969997367,-2.86852647957913,0.00412388677522757,ax_water,406,0.940505479721649,Amphibia,RHACOPHORIDAE,ANURA,SES.FDis,72,Ectotherm,0.0276889540622423
-0.153448318112767,0.110716821973395,-1.38595305914435,0.165761237450804,ax_productivity,406,0.940505479721649,Amphibia,RHACOPHORIDAE,ANURA,SES.FDis,72,Ectotherm,0.354126280008535
-0.0306647518674945,0.05142903011758,-0.596253746131067,0.551005725637578,ax_structure,406,0.940505479721649,Amphibia,RHACOPHORIDAE,ANURA,SES.FDis,72,Ectotherm,0.729532292786157
-0.135855761885072,0.0618164171635044,-2.19772947250783,0.0279683899758703,ax_human,406,0.940505479721649,Amphibia,RHACOPHORIDAE,ANURA,SES.FDis,72,Ectotherm,0.107747076136549
0.0599251142203761,0.192533308129883,0.311245440087439,0.755614041119088,ax_thermal,406,0.93720224976746,Amphibia,RHACOPHORIDAE,ANURA,SES.RaoQ,72,Ectotherm,0.881966720180393
-0.206676884114423,0.072298142389284,-2.85867488823692,0.0042541453620677,ax_water,406,0.93720224976746,Amphibia,RHACOPHORIDAE,ANURA,SES.RaoQ,72,Ectotherm,0.0282940800024314
-0.16603955144134,0.108200111687459,-1.53455988955865,0.12489197159972,ax_productivity,406,0.93720224976746,Amphibia,RHACOPHORIDAE,ANURA,SES.RaoQ,72,Ectotherm,0.294477725678269
-0.0328259205938395,0.0502698960717301,-0.652993603706685,0.513760402110096,ax_structure,406,0.93720224976746,Amphibia,RHACOPHORIDAE,ANURA,SES.RaoQ,72,Ectotherm,0.700212277044214
-0.148548328561426,0.0604178713324793,-2.45868193111216,0.0139448101885185,ax_human,406,0.93720224976746,Amphibia,RHACOPHORIDAE,ANURA,SES.RaoQ,72,Ectotherm,0.0644661716911837
-0.714259476258724,0.201703311027713,-3.54113907510715,0.000398403518672152,ax_thermal,406,0.859171184289402,Amphibia,RHACOPHORIDAE,ANURA,SES.body_mass.mean,72,Ectotherm,0.00453023355909464
0.11355867436347,0.0833278312528923,1.36279407079286,0.172947420303175,ax_water,406,0.859171184289402,Amphibia,RHACOPHORIDAE,ANURA,SES.body_mass.mean,72,Ectotherm,0.358915898536581
0.00991384691101099,0.127157489640239,0.0779651040537193,0.937855811398977,ax_productivity,406,0.859171184289402,Amphibia,RHACOPHORIDAE,ANURA,SES.body_mass.mean,72,Ectotherm,0.965238462826684
-0.0951708459670882,0.0593083956217667,-1.60467746546426,0.108564803629277,ax_structure,406,0.859171184289402,Amphibia,RHACOPHORIDAE,ANURA,SES.body_mass.mean,72,Ectotherm,0.270452956037598
0.0840601295411819,0.0714687899114751,1.17617955537379,0.23952313245336,ax_human,406,0.859171184289402,Amphibia,RHACOPHORIDAE,ANURA,SES.body_mass.mean,72,Ectotherm,0.43674806966193
0.0587444633980031,0.184521988603944,0.318360233609294,0.750211699216839,ax_thermal,406,0.908737353018361,Amphibia,RHACOPHORIDAE,ANURA,SES.body_mass.var,72,Ectotherm,0.880610614135956
-0.167620301337235,0.0714199524587766,-2.34696741689915,0.0189269098401477,ax_water,406,0.908737353018361,Amphibia,RHACOPHORIDAE,ANURA,SES.body_mass.var,72,Ectotherm,0.0796629405567348
-0.25633408023677,0.107638456764471,-2.38143585426598,0.0172452939452763,ax_productivity,406,0.908737353018361,Amphibia,RHACOPHORIDAE,ANURA,SES.body_mass.var,72,Ectotherm,0.0741411467843121
-0.140318516428764,0.0500992798191334,-2.80080905225259,0.00509746713074466,ax_structure,406,0.908737353018361,Amphibia,RHACOPHORIDAE,ANURA,SES.body_mass.var,72,Ectotherm,0.0316736808556291
-0.151028545346568,0.0602011168760978,-2.50873327910851,0.0121164934234359,ax_human,406,0.908737353018361,Amphibia,RHACOPHORIDAE,ANURA,SES.body_mass.var,72,Ectotherm,0.0593203323855716
0.212909119503263,0.178759859138937,1.19103427653624,0.233640129100231,ax_thermal,406,0.914405776380084,Amphibia,RHACOPHORIDAE,ANURA,SES.habitat_breadth.mean,72,Ectotherm,0.430068644949511
-0.0324106869248003,0.0687341621731847,-0.471536800625246,0.637257446224475,ax_water,406,0.914405776380084,Amphibia,RHACOPHORIDAE,ANURA,SES.habitat_breadth.mean,72,Ectotherm,0.798770955195021
-0.249545836251146,0.103448251285638,-2.41227699018429,0.0158532324913447,ax_productivity,406,0.914405776380084,Amphibia,RHACOPHORIDAE,ANURA,SES.habitat_breadth.mean,72,Ectotherm,0.0713059560367789
-0.196973991617184,0.0481318374931222,-4.09238462265918,4.26959696218088e-05,ax_structure,406,0.914405776380084,Amphibia,RHACOPHORIDAE,ANURA,SES.habitat_breadth.mean,72,Ectotherm,0.000725317074298197
-0.116641838258682,0.057833972898518,-2.01683945288273,0.0437122702709716,ax_human,406,0.914405776380084,Amphibia,RHACOPHORIDAE,ANURA,SES.habitat_breadth.mean,72,Ectotherm,0.148516388149566
0.201720578485388,0.16576362687191,1.21691701787669,0.223635790043501,ax_thermal,406,0.895052707239035,Amphibia,RHACOPHORIDAE,ANURA,SES.habitat_breadth.var,72,Ectotherm,0.422123780403396
0.00177487918591145,0.0652507241781102,0.027200911687458,0.978299488554918,ax_water,406,0.895052707239035,Amphibia,RHACOPHORIDAE,ANURA,SES.habitat_breadth.var,72,Ectotherm,0.990238534718187
-0.251583142709866,0.0986683346081871,-2.54978604543094,0.0107789046286335,ax_productivity,406,0.895052707239035,Amphibia,RHACOPHORIDAE,ANURA,SES.habitat_breadth.var,72,Ectotherm,0.05598206783718
-0.0875292443403889,0.0459608968200672,-1.90442855549704,0.0568543931638623,ax_structure,406,0.895052707239035,Amphibia,RHACOPHORIDAE,ANURA,SES.habitat_breadth.var,72,Ectotherm,0.177355518497889
-0.133173688229683,0.0552470057199695,-2.41051413545742,0.0159300540082166,ax_human,406,0.895052707239035,Amphibia,RHACOPHORIDAE,ANURA,SES.habitat_breadth.var,72,Ectotherm,0.0713059560367789
