cell_id,class,richness,FEve,FDis,RaoQ
,Aves,183,0.885359819880281,0.145594102409364,0.0249230600192428
,Aves,184,0.885686188056317,0.145453550778423,0.0248730496051069
,Aves,184,0.885686188056317,0.145453550778423,0.0248730496051069
,Aves,183,0.887220293539661,0.144746806622593,0.0246570561867666
,Aves,183,0.885270163173014,0.145831296696488,0.0249753492502868
,Aves,185,0.886102638685635,0.14533913439502,0.0248261038965598
,Aves,184,0.887615729224592,0.144628706561562,0.0246087601266606
,Aves,182,0.889418196688334,0.144760885898307,0.0246336661244246
,Aves,162,0.885635588863535,0.143800509592891,0.0243086034186615
,Aves,160,0.888257890469855,0.142708126897858,0.0240052323567809
,Aves,158,0.888052687850493,0.143321354051092,0.0241798517302629
,Aves,174,0.885131890891484,0.143293021837832,0.0242815617829168
,Aves,175,0.884503078959473,0.142157548584474,0.0239552374796548
,Aves,184,0.883481924819645,0.142398319743336,0.0239520453124036
,Aves,181,0.884776822857305,0.141942792860063,0.0238945490410634
,Aves,180,0.884309495988649,0.142296570050991,0.0239888551381512
,Aves,181,0.885788051702373,0.142749889637189,0.0241228789881505
,Aves,196,0.881877827002497,0.141550052863277,0.0236588428824905
,Aves,191,0.888688091219197,0.141161115330953,0.0236179000773631
,Aves,179,0.887652069763038,0.142708811678846,0.0241805044153039
,Aves,372,0.87023362922814,0.1373902794147,0.0223307093889241
,Aves,195,0.885790546520509,0.13874407202554,0.0230121809318287
,Aves,192,0.887598417382019,0.138872481625498,0.023093746318086
,Aves,369,0.869066531374957,0.136398803717958,0.0221061509470521
,Aves,229,0.877355067459749,0.137416158972336,0.0224636583489043
,Aves,210,0.881881378431978,0.140237822214442,0.0232539445781613
,Aves,188,0.887508160039832,0.139381981734118,0.0233490594323004
,Aves,176,0.888470884447162,0.140418276707101,0.0240380745530492
,Aves,175,0.881654003391363,0.140032541393944,0.0241087408839529
,Aves,134,0.886356519623148,0.157197862643423,0.0290434470981338
,Aves,366,0.868800998297182,0.137649545150995,0.0225484907935347
,Aves,364,0.86943589872031,0.137252181287381,0.0223489377624362
,Aves,352,0.870299020093989,0.136705994047074,0.0222978734582817
,Aves,341,0.869311012598099,0.136741908454766,0.0222248169667812
,Aves,323,0.870962296432092,0.137518200718836,0.0225187928434642
,Aves,278,0.873665594603874,0.137790048123904,0.0227297276490461
,Aves,260,0.876655876991805,0.136848322261278,0.0222705196602108
,Aves,237,0.878948436180659,0.136349346604864,0.0221762490686867
,Aves,206,0.882821248247221,0.139212518302078,0.0231020117078553
,Aves,203,0.883182486221969,0.138462601719644,0.0229528595032881
,Aves,194,0.883705072184956,0.139357134092026,0.0232100568551379
,Aves,191,0.887492483743384,0.13937233919634,0.0236598169645978
,Aves,182,0.885809544917227,0.137867568686423,0.0234003682048516
,Aves,175,0.884624024314389,0.138613516751627,0.0236487546594914
,Aves,172,0.881464674724301,0.137974778197574,0.0235925844891387
,Aves,125,0.881806472781842,0.151466844402127,0.0275122830044546
,Aves,144,0.886345229044572,0.156720616744975,0.0287021848145576
,Aves,373,0.872355627100073,0.138093300395729,0.0227216886625875
,Aves,351,0.869988746226415,0.136889050555849,0.0223812636030854
,Aves,315,0.872861761190854,0.134330188732384,0.0211843491588336
,Aves,303,0.8716920213372,0.136536066906308,0.0221988936131231
,Aves,265,0.873293604117962,0.13702983533365,0.0224066788686699
,Aves,211,0.879935455084789,0.138284018101288,0.0229936013012725
,Aves,198,0.889611911996831,0.138172133325035,0.0233833861055497
,Aves,183,0.884475286212983,0.135756122159348,0.0229195140521975
,Aves,184,0.883484933776008,0.135218825930665,0.0227623241181982
,Aves,177,0.884441578753624,0.137117148108794,0.0232801698471018
,Aves,128,0.883211751191417,0.152541657110756,0.0277795029762513
,Aves,145,0.886628011799222,0.156626105624769,0.0286879268977946
,Aves,377,0.874261263919381,0.13752519466186,0.0223804015596478
,Aves,347,0.868170134135286,0.138138009723094,0.0226989103108748
,Aves,295,0.875384580876165,0.134831658022385,0.0213814061187917
,Aves,284,0.874210159168284,0.135348150980277,0.0216481447201384
,Aves,280,0.877622960740854,0.134744447973098,0.0215180712472828
,Aves,271,0.876558070979798,0.135449453164561,0.0217498973325295
,Aves,254,0.876812205705376,0.136017691934115,0.0220622220689969
,Aves,220,0.879006916737748,0.139508095296589,0.0232429306549418
,Aves,202,0.881426318952224,0.13800455805626,0.0231665287426459
,Aves,194,0.883692824772976,0.136079213247729,0.0227212412152855
,Aves,196,0.884312918168602,0.13554116153778,0.0227948829948462
,Aves,186,0.883833117043647,0.135018996011669,0.0227114799019449
,Aves,185,0.883167709631247,0.135151979853187,0.0227282921116923
,Aves,176,0.884619439186047,0.134124775706088,0.0224483248596733
,Aves,169,0.883709983746738,0.135730476395108,0.022945121362867
,Aves,131,0.887740603941025,0.154737962951418,0.0282652436310249
,Aves,143,0.889772984972557,0.15685944342728,0.0287351387328141
,Aves,142,0.886668214938693,0.156344607420153,0.0287026737063096
,Aves,391,0.875047863442716,0.136445523714411,0.0220850471534806
,Aves,335,0.866734851032412,0.138055131590051,0.0225603808163589
,Aves,317,0.866172666442257,0.13714328795141,0.0221606060279449
,Aves,292,0.871548911431778,0.133778566233099,0.0210283731711296
,Aves,259,0.877274083185004,0.136067541339939,0.0219871961996237
,Aves,253,0.876412257415139,0.135850214242748,0.0219736018115841
,Aves,225,0.877976314186882,0.137035641415073,0.0224317856338332
,Aves,221,0.878373476705445,0.137212906541004,0.0224096966567285
,Aves,224,0.878117011074853,0.136584834099528,0.0222983837337418
,Aves,207,0.883704220668757,0.138188797728446,0.0232689310995211
,Aves,183,0.879741273931107,0.133081595869675,0.0221180486024762
,Aves,181,0.882886811871667,0.134481936647696,0.0225917278102082
,Aves,177,0.884212341010471,0.134119651254676,0.0226087667440925
,Aves,113,0.882557617053321,0.150868288529837,0.0274092913479592
,Aves,144,0.888188658625342,0.15599233062031,0.0284896903914171
,Aves,143,0.887352352628362,0.156599076698821,0.0287078588951153
,Aves,407,0.876257091986554,0.137052754331252,0.0222547514216621
,Aves,407,0.872948430847385,0.137612663080728,0.0224501298886899
,Aves,388,0.873137604436269,0.135818808414687,0.0217986419587305
,Aves,318,0.86821845417133,0.137028533952335,0.0222542411236188
,Aves,272,0.871691590250276,0.133823275560888,0.0210020062548249
,Aves,230,0.874578046470569,0.138238693854014,0.022764068724641
,Aves,225,0.876506420306082,0.138004455581618,0.0227076781364421
,Aves,215,0.884940608551541,0.13578582469829,0.0224282422434794
,Aves,209,0.885210515125708,0.136913057183728,0.0227796053199501
,Aves,205,0.885245553282838,0.136747555765609,0.0226661561230758
,Aves,167,0.884004067290515,0.137799523854635,0.0236043990910729
,Aves,144,0.888188658625342,0.15599233062031,0.0284896903914171
,Aves,144,0.888188658625342,0.15599233062031,0.0284896903914171
,Aves,425,0.872026163103192,0.136261474335091,0.0220596429162979
,Aves,423,0.873530941440542,0.13617535208455,0.0220022129435306
,Aves,406,0.874416135470325,0.135492845404381,0.0217054441079439
,Aves,260,0.879820980802729,0.13279024932971,0.0210456365940189
,Aves,219,0.883109111896101,0.135989758721688,0.0222811438885782
,Aves,191,0.879550906781241,0.13678359809669,0.0230088301384041
,Aves,189,0.880208787708677,0.136115961443135,0.022993759377415
,Aves,138,0.889943916441829,0.157168628813481,0.0288426880721388
,Aves,123,0.882276962132651,0.152024408949164,0.02767700389081
,Aves,414,0.874491043790779,0.135902232274822,0.0218511764427022
,Aves,408,0.875707853987151,0.133847931543885,0.0209872524702675
,Aves,330,0.870632171326098,0.13508000408166,0.0217023154530831
,Aves,268,0.871501853734809,0.134176893767525,0.0214467229447614
,Aves,237,0.869136497547135,0.132562112716084,0.0212966348882677
,Aves,208,0.884920132861692,0.136693402423992,0.0226610660701395
,Aves,207,0.887003731937368,0.135234838913097,0.0221898812984352
,Aves,189,0.88768126260446,0.135064123187698,0.0223775627501927
,Aves,183,0.883865655948365,0.134359253279202,0.0221579294771748
,Aves,184,0.884014036376601,0.135135514269612,0.0223624687312338
,Aves,196,0.878779375737821,0.137370547427744,0.0233724802831533
,Aves,195,0.88208746775573,0.137417578555428,0.0233573859811335
,Aves,181,0.881819201999579,0.136794901306579,0.0233404383624608
,Aves,410,0.873388683307408,0.134799756743564,0.0214069512617013
,Aves,375,0.873088079757221,0.135144026904022,0.0215637250565097
,Aves,305,0.874047398406738,0.133511939511925,0.0211041530807284
,Aves,291,0.87137706854347,0.131777078687251,0.0205391044246794
,Aves,273,0.874243322467762,0.132848283617499,0.0209736220370193
,Aves,227,0.874849792778635,0.133740644273688,0.0216391565467038
,Aves,193,0.886438788701208,0.135472373713124,0.0224108538690181
,Aves,189,0.886436796128221,0.134861462185694,0.0224204643719443
,Aves,184,0.883914118082159,0.134286062178285,0.0221304785764707
,Aves,185,0.881247634105114,0.136706020353055,0.0233029978670591
,Aves,356,0.872405884803045,0.135144517073778,0.0215610532505813
,Aves,323,0.873490436726108,0.134283650182711,0.0215890891248684
,Aves,278,0.869008671860258,0.134074768097854,0.0216416602979382
,Aves,243,0.874932685243974,0.1313984767409,0.0207738454596312
,Aves,237,0.873684037366937,0.13111167731464,0.0206971717849129
,Aves,215,0.871970290209292,0.134261617498545,0.0219592504777351
,Aves,188,0.883654280971015,0.133991916165946,0.0219252512443496
,Aves,179,0.886332835809589,0.134297861074926,0.022160735765056
,Aves,182,0.886742602140925,0.133783020549459,0.0222200099802818
,Aves,195,0.881831031218147,0.138916649068744,0.0238000299075414
,Aves,351,0.872945135786188,0.133914477666256,0.021235435902751
,Aves,266,0.870705643358872,0.131474299899869,0.021069817373498
,Aves,239,0.874343601891812,0.130321047233052,0.0207263702835532
,Aves,217,0.872412344202319,0.132886540884918,0.0213252273544736
,Aves,217,0.874964722263282,0.134096252837378,0.0218076286455397
,Aves,214,0.875907364086317,0.133970519286795,0.0217667573855882
,Aves,208,0.877393199816526,0.133928350923366,0.0218248739884578
,Aves,184,0.884446028774545,0.134231893347948,0.0222185410941274
,Aves,197,0.879482629813954,0.137073176691139,0.023142511764043
,Aves,197,0.882238917276908,0.137981037743298,0.0235842440818029
,Aves,184,0.883694556758793,0.136612212389627,0.0233540421311503
,Aves,339,0.872799908278863,0.13320136484033,0.0210362985178851
,Aves,303,0.874900697654964,0.131727541899792,0.0210300902726005
,Aves,266,0.872408222247507,0.130588060468142,0.0207929641011441
,Aves,209,0.878956530144743,0.132851579340556,0.0212490072760301
,Aves,201,0.879805654035677,0.13486249331943,0.0219687994577489
,Aves,164,0.885998793474405,0.131578184461744,0.0212919527135828
,Aves,198,0.883380309755142,0.137993279415212,0.0233303723256089
,Aves,188,0.886165258589489,0.137197767314453,0.0234297315153105
,Aves,172,0.884749853237111,0.137132182467389,0.0235062591031966
,Aves,385,0.874602043373215,0.140955252191819,0.0234019725795945
,Aves,382,0.876856975178371,0.14080957473478,0.023416415950057
,Aves,343,0.873989294203856,0.132270342688404,0.0208331665305601
,Aves,216,0.873726920946474,0.129517535009807,0.0204013343996928
,Aves,210,0.874819907912243,0.129987694660733,0.0206066132058691
,Aves,199,0.880772375746127,0.133345263918604,0.0214840516184587
,Aves,190,0.882234672033672,0.13155904635446,0.020901262036501
,Aves,162,0.885731316539326,0.131585134007541,0.0213286221192841
,Aves,140,0.890415373759766,0.134535778552878,0.0221911177602175
,Aves,150,0.88695539318294,0.13024332965626,0.021250996167473
,Aves,197,0.885306789606493,0.140389889770904,0.0239756725088444
,Aves,175,0.888066158471645,0.136174281400581,0.0229272691667576
,Aves,402,0.877153346926083,0.136808697108147,0.0219815254584617
,Aves,410,0.876277997693464,0.139926243995945,0.02303205521526
,Aves,396,0.876757262934822,0.140514326405622,0.0233010331665191
,Aves,291,0.874604357984205,0.13150957408105,0.0210779484987388
,Aves,268,0.869492895077859,0.12775739785249,0.0200398247909376
,Aves,271,0.873842669396559,0.127182404278285,0.0197256478369941
,Aves,283,0.873213026990548,0.128628482862291,0.0202356163462232
,Aves,284,0.872327634528524,0.131462239687248,0.0211032221452196
,Aves,272,0.879278529612364,0.131690956563627,0.0211735309986994
,Aves,198,0.877672485618176,0.13094925866037,0.0207738896328906
,Aves,177,0.881883691318794,0.129355011407302,0.0203860579615744
,Aves,170,0.879493948905489,0.130779567560483,0.0210558417024917
,Aves,153,0.883813012108282,0.133344271641884,0.0218225243612958
,Aves,141,0.891234079565697,0.135911398475468,0.0225253768021485
,Aves,150,0.886705633238613,0.130450406185632,0.0213605484399534
,Aves,193,0.887600407773327,0.139845744178794,0.0239281568329614
,Aves,186,0.888726566000007,0.137069437416798,0.0232482152830289
,Aves,180,0.889663615713798,0.134477304881385,0.0224097850044698
,Aves,168,0.888746141703139,0.136565932375192,0.0230195049520402
,Aves,309,0.87430907649159,0.134811967477345,0.0213233352410951
,Aves,392,0.879571959642047,0.138301357618733,0.0222493655866088
,Aves,417,0.877120342745452,0.136659031951813,0.021963795184711
,Aves,353,0.878159078329769,0.134784812896707,0.0214038188234387
,Aves,315,0.874136401205436,0.132961717265417,0.0212053278618148
,Aves,284,0.871813481228139,0.131352746012406,0.0211610457499263
,Aves,263,0.867573897183906,0.126751202893457,0.0197298262791574
,Aves,262,0.878809577262089,0.130824900455227,0.021051499096522
,Aves,184,0.882568704649671,0.131758352217558,0.0209328194184019
,Aves,150,0.885000952883552,0.130257459944881,0.0214047939092518
,Aves,153,0.88587191125077,0.133425847969119,0.0225277644401095
,Aves,149,0.886151660268452,0.134877540872543,0.0229192061482344
,Aves,169,0.88381864169547,0.134023641230261,0.0226264278241244
,Aves,177,0.889793649547998,0.136750110721417,0.0231135055242518
,Aves,173,0.889858722235325,0.135910953679344,0.0228945739244195
,Aves,161,0.890278734709118,0.135337019379294,0.0229189431836259
,Aves,151,0.890190250371085,0.132697162429559,0.0223943706979802
,Aves,224,0.873802287280613,0.128453732947125,0.0202381854038012
,Aves,358,0.87953329677601,0.133278568944182,0.020715153854254
,Aves,315,0.879111100041121,0.133802737480828,0.0211496446643856
,Aves,247,0.872937798478648,0.129599849269577,0.0208288426041342
,Aves,234,0.870908833119511,0.125252817633315,0.0195354341504347
,Aves,283,0.876312039549185,0.131558928153494,0.0211360734543657
,Aves,189,0.871657736176054,0.128989131884333,0.0205283326776769
,Aves,183,0.875675393128441,0.128383388162601,0.0203711978136707
,Aves,182,0.879718326553175,0.131592768303672,0.0209703253974754
,Aves,174,0.883722050918757,0.130953757485954,0.0209769043901199
,Aves,134,0.892510342313559,0.13572487469653,0.0222838445155761
,Aves,132,0.891653828370624,0.134459924122219,0.0220788922772651
,Aves,137,0.886026564991651,0.1300659983434,0.021162031203264
,Aves,145,0.886448196033906,0.131726539634184,0.0218228681251569
,Aves,158,0.888634698246762,0.131890262872974,0.0223286061417324
,Aves,161,0.886119787960761,0.132481047235339,0.0222845742966342
,Aves,155,0.888003992955701,0.13202362986423,0.0220110453695154
,Aves,149,0.891490063761674,0.132219098077401,0.02201630924967
,Aves,142,0.889872423878234,0.133081762868519,0.0223999011336367
,Aves,121,0.858882983973519,0.113010854304488,0.0169751559320009
,Aves,227,0.872822441503715,0.126996904403324,0.0200465270457419
,Aves,212,0.873367600211055,0.123051871416144,0.0191495834504781
,Aves,221,0.867711630105756,0.123653164289765,0.0193322709608451
,Aves,289,0.873782152061874,0.12974947561973,0.0207695722648237
,Aves,210,0.872590241265037,0.130831252061414,0.0212450928385225
,Aves,188,0.875264569166275,0.130378984086871,0.0207847577196945
,Aves,170,0.882458477795307,0.131087603463075,0.0207353201361041
,Aves,178,0.883168001414324,0.132351153270936,0.0210065735187633
,Aves,170,0.883045659701923,0.131889270544254,0.0211826512153701
,Aves,134,0.884186718180292,0.129786828840802,0.0210706103219229
,Aves,143,0.888457518970095,0.132368954870875,0.0219597775500981
,Aves,146,0.883254457257445,0.132063176878849,0.0223148587475142
,Aves,111,0.854160892586459,0.112329868505298,0.0171496575097841
,Aves,108,0.860870259988734,0.107568335324421,0.0157804289943063
,Aves,112,0.858901384988436,0.106644743705043,0.0155521179005551
,Aves,120,0.860915918419617,0.10888623247039,0.0160175014998299
,Aves,199,0.870713246559954,0.123314576212691,0.0192426496886355
,Aves,208,0.87362102628463,0.129056488778732,0.0206280246674459
,Aves,187,0.87740952361689,0.130634416200924,0.0207997471551275
,Aves,147,0.882136424058598,0.13100374425239,0.0207325217983396
,Aves,130,0.886493449991061,0.131508672647083,0.0215239470220962
,Aves,130,0.888702216286987,0.131926151232485,0.0216046176102533
,Aves,154,0.884644914730364,0.133032821889274,0.0225372952783607
,Aves,143,0.884501564914686,0.131659969355089,0.0219960703133771
,Aves,131,0.884149434018925,0.131656390381264,0.0221208319506584
,Aves,106,0.862781192332716,0.104763500564861,0.0150768689070436
,Aves,100,0.867680020804436,0.106415061129864,0.0153734773142981
,Aves,118,0.866401369556768,0.108631051530724,0.0158223614487464
,Aves,119,0.869117400391077,0.112659971153394,0.0167295355805258
,Aves,195,0.8660900095049,0.125113716875746,0.0193364056176223
,Aves,205,0.86641664099765,0.125047609558469,0.0198626367765786
,Aves,209,0.869323330861809,0.122080545583703,0.0192275921330188
,Aves,294,0.875900905541272,0.125195734993002,0.019494222444938
,Aves,223,0.871581204996565,0.12837686712576,0.0203089344165812
,Aves,179,0.879499138800437,0.126611353874433,0.0193445858800469
,Aves,125,0.885134951631795,0.13313544215776,0.021804495089536
,Aves,134,0.889716568704188,0.130449823527936,0.0211665979786955
,Aves,136,0.887861829238974,0.129340778706065,0.0211601476213476
,Aves,144,0.887019255482539,0.131460634984396,0.0219794721647741
,Aves,144,0.88608749001724,0.133471376580269,0.0226646736966201
,Aves,143,0.885546908561795,0.133689803148453,0.02275750851441
,Aves,129,0.886925087525208,0.132472889148412,0.0222932795273754
,Aves,126,0.887157061836359,0.13017481810695,0.0214758876899774
,Aves,116,0.862689668260611,0.110533674637519,0.0164272362064574
,Aves,100,0.857724614067419,0.108377620886508,0.0161531396459413
,Aves,99,0.864079021478286,0.104632294441421,0.0151534586352055
,Aves,105,0.855821191679006,0.106582916161494,0.0155734148763931
,Aves,116,0.863154796002026,0.110457495023955,0.0161911624999735
,Aves,134,0.865559213735839,0.118280568672694,0.0181242908103516
,Aves,152,0.861771126647042,0.122623759987242,0.0189511571559547
,Aves,151,0.863170912971963,0.121683619969574,0.0189922830908579
,Aves,147,0.8782256773679,0.119401256770137,0.0180668411727469
,Aves,158,0.868862663630136,0.118550121663555,0.0183035603698287
,Aves,161,0.869207006248457,0.121310382794179,0.0190372479803239
,Aves,184,0.87319592072811,0.121285750474783,0.0190513674940786
,Aves,198,0.871342425261145,0.122706931899778,0.0195855940732226
,Aves,280,0.87570472891847,0.125358584047002,0.019679580352912
,Aves,219,0.876321672072529,0.125285896581559,0.0190810105197156
,Aves,183,0.884033563166472,0.132241396493909,0.0209125629456911
,Aves,176,0.878613957293938,0.132092802263657,0.0210617858422522
,Aves,128,0.891734451347875,0.131415285740318,0.0216467112894807
,Aves,130,0.883054108862861,0.129771744603702,0.021541026386487
,Aves,130,0.884961734536727,0.131231654895239,0.0218806377294634
,Aves,121,0.887002411735286,0.129652986480838,0.0215041705295007
,Aves,120,0.886573984627066,0.130282504841269,0.0216525739517906
,Aves,92,0.850563665151393,0.104424521999136,0.0153671912146619
,Aves,86,0.857327767232089,0.103451128424564,0.014932913347725
,Aves,78,0.851259269561219,0.104861738865137,0.0151123029864239
,Aves,83,0.863639695775565,0.108685498354136,0.0159929529256086
,Aves,84,0.859884297732702,0.10644033018853,0.0154875901355452
,Aves,86,0.861784248262984,0.108560778297575,0.0160861642118418
,Aves,69,0.864651574850967,0.107132618908403,0.0152207426254
,Aves,78,0.850221955870495,0.104145477148273,0.0151441062296954
,Aves,90,0.861457302440473,0.106575996506275,0.0154514507145416
,Aves,120,0.859541719260969,0.117448219374124,0.0183024006647152
,Aves,125,0.876607690471708,0.116353087949294,0.0175042360093605
,Aves,146,0.875880221940907,0.116716435089605,0.0175963780883564
,Aves,150,0.866651099857433,0.120275763714875,0.0189118707728686
,Aves,237,0.865526438706701,0.127352317132342,0.0206497363110099
,Aves,195,0.881077253035273,0.127826177413809,0.0198324575921071
,Aves,179,0.88138871553103,0.133163832430483,0.0212685229596441
,Aves,160,0.876171135575381,0.130527177768304,0.0208492264486026
,Aves,124,0.877621962153042,0.131631265825126,0.0212925928594501
,Aves,117,0.875630330938875,0.132439681023933,0.0215933412632512
,Aves,116,0.875245656415574,0.132614658507503,0.0216325347261134
,Aves,116,0.877684663246294,0.13324089962707,0.0218096538738039
,Aves,125,0.882978971024047,0.131049198679875,0.0218728911776337
,Aves,119,0.885996303727703,0.131042462195191,0.0219036834433646
,Aves,119,0.8857019624986,0.131425476559086,0.0219442057255226
,Aves,165,0.868374483514755,0.120260592249099,0.0190851391603886
,Aves,83,0.851248388164879,0.102949058095633,0.0145819485349749
,Aves,59,0.874942494466977,0.109491306505858,0.01565315978582
,Aves,67,0.840472192386845,0.102076971546742,0.0146152529623137
,Aves,75,0.852956711710335,0.105271890497615,0.0154340894896543
,Aves,135,0.876218939210586,0.117590308841186,0.018064528791481
,Aves,145,0.871451054363618,0.120663935835161,0.0186995966717181
,Aves,208,0.867836014244084,0.118921733359456,0.018408349444538
,Aves,204,0.883522783022492,0.129383692765827,0.0205190237076361
,Aves,114,0.87856009099006,0.132579690659853,0.0216785182421624
,Aves,111,0.878328973153322,0.132721783354682,0.0217849425067258
,Aves,113,0.872115215014959,0.133239450939361,0.021845955806311
,Aves,115,0.879938245109883,0.13055279829576,0.0213231751921557
,Aves,119,0.887046110588846,0.131944827698698,0.0220283158495899
,Aves,111,0.884883159487618,0.130975391647718,0.0215238760958085
,Aves,137,0.86052436510805,0.113016850604604,0.0177145579264388
,Aves,81,0.850985498736709,0.102232768341409,0.0142772937810106
,Aves,78,0.854632510837707,0.101410239223394,0.0142138647455233
,Aves,50,0.878915360252675,0.106944748847281,0.0153162143502348
,Aves,51,0.87992466205273,0.106914401752939,0.0152589124273026
,Aves,50,0.864215274303657,0.101171590702417,0.0134920987159705
,Aves,63,0.844352909337596,0.100176995778502,0.0142858770155947
,Aves,91,0.865403078973055,0.106417115146292,0.0158253833410268
,Aves,155,0.872045353694584,0.116762930997463,0.0180930549717197
,Aves,182,0.875081078944458,0.115102387538735,0.017442550622578
,Aves,213,0.871638708814468,0.123965273830532,0.0196255385693961
,Aves,247,0.873290825155218,0.125637236938927,0.0199136185164624
,Aves,267,0.879877392349147,0.12276649352575,0.018772592114176
,Aves,215,0.878874821788852,0.127281460545013,0.0201118696393591
,Aves,208,0.88273837204528,0.131407746570836,0.0211494936618655
,Aves,194,0.887552635360545,0.130856806317475,0.0210812316461088
,Aves,181,0.884982703356652,0.130590531510969,0.0210162448271187
,Aves,156,0.878388816895158,0.12936911012159,0.0210666764784288
,Aves,113,0.872614510686714,0.131570924151855,0.0213512880911567
,Aves,108,0.873256621036747,0.13164868785811,0.0214578877694276
,Aves,104,0.881823775942492,0.132726360227471,0.0221149423187654
,Aves,108,0.87743374344387,0.129093423578853,0.0208645271468735
,Aves,109,0.874875217708302,0.128978739120209,0.0209649540109709
,Aves,105,0.873224266094405,0.128543594432368,0.0209802789570452
,Aves,103,0.84616633442997,0.10286447927558,0.0149650587504468
,Aves,82,0.849477532044037,0.0980511935046106,0.0135207685681482
,Aves,76,0.857353651689887,0.103125337283512,0.0145371431825834
,Aves,46,0.875629609904119,0.0982603365306816,0.0127477274974568
,Aves,46,0.86694646514627,0.0985620977619796,0.0127938316028175
,Aves,52,0.845012375643498,0.0894265119730922,0.0112366319935059
,Aves,59,0.840081383750788,0.0968827811891366,0.0132429187763604
,Aves,132,0.863914086335891,0.112089805421777,0.0171362260187099
,Aves,252,0.87689100512766,0.124225623562698,0.0191487239096942
,Aves,256,0.883835442997666,0.125220833940318,0.0194227125778961
,Aves,242,0.881623997791447,0.125786728625309,0.0196378093337587
,Aves,172,0.885481260871762,0.130871383722784,0.0211843780895153
,Aves,105,0.874226070352693,0.129438111865485,0.0209390776936004
,Aves,96,0.877589237703505,0.129246980839578,0.0206776166603947
,Aves,97,0.873899892399133,0.128705455554353,0.0206779869776944
,Aves,96,0.872647708779533,0.1290256172335,0.0209432229902056
,Aves,45,0.868121192902931,0.100471554903291,0.0133271260501027
,Aves,44,0.862156169322628,0.0995650954627634,0.0131002294974937
,Aves,43,0.862058034447744,0.0991532249853897,0.0131096111901078
,Aves,79,0.854313021390441,0.104757608981015,0.0156216612816361
,Aves,130,0.86277460531787,0.112412763321898,0.0171349280677581
,Aves,177,0.865050061056804,0.116948653357684,0.018020531999731
,Aves,193,0.872779381557723,0.121865298686987,0.0189196265213593
,Aves,241,0.875180866471324,0.1249529383581,0.0196187268956132
,Aves,219,0.882071514667529,0.129284252201612,0.0208317878653344
,Aves,161,0.88099421892951,0.129592016874476,0.0208784470702324
,Aves,121,0.878231780135843,0.129885358275892,0.0214545711372389
,Aves,90,0.877849289388637,0.125965661048778,0.0195060704597303
,Aves,86,0.872501370209823,0.128972707901441,0.0204060626515523
,Aves,87,0.872691669417625,0.129422923421119,0.0204581478233119
,Aves,86,0.8710818119965,0.129927533768331,0.020585758013654
,Aves,64,0.851466111195365,0.101241313444433,0.0134165746186055
,Aves,53,0.872940571613019,0.107229083970915,0.0148116492760674
,Aves,45,0.868121192902931,0.100471554903291,0.0133271260501027
,Aves,43,0.859226439609777,0.0986515538889942,0.0126999937492607
,Aves,43,0.859226439609777,0.0986515538889942,0.0126999937492607
,Aves,123,0.860701652219127,0.109557278763991,0.0165570135961997
,Aves,123,0.861592485971459,0.109636391634074,0.0165486466160334
,Aves,133,0.864184492025179,0.113225142589155,0.0170924370834894
,Aves,214,0.874515719513231,0.120041901065638,0.018525522246795
,Aves,224,0.881893948443504,0.125171633673793,0.0198165841643418
,Aves,211,0.884107120708873,0.130627000223021,0.0211761455166532
,Aves,183,0.880023490946302,0.126881252936201,0.0200796147838254
,Aves,165,0.880426805908724,0.129068757156519,0.0207138327467157
,Aves,122,0.879005217344932,0.126649088485687,0.0207055675975692
,Aves,115,0.876374709377543,0.127220484755289,0.0207194842947821
,Aves,89,0.877763317988918,0.128912345871108,0.0203686822422246
,Aves,87,0.87913731664963,0.127136702185995,0.0199828347698979
,Aves,84,0.871700875260107,0.129571711971563,0.0205019189528244
,Aves,87,0.873956552631792,0.128947528530315,0.0202984139070539
,Aves,88,0.873741199763267,0.129088299799514,0.0203655611032734
,Aves,79,0.843094456106658,0.0931536001456469,0.0117863243878324
,Aves,44,0.858379618484988,0.0990584462343595,0.0130386573676167
,Aves,43,0.858158334411205,0.0980581468894018,0.0126870815862052
,Aves,42,0.867588785141711,0.0970996862408513,0.0122671764537596
,Aves,50,0.85433616962789,0.096397290790626,0.0127767360035469
,Aves,70,0.85352468835196,0.10268385913318,0.0149421502805815
,Aves,107,0.857037668864803,0.105611124402588,0.015771560736105
,Aves,130,0.863453576389984,0.113338239686269,0.0172125708321583
,Aves,149,0.869979584309541,0.114109745886563,0.0174557411704762
,Aves,209,0.876114521117604,0.11933845710038,0.0186959128520658
,Aves,208,0.88452500222945,0.123218927043318,0.0193319188301589
,Aves,195,0.881800131457941,0.132616626123682,0.0219419360804409
,Aves,159,0.877040023012439,0.128503072716586,0.0207313634160328
,Aves,94,0.883503102619509,0.129081180382562,0.0203735208926856
,Aves,85,0.877194940765103,0.128269310084958,0.0200586868159296
,Aves,84,0.875949644185321,0.128659306012755,0.0201570847954431
,Aves,55,0.862013105958311,0.104087892371719,0.0138842396071459
,Aves,47,0.860882102823805,0.102964255117355,0.0138484286503474
,Aves,41,0.864995643361152,0.096869045023152,0.0122930071002703
,Aves,38,0.858990070202553,0.0974045124494381,0.0125686702035624
,Aves,39,0.863338465667452,0.0987733479364261,0.0127191129472696
,Aves,49,0.852409638746651,0.0978925441481291,0.0128826859615626
,Aves,159,0.873779659833245,0.114733868565832,0.0175496750392059
,Aves,162,0.872361661498486,0.113743340337907,0.017475812862061
,Aves,168,0.867734537014965,0.115457422743611,0.0179028801919558
,Aves,179,0.884444589481951,0.123964841258134,0.0197618439645941
,Aves,141,0.875575286672556,0.122055156679268,0.0192247837153335
,Aves,129,0.870673711967308,0.121171794678043,0.0193576477889865
,Aves,114,0.88092001390731,0.12881481921849,0.0208557206967855
,Aves,111,0.882816305173293,0.128427006907005,0.020528303689817
,Aves,107,0.884493291343958,0.127777243056392,0.0204168411307143
,Aves,94,0.889275772515008,0.124651450063689,0.0193442843684279
,Aves,94,0.840781547429059,0.104480381546928,0.015071890944148
,Aves,83,0.843776678049647,0.0960415628562398,0.0127544888501719
,Aves,56,0.868597128712648,0.102639635268177,0.0135743988927715
,Aves,38,0.85829822847087,0.0944676837172858,0.0120673079144836
,Aves,39,0.859581231454423,0.09469269950891,0.0120394625863055
,Aves,38,0.854506818972165,0.101413160749119,0.0134175302560223
,Aves,38,0.858247730595066,0.099186385066759,0.0128449863581413
,Aves,44,0.86710917652919,0.0967324315100378,0.0122131445871269
,Aves,54,0.859359080838527,0.0972696062616959,0.0127617070631695
,Aves,82,0.863836585873346,0.106231225703381,0.0158744275868718
,Aves,112,0.85110353632491,0.103313739447189,0.0152113390722136
,Aves,118,0.854630033290709,0.10473779824172,0.0153599288353989
,Aves,122,0.857970572394643,0.108052387915695,0.016013868285433
,Aves,158,0.871919219726961,0.115246830730455,0.0177002255456449
,Aves,189,0.878038987180628,0.116302783993847,0.0179186906755651
,Aves,176,0.878366473713096,0.117404373541528,0.0179400473877126
,Aves,155,0.880181892431673,0.120826759155158,0.0186588448733242
,Aves,147,0.877109192596513,0.123659037765807,0.0199542565410233
,Aves,97,0.887693509259326,0.127757850638152,0.0200032820321987
,Aves,75,0.837978802255388,0.100188253372255,0.0138563242049954
,Aves,52,0.877045576047861,0.102445825347181,0.0133239785194427
,Aves,41,0.872510934636029,0.0972184303795575,0.0123769677662774
,Aves,41,0.864995643361152,0.096869045023152,0.0122930071002703
,Aves,38,0.85829822847087,0.0944676837172858,0.0120673079144836
,Aves,38,0.85829822847087,0.0944676837172858,0.0120673079144836
,Aves,37,0.859347437457398,0.103405321821646,0.0137113554143046
,Aves,39,0.852184881850384,0.0989758397248337,0.0128265623706674
,Aves,45,0.858262760565107,0.100265212206773,0.0134557798737915
,Aves,73,0.854317876701394,0.0978915391478834,0.0132752186298717
,Aves,82,0.862646252205911,0.105132747219791,0.0156687619619692
,Aves,92,0.855180799404908,0.103026669398711,0.0153508773004032
,Aves,100,0.854627236034928,0.101652275294402,0.0150725770952928
,Aves,127,0.861179391035329,0.107364251480709,0.0159260166783219
,Aves,149,0.875701074119147,0.116375245998453,0.0176319831322888
,Aves,134,0.876859097459543,0.122941644638357,0.0195624687738789
,Aves,136,0.87898385307355,0.122651915699122,0.0198276494825217
,Aves,132,0.875867382941113,0.121413415909732,0.0196008755579228
,Aves,123,0.876145484080596,0.121396252620264,0.0190269465152459
,Aves,114,0.879165815904629,0.128531880885729,0.0207337018125073
,Aves,97,0.885036515946106,0.127906992567561,0.0202191809036761
,Aves,95,0.879351147106077,0.131806023874084,0.0221080632809879
,Aves,93,0.876412945873929,0.12896007001455,0.0215608230813892
,Aves,94,0.876184268520173,0.130319607058929,0.0221872741292605
,Aves,94,0.876184268520173,0.130319607058929,0.0221872741292605
,Aves,92,0.872295890524688,0.131193399109047,0.0224545103770261
,Aves,84,0.847008650521918,0.101964214918073,0.0145438966640512
,Aves,53,0.875705909521322,0.103049630773574,0.013376309128982
,Aves,51,0.872629546476633,0.0992740398899528,0.0124133898927864
,Aves,43,0.866046251008002,0.0961361443509602,0.0121989266232304
,Aves,41,0.86406795461259,0.0939817755200567,0.0118601510934094
,Aves,40,0.86309907381945,0.0940154600397235,0.0119626221093133
,Aves,39,0.864460734184174,0.0956640632456816,0.0122303270378199
,Aves,39,0.868044982599588,0.101962386594925,0.0132295402310465
,Aves,40,0.854917592681877,0.0991779751568932,0.0128179621708755
,Aves,57,0.864457228014842,0.0977994693482676,0.0127753802254806
,Aves,120,0.863524227957268,0.10325789144453,0.0152604728651672
,Aves,165,0.867724242200128,0.117525712814881,0.0183652284717589
,Aves,169,0.87032618649011,0.115971657066774,0.0179428571852509
,Aves,161,0.876763803736713,0.11814481738608,0.0184051354928517
,Aves,153,0.881187358900688,0.114963255061819,0.0175363498389922
,Aves,149,0.879600193112783,0.118037189813349,0.0182591058309192
,Aves,130,0.873764151640702,0.117916789802735,0.0183256081699892
,Aves,116,0.875579490770759,0.125594145538975,0.0202643496639071
,Aves,115,0.875725334535711,0.126658712440017,0.0204594540895472
,Aves,95,0.874581873015659,0.129219826208673,0.021964387745867
,Aves,93,0.87370135105113,0.130558983225528,0.0223001502380543
,Aves,88,0.874351971452207,0.131725928967184,0.0222460827476224
,Aves,40,0.86309907381945,0.0940154600397235,0.0119626221093133
,Aves,41,0.867833983519986,0.101523959952048,0.0131767083898773
,Aves,51,0.85388568393733,0.0989482848042252,0.0130027787982025
,Aves,69,0.854072590428274,0.10023548541557,0.0138563265300148
,Aves,105,0.858735954298856,0.105890289092727,0.0161071420157135
,Aves,115,0.857268072852296,0.10496527719342,0.0157065862444506
,Aves,146,0.867359568959478,0.114830689909976,0.0178443441365623
,Aves,150,0.863874522040847,0.116309784059805,0.0182725061797186
,Aves,164,0.870193519481481,0.118613586274228,0.0186206868791292
,Aves,150,0.87411697591641,0.118431151290567,0.0186890212724422
,Aves,142,0.870988813179114,0.115456253510296,0.0178859602429537
,Aves,118,0.872150865036383,0.117325988304468,0.0181698344957929
,Aves,115,0.875457001624652,0.126337582552287,0.0204213697145293
,Aves,116,0.881554955850812,0.12741309309238,0.0206111977526159
,Aves,99,0.881662609052239,0.129770318736227,0.0212167311040703
,Aves,100,0.877247759599558,0.129121398384261,0.0218679941878519
,Aves,96,0.873285971183215,0.128189881977853,0.021732500691592
,Aves,94,0.873834580381317,0.12968661054349,0.0220969064111461
,Aves,90,0.871840595014693,0.132372050287427,0.0227745410402818
,Aves,90,0.871840595014693,0.132372050287427,0.0227745410402818
,Aves,91,0.872155683017559,0.13206250961516,0.0223856763093721
,Aves,59,0.8603916402467,0.103854724239401,0.0144995952274178
,Aves,45,0.873632473219303,0.0997793589229378,0.0125528982456924
,Aves,42,0.878438842435287,0.101149712861704,0.0129108345645386
,Aves,41,0.881255862751489,0.100864953023999,0.0131266271179242
,Aves,39,0.872712219808505,0.102633666190595,0.0135714540460226
,Aves,43,0.858263733437293,0.0989150227903248,0.0126832812237598
,Aves,42,0.842360653583609,0.101175818168884,0.0140299960799288
,Aves,101,0.856521446781406,0.104744099756478,0.0154759044897913
,Aves,157,0.86626051312992,0.117298056137692,0.0184387058422155
,Aves,124,0.866702667412776,0.109000326236504,0.0164377033173118
,Aves,113,0.875875376980139,0.11851075127951,0.0183869207942232
,Aves,108,0.882578356445121,0.118518595655688,0.0181915080062565
,Aves,122,0.876874796274745,0.124748404183027,0.0200561330599588
,Aves,120,0.877642306558576,0.124913237887248,0.020141715737404
,Aves,109,0.88497667716433,0.126561140433609,0.0202406362395958
,Aves,101,0.880449102987224,0.127184925030819,0.0210925828567687
,Aves,95,0.872865668401006,0.128883121908514,0.0219069728578022
,Aves,92,0.874047063875743,0.131227967459129,0.0224747166901807
,Aves,91,0.873161704799132,0.131706366885405,0.0226021674068269
,Aves,90,0.871840595014693,0.132372050287427,0.0227745410402818
,Aves,90,0.871840595014693,0.132372050287427,0.0227745410402818
,Aves,93,0.871386774148691,0.132716596119684,0.0228101578338096
,Aves,66,0.852308073676691,0.103647461420046,0.0151869665525701
,Aves,55,0.862396334344734,0.104709071103553,0.0147014367204773
,Aves,40,0.875385306679262,0.102440727985428,0.0134277085689476
,Aves,45,0.863909787662983,0.100563563533038,0.013062358403413
,Aves,44,0.857638319371323,0.100768895672007,0.0132169501753621
,Aves,44,0.847685036019286,0.101215077765729,0.0142077661340104
,Aves,43,0.837139432082708,0.10266338140535,0.0145265358191894
,Aves,55,0.847398359130067,0.104036466793516,0.0143558791604011
,Aves,60,0.844184653954424,0.102127571707436,0.0148452604024004
,Aves,72,0.854743816916217,0.101130728015713,0.0146893386545205
,Aves,80,0.849754061446857,0.10092569671855,0.0145625152020637
,Aves,122,0.856028586544807,0.106761693238762,0.0160791611530677
,Aves,150,0.857761579984674,0.115627223351958,0.0184472559908747
,Aves,157,0.866651089202904,0.118098117604973,0.0189625724039454
,Aves,110,0.875580538023165,0.114901606293835,0.0179347332530318
,Aves,106,0.885559561642335,0.120113941710262,0.0187482799204214
,Aves,115,0.877159652450461,0.120955583824965,0.0192383612334973
,Aves,120,0.878952963636411,0.122182790292447,0.0192752965239358
,Aves,90,0.871840595014693,0.132372050287427,0.0227745410402818
,Aves,91,0.8720461200651,0.132236235952729,0.0227472628826708
,Aves,92,0.871228035108323,0.132093852348622,0.0227223308780629
,Aves,92,0.871228035108323,0.132093852348622,0.0227223308780629
,Aves,91,0.873065227613967,0.130745881398474,0.0220291268755762
,Aves,53,0.857420087670629,0.103540436944426,0.0152270684595296
,Aves,47,0.870175770620716,0.107473122196413,0.0152484620176616
,Aves,43,0.876265885423596,0.0995736892948363,0.0128160285300226
,Aves,42,0.869750216165018,0.101204001983189,0.0131040423004342
,Aves,43,0.852844700224515,0.0995333198304593,0.0132533231969674
,Aves,49,0.836747509771244,0.103460202756958,0.0153102073421675
,Aves,73,0.849999074834881,0.096406645199071,0.013423863716636
,Aves,93,0.84776835927975,0.102255013580911,0.0150743612877867
,Aves,98,0.847123693883629,0.103563295158464,0.0153565380185599
,Aves,154,0.860854942924116,0.119094535471606,0.0191857631544181
,Aves,117,0.865398547117065,0.117626052397023,0.0187925187156395
,Aves,113,0.869645075144853,0.112608706865426,0.0173582681395262
,Aves,99,0.880252891132134,0.116540550835143,0.0183169627628655
,Aves,112,0.88193265102854,0.123096208469517,0.0196867432737506
,Aves,107,0.886238821690645,0.128095217757248,0.0211042683849242
,Aves,101,0.883286493698348,0.127808834483576,0.0211836445243461
,Aves,99,0.880287464305805,0.1297619912097,0.0216780415377275
,Aves,92,0.871228035108323,0.132093852348622,0.0227223308780629
,Aves,50,0.855602293373635,0.10946707627002,0.0169413281701062
,Aves,47,0.866319006443617,0.109448946003761,0.0160656473769625
,Aves,46,0.866867856312623,0.0996897824950129,0.0129469921080882
,Aves,46,0.858207591127884,0.0988672931227421,0.012854080694587
,Aves,49,0.864394656450856,0.10262205684647,0.0139040668345482
,Aves,47,0.842702972264257,0.104424116814864,0.0152345317557194
,Aves,50,0.836385806467121,0.103145172149253,0.0151339805115196
,Aves,62,0.863100492120378,0.101754810827489,0.0147279074397773
,Aves,90,0.842626805417438,0.100155105633927,0.0147379826208986
,Aves,104,0.849321092874643,0.10611548812086,0.015910961319107
,Aves,145,0.855825780330919,0.114672972979163,0.0181607867538127
,Aves,104,0.878030878691084,0.122574020160663,0.019500483646314
,Aves,111,0.878912764563714,0.12015064296817,0.0188188165917661
,Aves,112,0.886663482019825,0.123807455532909,0.0193613613146606
,Aves,52,0.860207513672998,0.11258822896138,0.0176847022672041
,Aves,50,0.861305113213411,0.113256232016773,0.0177014345019625
,Aves,50,0.853697328848462,0.104643876692607,0.014824495022812
,Aves,45,0.855460110359182,0.0989448932585301,0.0129544086078246
,Aves,49,0.859461502774042,0.104580270301384,0.0147662001769777
,Aves,56,0.851412698691528,0.10406444489921,0.0152349522049833
,Aves,108,0.855667389009439,0.107552244158725,0.0163242706406388
,Aves,117,0.854359118955016,0.108576546522627,0.0168455586937216
,Aves,127,0.851886821106175,0.111499390058434,0.0174261291928756
,Aves,133,0.863965472146621,0.116425783914192,0.0183856252620308
,Aves,114,0.856078763706966,0.114959406530911,0.0183765631412059
,Aves,108,0.866305486561461,0.116220259914285,0.0184174589055803
,Aves,107,0.879055911198243,0.117809050036284,0.0185048472716886
,Aves,103,0.879186271646119,0.120447701508858,0.0187306209029734
,Aves,124,0.883242029969664,0.122677329941956,0.019216920908568
,Aves,111,0.890134255398411,0.126467753466713,0.0200601215236523
,Aves,50,0.859842477022889,0.114532895073424,0.0182551854100895
,Aves,50,0.865998748425836,0.106851949525152,0.0158622162711939
,Aves,48,0.864843363075058,0.105613544181595,0.0152545306859322
,Aves,50,0.856135337042031,0.105041134865462,0.0151561200513332
,Aves,49,0.864535751063828,0.10681183599561,0.0155485254920586
,Aves,55,0.853574919260521,0.108041857752176,0.0162902245263301
,Aves,51,0.849203837777482,0.102078201276028,0.0148872683508693
,Aves,83,0.835286553974973,0.0967553455924162,0.0137791117892288
,Aves,100,0.8445482795672,0.100618987716586,0.0146425143869179
,Aves,106,0.849647546903818,0.105398998071389,0.0158419452847323
,Aves,119,0.86035897915026,0.112922887046458,0.0174423653319404
,Aves,120,0.859980151283164,0.11238259601559,0.0172827612723415
,Aves,110,0.854551853451723,0.114146662297876,0.0180528703061404
,Aves,113,0.860432909229023,0.116120441219527,0.018596492767804
,Aves,112,0.86829815808058,0.118882597318715,0.0190642244539851
,Aves,100,0.879555298892663,0.119010962177865,0.0192674427132249
,Aves,106,0.877938709315758,0.121970484635578,0.0193536740119755
,Aves,114,0.879123261825025,0.122807249884787,0.0196375193091072
,Aves,131,0.889297426972416,0.126341834673698,0.0198331453422356
,Aves,124,0.891918985718638,0.127946165182322,0.0204348185099477
,Aves,115,0.894925982040178,0.127860026908273,0.0202024490589627
,Aves,58,0.848830616254197,0.106431340908633,0.0166771224821404
,Aves,53,0.859320125855354,0.106076248159609,0.0158572489877168
,Aves,57,0.859769835324424,0.104650937285748,0.0150277336516155
,Aves,54,0.8511701925821,0.0994436447585581,0.0137821717122634
,Aves,52,0.846960673265463,0.106746994306502,0.0159859170172298
,Aves,47,0.861502302034331,0.11377342516317,0.0176371394634785
,Aves,53,0.84679940366714,0.107142721411064,0.0161816486749087
,Aves,46,0.86754595829963,0.11456016364028,0.017812691196237
,Aves,48,0.84034375470662,0.107596761422293,0.0164269536298211
,Aves,54,0.845664755495161,0.105009769699921,0.0157272737191026
,Aves,55,0.84688863947075,0.105342577953892,0.015587140436412
,Aves,54,0.848033409724013,0.103489648684528,0.0151914487193909
,Aves,52,0.844338220151191,0.102144278173745,0.014844531249811
,Aves,55,0.840457696584452,0.106396500225171,0.016053983006285
,Aves,88,0.840718782132676,0.097918613299132,0.0142148683952046
,Aves,111,0.853012068299531,0.107480974314007,0.0168465300733683
,Aves,102,0.857106344791484,0.112674364999769,0.0176507393774016
,Aves,108,0.860857369396771,0.113683831211994,0.0176710886603368
,Aves,108,0.862749683114762,0.11601112524535,0.0185156512628444
,Aves,95,0.878431002513453,0.117632015393685,0.018864144781075
,Aves,94,0.880458770763049,0.116856368103848,0.0187892108067689
,Aves,90,0.877721990985738,0.11564635701124,0.0185571182097743
,Aves,104,0.877683380210936,0.118681215939994,0.0185547664666733
,Aves,110,0.887461441453362,0.121432242923187,0.0190216295765791
,Aves,136,0.889337561197733,0.127282307604316,0.0202016283920806
,Aves,116,0.891301403171032,0.128195826541711,0.0206895564981871
,Aves,117,0.895086524102302,0.127994213520636,0.0202320015647558
,Aves,68,0.857795503326029,0.106382681043236,0.0161536505737734
,Aves,61,0.849466214975187,0.100247357131931,0.0140350892557247
,Aves,52,0.857229469358878,0.11015875429816,0.0165442764280004
,Aves,49,0.862133874752148,0.114641609854513,0.0181483202702397
,Aves,51,0.848294449954411,0.105208566936813,0.0156819609397016
,Aves,58,0.848985323918436,0.105715210278005,0.0157811080394414
,Aves,68,0.832923030019936,0.0988431629907442,0.0144022076866875
,Aves,78,0.834590603728294,0.0979876717732837,0.0141233118666077
,Aves,94,0.848426404207185,0.100647461570867,0.0147582994463478
,Aves,101,0.848899928715663,0.100792176679935,0.0145244803332337
,Aves,83,0.864550872086326,0.106559779693523,0.0156925523953359
,Aves,98,0.868542632470003,0.111342881047215,0.0167378036628971
,Aves,125,0.894223601612693,0.128436881680353,0.020291025245999
,Aves,123,0.890545877783213,0.134927756229279,0.022889021990882
,Aves,38,0.880887772435611,0.124296566184114,0.0204323371802355
,Aves,42,0.880545676065294,0.118484209270026,0.018930793209195
,Aves,42,0.880545676065294,0.118484209270026,0.018930793209195
,Aves,41,0.87425072836179,0.118537121434159,0.0190772967716061
,Aves,54,0.850424920215765,0.101926058975407,0.0146960592723382
,Aves,68,0.832721417413443,0.10032131128626,0.0148540087453073
,Aves,73,0.832855703469016,0.0964844472860582,0.0137691455115953
,Aves,82,0.860523079180475,0.100832707231037,0.0138910185116592
,Aves,81,0.865047861428386,0.0998447618084997,0.0136390976206951
,Aves,77,0.87530951680044,0.107953151460812,0.0157439116330747
,Aves,82,0.871040414448204,0.11157882254011,0.0169089397208118
,Aves,82,0.86421331294157,0.111281055203013,0.0169854919885186
,Aves,84,0.867554982989526,0.111271069190566,0.0166880115101804
,Aves,90,0.865118890287632,0.11102321374712,0.0168788922093536
,Aves,95,0.874502480785871,0.112405683187151,0.0173576415382188
,Aves,90,0.871816617533798,0.111768784654709,0.0174031055970853
,Aves,97,0.876802106241503,0.116092744470945,0.0183566532585136
,Aves,102,0.87605179140991,0.118860954389156,0.0189371324313519
,Aves,109,0.885849912891866,0.121365009238276,0.0193933496344009
,Aves,126,0.886237235431405,0.124622535310643,0.0196901978771683
,Aves,139,0.897257721607929,0.128491453433458,0.0202524555724514
,Aves,124,0.894502133388088,0.129267831387224,0.0204823497129317
,Aves,127,0.890608144063641,0.134558220071722,0.0222093892745335
,Aves,126,0.889522033777501,0.13579003056581,0.0228859068600224
,Aves,78,0.859372944607728,0.100837894360232,0.0143168172374894
,Aves,58,0.850813219709255,0.105773179162598,0.0156627930783558
,Aves,56,0.85766897338976,0.107421495514556,0.0160194334960236
,Aves,42,0.868584265565958,0.114111183015537,0.0176171809712292
,Aves,39,0.882140061166902,0.123281284596937,0.0201219529155654
,Aves,38,0.877100484891026,0.121768470047748,0.0198439723182594
,Aves,49,0.87206959440238,0.11047169708031,0.0165863343643996
,Aves,50,0.862891560244225,0.108632703661873,0.0162447814127356
,Aves,56,0.854795656505714,0.107521497220145,0.0161311778843316
,Aves,60,0.845995366685477,0.1051255816374,0.0160181479146367
,Aves,62,0.840959043519222,0.101664573855286,0.0148021728981162
,Aves,78,0.849364173797907,0.0960819054410938,0.0130146796428642
,Aves,73,0.864404663396625,0.0953456835852065,0.0124967756698248
,Aves,73,0.87672314566909,0.102772424033147,0.0142955903560708
,Aves,77,0.879538577259946,0.1113404651171,0.01683520256558
,Aves,91,0.870807205695843,0.107361021229199,0.0157366557039294
,Aves,89,0.871726902095916,0.108719043317238,0.0166432831878742
,Aves,144,0.88953020248274,0.127271100859069,0.0203153511044377
,Aves,130,0.896913572522963,0.130068471313092,0.0206717876987245
,Aves,126,0.891252083038933,0.130575891712087,0.0212369783093012
,Aves,128,0.885038491720611,0.135534867052293,0.0228449418894652
,Aves,84,0.866028245352695,0.10155345585316,0.0142437766568424
,Aves,65,0.865973693068585,0.108726366774289,0.0158176979632927
,Aves,57,0.859046651928263,0.1098792747577,0.0163771120211878
,Aves,51,0.859739959402203,0.112835090984833,0.0172107854800315
,Aves,42,0.879339843686634,0.121600899676907,0.0195174372101318
,Aves,41,0.872605222080756,0.118634394451432,0.0190017588919893
,Aves,40,0.879177255845715,0.120112579108983,0.0192864772246471
,Aves,42,0.884675115637635,0.119629651344579,0.0191625657043003
,Aves,43,0.881985317971275,0.11864246406371,0.0188253166049387
,Aves,44,0.882274820685333,0.118702523747868,0.0187137314705143
,Aves,48,0.885959519986902,0.116602866236652,0.018269288906692
,Aves,52,0.857158253162894,0.107050723947845,0.016085756762122
,Aves,59,0.854808881248186,0.105347931223191,0.0158165332097046
,Aves,62,0.853628798873861,0.0988149400733625,0.0136453046989686
,Aves,66,0.852147949388228,0.0954422132861167,0.0127106327949874
,Aves,63,0.870510836515427,0.0995593450300921,0.0136436733011643
,Aves,72,0.878140077467593,0.104038661769877,0.0147034255295892
,Aves,72,0.878140077467593,0.104038661769877,0.0147034255295892
,Aves,77,0.879973174971499,0.110451288955753,0.0163181041088787
,Aves,78,0.884337094587345,0.110838735380455,0.0163787295292157
,Aves,86,0.876987512758687,0.108801015483029,0.0163236172752975
,Aves,89,0.876401048354284,0.108565196645094,0.0163604663114653
,Aves,93,0.872936951386537,0.109002817774744,0.0164772793912738
,Aves,122,0.891015720007619,0.123234247153886,0.0190400251756358
,Aves,144,0.889784048669656,0.127327876875115,0.0205980170415993
,Aves,137,0.896473142174402,0.126983726002114,0.01997200472782
,Aves,135,0.895285840049695,0.128251430870818,0.020476679979658
,Aves,131,0.891578656785958,0.129571413319921,0.020929120054333
,Aves,136,0.894116838449843,0.13343160105444,0.0225012856661518
,Aves,136,0.885727236932178,0.133686523539348,0.0222708927294418
,Aves,138,0.889030488010535,0.135272194995534,0.0221862308784568
,Aves,109,0.871844188155663,0.10252443044733,0.0146258557543074
,Aves,74,0.870186973917805,0.101927120447074,0.0140689548060724
,Aves,43,0.865768734682456,0.11775794226538,0.0185947782347705
,Aves,46,0.867427049740288,0.117957513658182,0.0185413089504505
,Aves,42,0.880279561440002,0.122567790953527,0.0201034103874117
,Aves,43,0.874083417626147,0.121429538287085,0.0197463656848435
,Aves,42,0.872173708941618,0.119889440870093,0.0190368977852567
,Aves,62,0.857587672962508,0.0980569099913787,0.0132977987852993
,Aves,63,0.858657559960772,0.0990983685185911,0.0135685855122299
,Aves,66,0.884417035692732,0.10334831461949,0.014350633877213
,Aves,66,0.884417035692732,0.10334831461949,0.014350633877213
,Aves,75,0.881630313543388,0.109936888498786,0.0164404803305752
,Aves,78,0.884456509798825,0.110217772503315,0.016338881108178
,Aves,74,0.879622479221104,0.110904779927504,0.0167153219065039
,Aves,75,0.882027641263278,0.111430857194403,0.0167398182915467
,Aves,73,0.878158495773854,0.11092169705677,0.0167072062928923
,Aves,76,0.879583727951117,0.111527039447781,0.0168831764875541
,Aves,80,0.877984743180973,0.108779369380011,0.0162638787855853
,Aves,79,0.876647437351607,0.1090742413833,0.016369935979492
,Aves,79,0.873445021411397,0.111623078555952,0.0175226283397935
,Aves,83,0.872117094921325,0.109691112924612,0.0170087269681143
,Aves,100,0.883406630757725,0.113178189680006,0.0173681256120976
,Aves,134,0.894672675239534,0.126540371232551,0.0201360809105057
,Aves,133,0.889722132822648,0.12318120389088,0.0193877563953713
,Aves,134,0.893842776728661,0.127460616866448,0.0205262504140232
,Aves,135,0.887017035500143,0.134417678672916,0.0223538185112423
,Aves,134,0.885310333490944,0.133637540675848,0.0222415209813847
,Aves,137,0.885969514816236,0.133350002074386,0.022145874407832
,Aves,142,0.885079633357359,0.132695817334753,0.0215553713703148
,Aves,145,0.888910851979982,0.134645405195666,0.0222486041615845
,Aves,105,0.877462322618626,0.104926543865485,0.0152045793605516
,Aves,52,0.864783189435383,0.111962263143688,0.0168865120962014
,Aves,46,0.859414442334004,0.116761023986696,0.0186049627898579
,Aves,43,0.874083417626147,0.121429538287085,0.0197463656848435
,Aves,47,0.877398922558479,0.118348632070531,0.0188620900776806
,Aves,54,0.876405987990345,0.1087171686058,0.0161812647264368
,Aves,57,0.85758447848281,0.104842364227117,0.0153410770576029
,Aves,63,0.87127496342564,0.101747086222205,0.0144458168606295
,Aves,65,0.876920248185354,0.101612009356935,0.0138531106546685
,Aves,64,0.876177012747878,0.0988619557852159,0.0132557124640066
,Aves,65,0.88232686149074,0.104238420361253,0.0148856446146994
,Aves,65,0.883985081409266,0.104174244686516,0.0147467018649593
,Aves,65,0.887708641935251,0.106296671046041,0.0153995520817698
,Aves,63,0.887323632466376,0.107128088192564,0.015629240798092
,Aves,64,0.884740789761912,0.107430317573149,0.0156295230921944
,Aves,89,0.87736046996362,0.109396421250804,0.0166611379805781
,Aves,133,0.889367000092603,0.123549025689255,0.0194500693189776
,Aves,137,0.885204163951744,0.133291137992482,0.0221306799265183
,Aves,139,0.883446057876469,0.133602142683295,0.0221475270847884
,Aves,142,0.886422566270998,0.133836168115936,0.0219504962272382
,Aves,113,0.873742880412959,0.105772654785616,0.0154359597706862
,Aves,54,0.869971691791144,0.110807473381614,0.0165583548020366
,Aves,52,0.871889931079442,0.113966806541413,0.017884399140843
,Aves,64,0.877861565502475,0.10186260841987,0.0143381618026115
,Aves,65,0.872077186217705,0.101563758146566,0.0145305473334976
,Aves,57,0.860537267675239,0.102827796787918,0.0150313451890974
,Aves,59,0.868115978058885,0.103563034570106,0.0151626070775078
,Aves,61,0.866151180016538,0.0996085222484755,0.0139064773475985
,Aves,62,0.871101275129326,0.100704757440636,0.013994357808615
,Aves,64,0.869879454124774,0.104016955814797,0.0149067772962733
,Aves,63,0.873297403063308,0.101218115113829,0.0142723875663805
,Aves,62,0.881310285767725,0.103545682620424,0.0147873130129003
,Aves,68,0.87641764560221,0.101341461608427,0.0141551519652492
,Aves,61,0.886330986684432,0.10359440130781,0.0146403771558056
,Aves,74,0.880136994502441,0.112204694008184,0.0171121696757881
,Aves,76,0.874194550703976,0.113946935093501,0.018105234975358
,Aves,94,0.876964320933451,0.109136968991977,0.016382062669519
,Aves,126,0.891754098293234,0.12404352331598,0.019242055877207
,Aves,141,0.887154650624374,0.130425702164577,0.0212965917567126
,Aves,141,0.890000019818021,0.134948899121998,0.0224679253792876
,Aves,147,0.886115846202967,0.135065909193995,0.0223477412775327
,Aves,143,0.885103989954354,0.136545123324996,0.0226957271846194
,Aves,142,0.883890584542263,0.135798207159196,0.022407434740592
,Aves,100,0.872521855568895,0.106970134391779,0.0154282441644111
,Aves,79,0.87943748999607,0.106297037742605,0.015482463842831
,Aves,90,0.881649960002229,0.110006809527035,0.0163296826105744
,Aves,68,0.878059733144803,0.10971100142256,0.0163498084778435
,Aves,66,0.878509357620512,0.111480553730643,0.0167081279889265
,Aves,64,0.876322840984761,0.107673683507349,0.0156351644767622
,Aves,68,0.87628257213421,0.104264888190999,0.0149349231246641
,Aves,76,0.877218694575925,0.10050052569591,0.0137718027176334
,Aves,74,0.872739277065256,0.0991572540805265,0.0135884909647014
,Aves,71,0.874476418436122,0.100895363275293,0.0141030668189063
,Aves,67,0.873882965859425,0.101352453527266,0.014472342581064
,Aves,67,0.870421707432342,0.100792288572807,0.014246992462242
,Aves,60,0.869892772943748,0.103609848330775,0.0150891683120139
,Aves,68,0.877779238796249,0.104127102051836,0.0148126474985348
,Aves,65,0.884133569624833,0.104713297648921,0.0149487936915856
,Aves,74,0.88390891057222,0.110504853055717,0.0166532621439135
,Aves,73,0.884666241774697,0.111267879286934,0.0168052697908263
,Aves,76,0.879727423883936,0.110694743970466,0.016760559376158
,Aves,80,0.878974552996533,0.112898097178325,0.0178079129977347
,Aves,93,0.876862514004145,0.110484307014345,0.0166942241233536
,Aves,107,0.88338670164748,0.119756976660282,0.0189715669359703
,Aves,128,0.886007228722469,0.120563441457888,0.0188155338714238
,Aves,133,0.890893420591842,0.12427477904847,0.0194671399443692
,Aves,129,0.887590275573585,0.126396807627842,0.0200141616884039
,Aves,144,0.889938831893083,0.132263305212703,0.0218230518656416
,Aves,150,0.886222443361923,0.135425693660313,0.0226785018700514
,Aves,137,0.866265460939619,0.103792031310239,0.0148743778486941
,Aves,112,0.868061219285479,0.107656799319268,0.0156887641986672
,Aves,84,0.881456879557746,0.114393674546273,0.0175979726240239
,Aves,79,0.878959461323379,0.108032155344343,0.0158838890382892
,Aves,76,0.879592785885685,0.107407651987388,0.0158484843858712
,Aves,73,0.876547060752912,0.100384705191149,0.0139211189480037
,Aves,66,0.870065730201261,0.104188006907985,0.0151901311251533
,Aves,66,0.889876106258878,0.101819963589798,0.0139421943032569
,Aves,73,0.884692571216818,0.111223653999902,0.0167704234192385
,Aves,72,0.882144318754019,0.111445493432457,0.0168944855496807
,Aves,85,0.883916240284879,0.10885089348208,0.0162007257732003
,Aves,113,0.879731483635142,0.116697932614212,0.0182097650971346
,Aves,117,0.88521903156434,0.118507275500611,0.0184344560800835
,Aves,124,0.890302965151561,0.121137092427619,0.0188453604152414
,Aves,127,0.889183730410958,0.124918163872214,0.0193992694014372
,Aves,138,0.891776564913643,0.132032888873455,0.0217235371700941
,Aves,141,0.885875556596079,0.131399837380505,0.0215490514731021
,Aves,160,0.883834442427312,0.134222716105575,0.0223951768633752
,Aves,140,0.867881997845757,0.102579229625421,0.0145561953477079
,Aves,148,0.867996293769564,0.10583143374063,0.0154542578828416
,Aves,140,0.871973232058187,0.10944845321624,0.0162398274270485
,Aves,145,0.872850420493683,0.111031688272115,0.0169129117761593
,Aves,122,0.873908903416863,0.11230280264133,0.0169466617951916
,Aves,120,0.865491831754807,0.107760509804519,0.0159712922888688
,Aves,95,0.868152494432806,0.107846064538669,0.0157856036245543
,Aves,108,0.869857545973227,0.100862751079575,0.0138874232338737
,Aves,108,0.859765122717391,0.0958252295412759,0.0124567864755511
,Aves,74,0.87664327372308,0.10140672132994,0.0140672531543223
,Aves,74,0.881406203740858,0.104467832935472,0.0149837043898244
,Aves,67,0.885205481209616,0.105437032226162,0.0150429776228103
,Aves,94,0.885750384963842,0.108923542193581,0.0161458291862138
,Aves,95,0.88089068056688,0.110502455587086,0.0165330773293955
,Aves,109,0.885876728210361,0.117110904378436,0.0182352685434085
,Aves,123,0.885859137330485,0.12197093886233,0.0191520963353475
,Aves,128,0.892487514714771,0.129969247508363,0.0214391031504231
,Aves,138,0.891776564913643,0.132032888873455,0.0217235371700941
,Aves,158,0.882289729129079,0.132466594489227,0.0219513740529982
,Aves,162,0.885908245692566,0.133558893791459,0.0219831446001153
,Aves,163,0.87432029888115,0.106354205925183,0.0156269486938496
,Aves,150,0.872733610896612,0.105980177020814,0.0156597227417871
,Aves,154,0.872233139325386,0.109554721913398,0.0166297225941578
,Aves,167,0.870363100765116,0.107056753174419,0.0159107329572742
,Aves,160,0.868487125407727,0.107122335154227,0.0159731773822776
,Aves,153,0.867739809302049,0.109913467933887,0.0167674245153163
,Aves,145,0.86618007101265,0.107133085699059,0.0158982563338015
,Aves,135,0.867752129184201,0.105876191773978,0.0155007422076793
,Aves,153,0.868841701891553,0.103621070458192,0.0149247938624903
,Aves,142,0.872406810392302,0.102564557134285,0.0144168072271924
,Aves,129,0.870355046935198,0.100341111420656,0.0137749638866521
,Aves,135,0.868632313252941,0.101980680805534,0.0141600314892757
,Aves,130,0.867139033772062,0.102587998715774,0.0143524389786907
,Aves,124,0.866822920014065,0.10138265853126,0.0140408825354538
,Aves,74,0.875698340002184,0.102444487374142,0.0144448876987951
,Aves,72,0.886500989206091,0.103856711312901,0.0145045332717559
,Aves,65,0.886316877768178,0.103486505577602,0.0146726656829861
,Aves,80,0.883910590912113,0.115090115197152,0.0178100023753401
,Aves,112,0.888225206487766,0.117716928743793,0.0181793521399013
,Aves,123,0.888057730162925,0.120538209586085,0.0187699639176564
,Aves,123,0.891851695497088,0.120946062314138,0.0186021976910122
,Aves,130,0.890086752093631,0.131743820386666,0.0217856955777814
,Aves,156,0.886858984819224,0.129976941118112,0.0211185730767715
,Aves,157,0.88555869019695,0.130569936730939,0.021644168475736
,Aves,161,0.882561436906961,0.133229675175184,0.0222667575236908
,Aves,164,0.882273764834732,0.132587605877405,0.0220583511581517
,Aves,165,0.879597752166069,0.131779418425539,0.0219180405675113
,Aves,163,0.883667576669033,0.13149201722384,0.0216097404960354
,Aves,180,0.86932428771926,0.108834998423391,0.0164698869540921
,Aves,167,0.868550455815664,0.107322974307797,0.0158607497239907
,Aves,182,0.869374016451922,0.107951936869225,0.0163020425174118
,Aves,151,0.865700815712352,0.103495064683043,0.0150340514375791
,Aves,127,0.870565257721216,0.101142673678184,0.0138866101227128
,Aves,86,0.871128050981823,0.103252526977072,0.014416836712596
,Aves,75,0.891018991881562,0.103262650716594,0.0145188604472538
,Aves,72,0.888059405064669,0.104244951376756,0.0149852872591543
,Aves,80,0.883375879760379,0.113137732664918,0.0174880486288222
,Aves,101,0.885919721300156,0.116374210969883,0.0185012393489818
,Aves,104,0.885694666333413,0.115429329596584,0.018143306228225
,Aves,115,0.887438585110573,0.117433710704533,0.0184308909429126
,Aves,121,0.885863751718515,0.119763278589987,0.0185868785080131
,Aves,127,0.898183454075711,0.125290625734555,0.0193953343628148
,Aves,127,0.894931948481713,0.125650922609739,0.0197106779851281
,Aves,137,0.889278064040422,0.129572311288249,0.0210927818640263
,Aves,141,0.886772089825449,0.131927004995183,0.0217715960745214
,Aves,160,0.885221294936301,0.130117260449461,0.0212435201941269
,Aves,161,0.887180446516018,0.130252015169128,0.0214912826707574
,Aves,169,0.882323594394762,0.130817065598237,0.0216865780766864
,Aves,170,0.881355647675666,0.129311616857339,0.0211261385381972
,Aves,180,0.886337815587741,0.132660615285591,0.0219104462588115
,Aves,188,0.871914164277233,0.107214736581672,0.0161133555701851
,Aves,187,0.866581493559071,0.105567562525915,0.0157576208569039
,Aves,169,0.86520986716806,0.10610218751489,0.0159287309733203
,Aves,165,0.867737676158568,0.105528975612227,0.015797187230923
,Aves,160,0.865413089136058,0.101129866705434,0.014403120581205
,Aves,123,0.865056403052926,0.101496416354319,0.0142850278195683
,Aves,78,0.881120100325031,0.1046972430521,0.014767970030856
,Aves,79,0.879899045025778,0.103805614739624,0.0145918999204213
,Aves,94,0.888289991587744,0.113717863736145,0.0176473517235367
,Aves,97,0.887429280178631,0.117338461677266,0.0187619006251028
,Aves,99,0.885157358882084,0.116151253085425,0.0184932069122606
,Aves,104,0.890094111194373,0.116953112378699,0.0185795745839276
,Aves,111,0.894193509378076,0.12120166033995,0.0193151596357085
,Aves,130,0.891784094512619,0.120047279269656,0.0186516641562051
,Aves,134,0.896025981704616,0.126628966736484,0.0204242748136698
,Aves,131,0.88751197787173,0.126389208739165,0.0200186706264844
,Aves,135,0.884495680125466,0.127810454757766,0.0207100338571882
,Aves,164,0.88380222353863,0.128282362687088,0.0208550713092701
,Aves,170,0.883843948714674,0.128073139708567,0.0207530983956423
,Aves,170,0.886753022629591,0.128665473562402,0.0208329579844524
,Aves,199,0.86899334421965,0.107790219952031,0.0162222245284693
,Aves,190,0.867714459096798,0.106122251478254,0.0157044266893459
,Aves,179,0.863079914141913,0.105089651642671,0.015713483008079
,Aves,137,0.857429156335255,0.100551437024492,0.0140125935654326
,Aves,95,0.867106303919707,0.101539845129995,0.0141202497848595
,Aves,81,0.877280180731158,0.110657010935411,0.0167519063865978
,Aves,83,0.880286274317173,0.110869183531402,0.0167549384816058
,Aves,88,0.869027887637201,0.108327682903186,0.0161986786154277
,Aves,96,0.892528027375475,0.117456409618662,0.0187186744580777
,Aves,99,0.888873023894581,0.116538201551513,0.0185692329702712
,Aves,107,0.891099395982961,0.119487336009892,0.0191119841592667
,Aves,111,0.894193509378076,0.12120166033995,0.0193151596357085
,Aves,146,0.885024875163287,0.127999877560433,0.0206852329369278
,Aves,145,0.883694935690484,0.128454912609962,0.0212964053931818
,Aves,144,0.885986639731016,0.130667200524538,0.0219164758325007
,Aves,165,0.887300027165848,0.127838176280051,0.020734106946212
,Aves,170,0.885823647113921,0.128516498882127,0.0208168264730962
,Aves,172,0.888972037083821,0.129558404432233,0.0209783619992008
,Aves,202,0.868649244638379,0.106656724425115,0.0157923092586085
,Aves,189,0.867642827214324,0.106904710262479,0.0160609519637929
,Aves,169,0.866877882534892,0.104112516693649,0.0152656489681828
,Aves,86,0.879429839741484,0.102344467336858,0.0143846435140572
,Aves,85,0.872777624911408,0.109451361846047,0.0162759512135163
,Aves,85,0.872934370458412,0.113951251641082,0.017792702640864
,Aves,96,0.892528027375475,0.117456409618662,0.0187186744580777
,Aves,106,0.887527338053131,0.116776945092806,0.0186042593744964
,Aves,144,0.88494785075949,0.128327125770926,0.0211584131276638
,Aves,149,0.884002153250683,0.130437043292033,0.0218321956535051
,Aves,160,0.889329296734404,0.130147344308868,0.0217371656447279
,Aves,173,0.88777563724376,0.12888195006338,0.0210750281085037
,Aves,173,0.886677666195538,0.130675137274447,0.0214457792418013
,Aves,130,0.869569447248522,0.100989630356804,0.0142620972610743
,Aves,107,0.859713753645053,0.101133769722268,0.0142162794869306
,Aves,102,0.867026507011994,0.103527441271094,0.0148494248274489
,Aves,94,0.876058805743492,0.108160441146903,0.0160247234336408
,Aves,97,0.87705870186497,0.109932930283226,0.016436762486424
,Aves,124,0.889054131755048,0.127701318912102,0.0211604991861115
,Aves,144,0.884153152429112,0.129918676168016,0.0216108329194541
,Aves,145,0.880837330918637,0.129985206281935,0.0217087831358959
,Aves,153,0.882563342321452,0.129531581582441,0.0216892031959243
,Aves,164,0.891170215279622,0.129294980875037,0.0213841216874644
,Aves,170,0.890484178757211,0.130495620929168,0.0219122480029424
,Aves,182,0.890808508743855,0.130601138336007,0.0213723165432152
,Aves,193,0.889057096811691,0.131539554699679,0.0215127713909795
,Aves,203,0.868960231453193,0.108153790165753,0.0163849663536451
,Aves,201,0.872599889257854,0.108401118621132,0.0163225428576642
,Aves,189,0.869852539064451,0.106453038773691,0.0157914476767216
,Aves,112,0.869055776303103,0.105062168317161,0.0153440949432149
,Aves,108,0.864908079404075,0.108624759504168,0.0163521327572962
,Aves,105,0.870044372647411,0.107985740457351,0.016101201591109
,Aves,108,0.863791370378698,0.110935073236018,0.0167141529831276
,Aves,170,0.892946300861852,0.130882614824689,0.0217227378652579
,Aves,179,0.887914429148258,0.131642854035424,0.0219347066762203
,Aves,197,0.891184203345889,0.131886075514028,0.0215725146708959
,Aves,189,0.893439581101896,0.13219526328336,0.0218760300852441
,Aves,203,0.872756254295899,0.10813287381503,0.0161735022603574
,Aves,201,0.875407988980447,0.107281126621491,0.0159146107656036
,Aves,199,0.877871126533558,0.109532280334461,0.0165795531998768
,Aves,188,0.869664752559602,0.106484723218755,0.01575893468048
,Aves,183,0.868272005717302,0.105966367210518,0.0155039129823682
,Aves,179,0.870498632944751,0.106644210753932,0.0156786438662939
,Aves,131,0.862822688735986,0.109386517003159,0.0166041988766803
,Aves,150,0.857478254454026,0.111875486079419,0.0174078153488383
,Aves,147,0.881644923707583,0.121354179678258,0.0196749417408439
,Aves,145,0.891086413815201,0.123365022873999,0.019938887121654
,Aves,156,0.888196054279706,0.130676152847498,0.021928195201009
,Aves,156,0.887842381238098,0.131454242222117,0.0221251276098574
,Aves,156,0.889953927609664,0.13232425350628,0.0222710976147222
,Aves,159,0.889479317232826,0.129913009616666,0.0216136113520347
,Aves,181,0.891730866297213,0.132854203953177,0.0220569383027156
,Aves,185,0.895885531795642,0.132206906959315,0.021691136594048
,Aves,202,0.889531011463524,0.132586044322512,0.0220092903413658
,Aves,188,0.870817523039479,0.107123331437431,0.0158998589186629
,Aves,185,0.871639469107327,0.107798563449371,0.0160460314118807
,Aves,182,0.868285783687086,0.107372738439817,0.0158577829624718
,Aves,173,0.872995926895992,0.110841816721554,0.0168163640750093
,Aves,132,0.857017987690341,0.109660750625434,0.0168368018326265
,Aves,138,0.858885445570131,0.113583890562184,0.0177180660228528
,Aves,153,0.856086857078221,0.110739303917936,0.0171433203210013
,Aves,137,0.884625360818868,0.118627850454204,0.0191963575525077
,Aves,136,0.885558574728719,0.118830949131814,0.0192670846903415
,Aves,141,0.884321204357114,0.120133559546328,0.0194185503885634
,Aves,139,0.884841520801983,0.120310388599759,0.0194860398860538
,Aves,141,0.881851625537432,0.122235818686648,0.0201157060508709
,Aves,153,0.882474526388445,0.122084797649207,0.0198324341017689
,Aves,162,0.886353731922547,0.130377034093699,0.0219115992132126
,Aves,181,0.891730866297213,0.132854203953177,0.0220569383027156
,Aves,185,0.89330452316525,0.131547186436272,0.0216810817381808
,Aves,186,0.890930803416174,0.132878025452867,0.0222804953744202
,Aves,191,0.873443894340538,0.10879214760468,0.0162545197652157
,Aves,183,0.871789632879241,0.108537152605233,0.0162044610532765
,Aves,187,0.868639495624426,0.108670745280072,0.0163742301108743
,Aves,182,0.868686573094199,0.110538141979809,0.0167871035404444
,Aves,173,0.853467374469463,0.108695437018529,0.0163710056636139
,Aves,168,0.853847244992344,0.110676437805736,0.0170306116182596
,Aves,141,0.884326044319894,0.120340029592649,0.0194914591125419
,Aves,147,0.880950229771488,0.120718577983069,0.0195908102618318
,Aves,164,0.884061354152698,0.120031909121326,0.0192545408664464
,Aves,164,0.886177511506245,0.119658460170222,0.0190033379736114
,Aves,176,0.887625981331853,0.126714427150267,0.0209706166114149
,Aves,160,0.887426513710796,0.13136179493361,0.0221166565195843
,Aves,174,0.888457246063186,0.130859821002469,0.0218770942831095
,Aves,176,0.887638870113921,0.131242442581012,0.0218677530590439
,Aves,189,0.869500718482143,0.109218933472025,0.0163598075931835
,Aves,186,0.868242476631515,0.108618021771423,0.0163755575098407
,Aves,180,0.862897128556879,0.111971031641788,0.0171547084098605
,Aves,191,0.859433910139688,0.11021344596913,0.0167653506953168
,Aves,194,0.855496772264409,0.109670266626166,0.0165644892516354
,Aves,195,0.857946350536201,0.109213114766881,0.0164986038295001
,Aves,185,0.85897438084781,0.109788657401218,0.0166190999169589
,Aves,149,0.88355758808621,0.119258415168423,0.0192014852826146
,Aves,158,0.882448258749737,0.121470579198964,0.0196320058648862
,Aves,168,0.883130164386762,0.122620301071706,0.019893370252365
,Aves,172,0.881404393931554,0.119635221421589,0.018952403753936
,Aves,180,0.887360285046142,0.122238382261203,0.0197438044992572
,Aves,178,0.886086479569654,0.123727899376527,0.020241898413948
,Aves,177,0.886632846480594,0.126509788790292,0.0209023802847612
,Aves,166,0.883606917909449,0.12770344730426,0.0211794600664194
,Aves,170,0.881527896303893,0.126791547203996,0.0209018720721599
,Aves,177,0.887833286576462,0.127857830122758,0.0211290798413971
,Aves,176,0.888008043841052,0.130472506538041,0.0216970631610948
,Aves,177,0.890124798327402,0.131759070903609,0.021919988330855
,Aves,181,0.890193451498783,0.132645090416787,0.0222836267007832
,Aves,198,0.88865952769609,0.132624334968409,0.0222226917802576
,Aves,198,0.889159253570804,0.132596713902884,0.0222103951703333
,Aves,186,0.891868802050724,0.132644596512114,0.0222025085129676
,Aves,199,0.865188980607768,0.113561103084107,0.0179016304708415
,Aves,192,0.866209658030825,0.114446391646633,0.0180316904985368
,Aves,194,0.859585530418772,0.110598967173794,0.0168430133778792
,Aves,197,0.855963237413854,0.108924642754871,0.0163776160775465
,Aves,188,0.883780999872385,0.124519926242723,0.020192401358909
,Aves,181,0.88924366285104,0.12446704094525,0.020088720567076
,Aves,183,0.888599280516439,0.123365708633324,0.0198993768354351
,Aves,178,0.886086479569654,0.123727899376527,0.020241898413948
,Aves,171,0.882088438501756,0.12717784389951,0.0210394146189634
,Aves,171,0.881597655055894,0.12623890662708,0.020797561462375
,Aves,172,0.880383648960926,0.125686072502786,0.0206821087038495
,Aves,179,0.885427675518602,0.12966413452328,0.0214350935965306
,Aves,193,0.887005642425813,0.132515917859262,0.0220637792541102
,Aves,188,0.892875359036532,0.133589583945484,0.0226061207917808
,Aves,189,0.892107382611654,0.133979109358935,0.0228322020836414
,Aves,197,0.888465226847039,0.13454390411977,0.0228932501903625
,Aves,217,0.867739118524709,0.11444387910911,0.0178950271923793
,Aves,218,0.865410521163163,0.113969316784755,0.0178574923232106
,Aves,205,0.862824289812226,0.113057620832616,0.0177405676696456
,Aves,200,0.859108504250299,0.108991967257596,0.0163478071508801
,Aves,179,0.888418118626095,0.124198892567273,0.0200009289035687
,Aves,174,0.87880499650404,0.125440875725704,0.0206164741603037
,Aves,176,0.886625242891306,0.128792770204035,0.0211173808151577
,Aves,178,0.886118258002218,0.129710278389659,0.0213220756184024
,Aves,192,0.886860880694229,0.131546295743356,0.0217797732297985
,Aves,200,0.887936742769223,0.134516295020219,0.0228919067975136
,Aves,226,0.86547409140116,0.113744434769906,0.0178542820698628
,Aves,194,0.888483737259556,0.124270208285008,0.0199047986299111
,Aves,185,0.888596378161502,0.123876172874481,0.0198798952349401
,Aves,182,0.88514009339499,0.126070201376002,0.0206756303628773
,Aves,183,0.88832300871686,0.126174133017591,0.0206610728275316
,Aves,175,0.88278643907566,0.126816306092366,0.0208754336980134
,Aves,174,0.887729745150188,0.131304714075384,0.0217177836499536
,Aves,194,0.885536349636498,0.124655128113156,0.0199858530440311
,Aves,181,0.88879410635616,0.124727890142229,0.020089308049009
,Aves,181,0.886717531310337,0.12567527036101,0.0206036717197276
,Aves,177,0.884542326964883,0.128146082254649,0.0211271887563324
,Aves,179,0.887464194353747,0.127658644659784,0.0212227081438051
,Aves,182,0.885106078473192,0.12746241823065,0.0211256873640857
,Aves,181,0.886409588341845,0.128384857115804,0.0212437202169129
,Aves,178,0.88582655686994,0.12932674289038,0.0214740177088714
,Aves,179,0.886549493798462,0.129943543125665,0.0215613190223224
,Aves,176,0.888422204120795,0.125366297355351,0.0203355959843436
,Aves,176,0.88835517499884,0.126374827931103,0.0204849097351345
,Aves,176,0.886756462913191,0.128256520973958,0.0212140311906875
,Aves,192,0.886146628458801,0.127589183332273,0.0207839676254374
,Aves,177,0.887393070053828,0.128846294520801,0.0213501481292235
,Aves,177,0.885911998469251,0.129044600367178,0.0214632447925383
,Aves,179,0.885521854438977,0.129201060836061,0.0213760234191707
,Aves,184,0.882431025726428,0.131613321307818,0.0217599704090049
,Aves,173,0.886996377991446,0.130854041925911,0.0217103572152783
,Aves,176,0.885580980002695,0.129254418046683,0.0215328670569826
,Aves,176,0.887833225961746,0.128546332010487,0.0212472466991118
,Aves,175,0.885701717733853,0.12992882934617,0.0215659417081344
,Aves,185,0.87743128458542,0.131364367917464,0.0218469029847588
,Aves,186,0.883681076843451,0.127487105842444,0.0206928856972867
,Aves,175,0.887327891154028,0.130470736132626,0.02160966531762
,Aves,173,0.886996377991446,0.130854041925911,0.0217103572152783
,Aves,177,0.887190752083099,0.130945860211887,0.0219142058714579
,Aves,182,0.882589806574065,0.131884647785745,0.021809720312289
,Aves,182,0.879392028437605,0.132176092809393,0.0219095958513342
,Aves,186,0.883172501268765,0.130878530193011,0.0216271551303687
,Mammalia,68,0.82615227463168,0.171341290444442,0.0338038948114322
,Mammalia,69,0.821333294764511,0.172205027768285,0.0341626171931622
,Mammalia,69,0.821333294764511,0.172205027768285,0.0341626171931622
,Mammalia,65,0.826361276600993,0.171496822604778,0.033880096023833
,Mammalia,72,0.82651646351829,0.174708941661823,0.0356804745406538
,Mammalia,73,0.827695131063585,0.178233349272005,0.0366835291366769
,Mammalia,68,0.827437148901367,0.173489034513251,0.0345084596269932
,Mammalia,65,0.831004847414013,0.171492093800214,0.0338107147030055
,Mammalia,65,0.823537861637922,0.168618069674655,0.0330797235675489
,Mammalia,62,0.827490529708594,0.171557424566194,0.0339520010115132
,Mammalia,62,0.827490529708594,0.171557424566194,0.0339520010115132
,Mammalia,46,0.842879340312151,0.17515612345135,0.034243606668895
,Mammalia,50,0.834635811665721,0.180067303310971,0.0360181062202683
,Mammalia,61,0.840259883641401,0.177403091536846,0.0350968881471872
,Mammalia,61,0.835496630272279,0.175036679867323,0.0342753923104485
,Mammalia,53,0.836197927576159,0.17793314237632,0.0351974218776272
,Mammalia,53,0.830304202827682,0.178929293421753,0.035550491756469
,Mammalia,67,0.844951015860644,0.176565921412835,0.0347759404982918
,Mammalia,57,0.834092763838943,0.175023136773219,0.0342994186503685
,Mammalia,56,0.831473131589355,0.17643793457474,0.0348090844803947
,Mammalia,134,0.846832152563038,0.179514992616097,0.0362079363005738
,Mammalia,62,0.837794494612933,0.176700504269942,0.035063081314602
,Mammalia,60,0.837964235884997,0.176233941665637,0.0348102931019572
,Mammalia,150,0.851605734039736,0.180194908125565,0.0359765418846678
,Mammalia,97,0.846009879999543,0.181194033886525,0.0366813181428856
,Mammalia,89,0.833552244033081,0.180622021022295,0.0364149114290027
,Mammalia,62,0.829166306301858,0.174867644387951,0.0346913298855546
,Mammalia,60,0.834162311537071,0.171676678741319,0.0333845305672126
,Mammalia,60,0.837324749331069,0.174964205123293,0.0343544355148049
,Mammalia,47,0.892075051174768,0.18724909936346,0.0381936909224511
,Mammalia,128,0.846050792484888,0.18440656624601,0.0373431431214647
,Mammalia,130,0.847754433810647,0.183675747349909,0.0371168142627822
,Mammalia,134,0.852458876273581,0.183676593612349,0.0370115708984739
,Mammalia,121,0.850163946733023,0.183273488640244,0.0374029925339815
,Mammalia,133,0.838566494009987,0.175796921675924,0.0357001604439629
,Mammalia,106,0.843862513474037,0.179659749276083,0.0364533602345678
,Mammalia,102,0.840211747021684,0.179617711133351,0.036342265747613
,Mammalia,92,0.835625422159871,0.178141679438092,0.0355880536499686
,Mammalia,81,0.834614586504998,0.17856376640572,0.0356707182790885
,Mammalia,73,0.835951404308729,0.177709270675696,0.0355551243405512
,Mammalia,69,0.841580215031221,0.176941548954507,0.035349818188853
,Mammalia,64,0.837047723799802,0.176072363020428,0.0348637020700276
,Mammalia,61,0.840789173278466,0.174122440986677,0.0340222997054851
,Mammalia,57,0.838735459345511,0.176682206611951,0.0349295398721306
,Mammalia,57,0.837911622401644,0.173236359971907,0.0338690600422629
,Mammalia,47,0.891478523851071,0.19061211432961,0.0394965969351229
,Mammalia,54,0.88597479022543,0.191661729565248,0.0400617193206034
,Mammalia,146,0.856403487654118,0.187369185230039,0.0383479342520236
,Mammalia,124,0.844992427149049,0.182105361568249,0.0365510969353993
,Mammalia,115,0.850822006051198,0.186970473496218,0.0382314924875238
,Mammalia,99,0.849256085458551,0.180288026814809,0.0369009979508293
,Mammalia,103,0.838095522217669,0.177776819758974,0.0360907719206081
,Mammalia,71,0.845929477635348,0.178300478741931,0.0358328895062886
,Mammalia,67,0.840742336773361,0.180450805942714,0.0361951911347283
,Mammalia,59,0.840906169920392,0.176683315451899,0.0347485288655986
,Mammalia,58,0.839472403009776,0.1756996854883,0.0345607236572731
,Mammalia,58,0.839991909174536,0.175464736322869,0.0345393185983331
,Mammalia,52,0.881243586495291,0.188056529126783,0.0386425973641525
,Mammalia,59,0.879717307936461,0.192566355555084,0.0402691871770796
,Mammalia,137,0.858010043926798,0.185456530565146,0.0377626570275929
,Mammalia,127,0.84758084416537,0.184076072058749,0.0372298383817049
,Mammalia,108,0.848292929179244,0.186337913596064,0.0378246037526249
,Mammalia,96,0.846408244521616,0.179860293678152,0.0362076238673743
,Mammalia,96,0.842555681317142,0.181684118354969,0.0369056460188628
,Mammalia,96,0.844637823505588,0.180009590377101,0.0364928859782914
,Mammalia,98,0.839680852125312,0.179939885340079,0.036542736040632
,Mammalia,84,0.835791832720722,0.182726613281174,0.0367704083804411
,Mammalia,70,0.8541274189674,0.182288579802754,0.0367071663385347
,Mammalia,64,0.842416137660782,0.180203608384563,0.0359549202068477
,Mammalia,62,0.844333911337344,0.181387657053292,0.0362482330025999
,Mammalia,58,0.842711678949442,0.177081268510306,0.0349280787006749
,Mammalia,59,0.843877792189636,0.175920775958445,0.0345563430007699
,Mammalia,63,0.844167856331452,0.17949510453398,0.036046409663957
,Mammalia,57,0.843753760034545,0.177096606016666,0.0351203476926583
,Mammalia,55,0.880175318783044,0.189156274508626,0.0390004259082994
,Mammalia,61,0.877534729836928,0.191728748995498,0.0398381207834813
,Mammalia,58,0.873589671258185,0.189867172515024,0.0394113861767212
,Mammalia,146,0.855768326775124,0.18486106329324,0.0374238262526305
,Mammalia,125,0.8548298903037,0.179603455992551,0.035596718448178
,Mammalia,112,0.85237694907344,0.180187281087448,0.0356054616946499
,Mammalia,110,0.853412099151935,0.180895916909924,0.0359146818234998
,Mammalia,95,0.842202903567891,0.181125641727062,0.0364999986710972
,Mammalia,92,0.842281926467174,0.181598697025175,0.0366725726423882
,Mammalia,88,0.8436729366788,0.18081121517961,0.0361274973915416
,Mammalia,82,0.844094610594352,0.182800972819658,0.0366234841703913
,Mammalia,83,0.843758554992235,0.182224406151926,0.036469083867705
,Mammalia,71,0.850807420519092,0.185889683018837,0.0378273590694651
,Mammalia,64,0.838743312676851,0.184778627727322,0.0376431232228656
,Mammalia,64,0.850202787220784,0.181380886499996,0.0363328386025909
,Mammalia,58,0.845085294496314,0.17788017999934,0.0352456999641526
,Mammalia,48,0.88498350921139,0.187106527312426,0.0383340323852203
,Mammalia,63,0.880954418700192,0.19154985881671,0.0400439956423275
,Mammalia,60,0.878172991036223,0.188683976793127,0.0391441918312599
,Mammalia,155,0.860978038470824,0.183409104997294,0.0369660417422327
,Mammalia,145,0.853139207686987,0.183530114560877,0.0371324776503214
,Mammalia,142,0.856440672590857,0.185557080843767,0.0376072957513342
,Mammalia,119,0.857359368127969,0.179919270912588,0.0356925487174904
,Mammalia,108,0.855563372149234,0.182601438517732,0.0363816825788925
,Mammalia,100,0.841191673696079,0.181234930523823,0.0365086463422043
,Mammalia,95,0.838851684009235,0.180072853171931,0.035955726397733
,Mammalia,84,0.841912190640172,0.182084249029877,0.0365476117444545
,Mammalia,80,0.852366754052562,0.191157264735193,0.0398272876023164
,Mammalia,83,0.855528899045245,0.19377347554876,0.0405793110320298
,Mammalia,61,0.845700238856634,0.175700021726767,0.0344411442375994
,Mammalia,57,0.878463316156747,0.188706940723991,0.0390161345919686
,Mammalia,56,0.878294203519694,0.190904965154534,0.0397445193270067
,Mammalia,162,0.858538581933635,0.183101500422076,0.0367600701022146
,Mammalia,152,0.855020279816822,0.184877737459734,0.0374915000077329
,Mammalia,151,0.863127775870377,0.184450530304141,0.0370089969702412
,Mammalia,95,0.844481512166779,0.177833650497027,0.0350424774262516
,Mammalia,82,0.852556336867978,0.182904445588474,0.036488905647908
,Mammalia,72,0.83813361973718,0.185578948276721,0.0379624647478977
,Mammalia,66,0.839169302240963,0.179392964127519,0.0356783937197006
,Mammalia,47,0.89015954146317,0.191435783422398,0.0397873989245753
,Mammalia,50,0.893906334986144,0.192199389573997,0.0400099817174391
,Mammalia,164,0.863918072478975,0.185266319536566,0.0373295816559383
,Mammalia,153,0.860500151208236,0.184123597813163,0.036901773523609
,Mammalia,126,0.869970285050164,0.183026375889065,0.0361524161554586
,Mammalia,98,0.863685765054389,0.182841554185508,0.0360987551610778
,Mammalia,92,0.851468350884475,0.185263805762454,0.0377244492940543
,Mammalia,79,0.858860882202795,0.186668767741107,0.0381990349725155
,Mammalia,78,0.854194892648915,0.186155673254079,0.0376843804686764
,Mammalia,74,0.864992822550562,0.190541992746319,0.0394397361233157
,Mammalia,70,0.852937772733137,0.18544260513589,0.03751348699329
,Mammalia,68,0.854049374901963,0.184707456046163,0.0372485001812165
,Mammalia,67,0.846701587476041,0.183837963473968,0.0369983460705866
,Mammalia,67,0.839526058780268,0.178955184654139,0.0354299457247116
,Mammalia,65,0.839427282278663,0.183283204334962,0.0370034885562928
,Mammalia,163,0.866882552771315,0.184488533011346,0.0368159324715959
,Mammalia,141,0.87039572828278,0.183954091217054,0.0365018784238037
,Mammalia,115,0.872940396787992,0.181631148000931,0.0356352290630889
,Mammalia,109,0.872814923108601,0.182876756953505,0.0360774744892931
,Mammalia,104,0.87135625390071,0.184680279596282,0.0370226952527778
,Mammalia,98,0.85726379198989,0.183891313146651,0.0371954321180391
,Mammalia,74,0.864988636945372,0.187350159995293,0.0384191939717242
,Mammalia,74,0.858254758671041,0.18840058413491,0.0388630876460226
,Mammalia,67,0.849503574693159,0.183449355922014,0.0371108270181067
,Mammalia,70,0.843840361198442,0.184474224042122,0.0371385606370689
,Mammalia,138,0.871806663185094,0.18311458208632,0.0361801167054081
,Mammalia,120,0.876271498175971,0.184741737672761,0.0368149200224643
,Mammalia,108,0.874957545894339,0.186190636600213,0.037420238757391
,Mammalia,96,0.864359977050541,0.182222912526106,0.036286767162312
,Mammalia,90,0.858930333067299,0.183284240824231,0.0367639752784033
,Mammalia,88,0.863329635531779,0.181605985012264,0.036225012070997
,Mammalia,70,0.867215746125163,0.187681553768832,0.0384853768588636
,Mammalia,59,0.87321455862476,0.188486574192713,0.0388578110008529
,Mammalia,68,0.842681153700493,0.186247311079374,0.0383882629380713
,Mammalia,72,0.839515061935135,0.184560816559172,0.037107497567446
,Mammalia,131,0.871852740428887,0.186280460568688,0.0373198503938483
,Mammalia,91,0.889742721378218,0.181983353029467,0.0354826344917586
,Mammalia,98,0.865068344002297,0.182980582115456,0.0365397862645472
,Mammalia,90,0.865835595804767,0.181363463017536,0.0360960393634575
,Mammalia,92,0.865973471309692,0.181038658417479,0.0361051592529347
,Mammalia,92,0.865170165003239,0.180132505494778,0.0359106587665016
,Mammalia,89,0.864110007223624,0.181259004939323,0.0362380429157694
,Mammalia,65,0.842241570974873,0.184665433539851,0.0371244183693044
,Mammalia,73,0.838360427030794,0.179907248239564,0.0355497410759317
,Mammalia,71,0.842329144655465,0.183399471783191,0.0367187195223214
,Mammalia,64,0.85213592143324,0.186011025425303,0.0374968390329825
,Mammalia,133,0.877553257021614,0.186945116530831,0.0375217551485696
,Mammalia,117,0.88109185644853,0.183437125444538,0.0362787962417705
,Mammalia,101,0.874555740435629,0.18388082298351,0.0367343790648997
,Mammalia,95,0.864745500752254,0.178693315247798,0.0353806589171588
,Mammalia,93,0.868102363837896,0.180697101115156,0.0360135997355001
,Mammalia,52,0.872361753159329,0.18250390561357,0.0367384131576465
,Mammalia,72,0.843640541846874,0.185931781511522,0.0375271069768963
,Mammalia,67,0.846080242000288,0.186575203295258,0.0379103554892648
,Mammalia,57,0.859354878789834,0.185383804123225,0.0373585414931383
,Mammalia,77,0.864233670438625,0.191767779590273,0.0393862013704711
,Mammalia,74,0.858559673587484,0.185422323091365,0.0368909913180598
,Mammalia,133,0.885025095586669,0.190079893911234,0.0387217101654408
,Mammalia,100,0.873652024441471,0.180209299289638,0.0359259526923808
,Mammalia,96,0.866260284295973,0.177830375267755,0.0349535629342945
,Mammalia,96,0.873895852705201,0.179522870591615,0.0358065308379361
,Mammalia,91,0.860755874026005,0.183036537799327,0.0369971064580313
,Mammalia,54,0.867840047209492,0.183368297076619,0.0369945151350187
,Mammalia,51,0.864826019276054,0.181091458882596,0.0364858100512555
,Mammalia,60,0.846719279997872,0.183875918188834,0.0374246222034452
,Mammalia,74,0.849624312862305,0.182376570191878,0.0361983978122652
,Mammalia,54,0.876471739393319,0.181846979504889,0.0358112095339914
,Mammalia,74,0.904838292826224,0.192241881908176,0.0392424692738281
,Mammalia,70,0.881787760206105,0.188866417371341,0.0379523863542681
,Mammalia,67,0.883450550333955,0.188384807774739,0.0377360399260302
,Mammalia,130,0.886885120577432,0.194325202946974,0.0403630359602993
,Mammalia,120,0.884603198614505,0.189795163201542,0.038877553953873
,Mammalia,100,0.891326971060383,0.184326557665639,0.0365293926915493
,Mammalia,103,0.894822301030995,0.182557426142376,0.0359377960292114
,Mammalia,101,0.895198168560962,0.185857401535961,0.0370002245162781
,Mammalia,105,0.88687914954493,0.184712421150347,0.0365624959045006
,Mammalia,99,0.886876211265965,0.184355449127431,0.0365049376577676
,Mammalia,84,0.869431374722729,0.17498207876418,0.0338407073624851
,Mammalia,67,0.874026250929123,0.186204218367312,0.0379991319211725
,Mammalia,60,0.871286608730888,0.179788731628515,0.0356061999699616
,Mammalia,54,0.865444784566692,0.181521763214562,0.0362782172562243
,Mammalia,52,0.855951986582906,0.182071505689022,0.0365120709440483
,Mammalia,59,0.836312924286493,0.182781930030189,0.0366267061711287
,Mammalia,68,0.860357140718436,0.182590627003074,0.0361346004094802
,Mammalia,65,0.859195390056977,0.18423543660961,0.0366535921482196
,Mammalia,64,0.861189393973012,0.184664138533758,0.03682993227943
,Mammalia,55,0.867149608981842,0.180165735092173,0.0351429890417303
,Mammalia,64,0.902198340171464,0.194234207296601,0.0402413154092789
,Mammalia,69,0.901892112568054,0.192281540210371,0.0392616177352996
,Mammalia,91,0.906060434048233,0.192982833318599,0.0393749876822808
,Mammalia,117,0.889715473086275,0.187425216828809,0.0373866025930005
,Mammalia,107,0.892684361845395,0.184817886988929,0.0366281187480298
,Mammalia,93,0.88832796290382,0.183341479376638,0.0359971401106379
,Mammalia,88,0.877970084860348,0.179715095232537,0.0350542413334289
,Mammalia,81,0.860881875007316,0.183433180525033,0.0366444459446076
,Mammalia,58,0.841906094087299,0.183350826543879,0.0367758586314538
,Mammalia,59,0.845975914030482,0.181945307654624,0.0363040882028368
,Mammalia,62,0.850324338216515,0.183570608436766,0.0367621767624881
,Mammalia,65,0.857049392004254,0.187459351010361,0.0378339628728544
,Mammalia,64,0.859000608899855,0.184422357757997,0.0367250435607892
,Mammalia,61,0.860881779696796,0.186304936680964,0.0373208845546487
,Mammalia,54,0.865422605760869,0.181411762675869,0.0355271080979622
,Mammalia,45,0.880471799191048,0.178773159415799,0.0346967524032684
,Mammalia,83,0.897287607626346,0.195312584108712,0.0402688832324305
,Mammalia,66,0.911539427548253,0.189507083381431,0.0384759884764011
,Mammalia,80,0.913600782279249,0.194578629023161,0.0402911806577412
,Mammalia,78,0.911048974662545,0.18655429682306,0.037603180410191
,Mammalia,82,0.909136565353377,0.186762925027083,0.0374420916028708
,Mammalia,109,0.875111469737879,0.186059287921751,0.0372156700037005
,Mammalia,73,0.873467766721435,0.17605267644595,0.0341222614540256
,Mammalia,73,0.868507262154532,0.17611721454652,0.0342400862685082
,Mammalia,81,0.863656645822889,0.181883095085806,0.0360257096949847
,Mammalia,75,0.876865514999289,0.186993664956318,0.0379056315241298
,Mammalia,50,0.856306898823283,0.180982711683725,0.0361946431480633
,Mammalia,49,0.862235777745088,0.182171727342468,0.0366269230601324
,Mammalia,48,0.867147932068777,0.181693399496902,0.0364380095965744
,Mammalia,58,0.850205728000066,0.183458046233066,0.0366970072319792
,Mammalia,70,0.853986353015219,0.186737301824755,0.037516269675531
,Mammalia,67,0.860352302074415,0.18496651271717,0.0368445752835331
,Mammalia,58,0.856171102490684,0.184152239196776,0.0364178159891802
,Mammalia,54,0.864431563762387,0.183023463377744,0.0360262204845988
,Mammalia,46,0.888350733997045,0.182791301186415,0.0360345597873501
,Mammalia,48,0.914652968217724,0.183528493279558,0.0373087648354504
,Mammalia,65,0.900650233964017,0.189645358358667,0.0388083454353484
,Mammalia,75,0.912361155819885,0.186388330734327,0.0373881989294443
,Mammalia,83,0.89607899955267,0.186538741729367,0.0372654570869418
,Mammalia,111,0.896922710459671,0.189987230681634,0.0385754896918875
,Mammalia,82,0.876288940082658,0.183533819729485,0.0367066339109909
,Mammalia,73,0.868683173691661,0.176075402882819,0.0341286923697377
,Mammalia,76,0.866656910016798,0.177119477890605,0.03460751078228
,Mammalia,78,0.867677553754464,0.180645728701,0.0354078879794
,Mammalia,77,0.871677213370424,0.186845271653419,0.0376227860028991
,Mammalia,42,0.880506992214376,0.178012511229258,0.0343554181412676
,Mammalia,57,0.850330249095802,0.183822760662907,0.0367959492502238
,Mammalia,66,0.856069976582307,0.184882755823277,0.0369423333369836
,Mammalia,44,0.915915124273012,0.180110277390642,0.036317128296017
,Mammalia,36,0.913468990354556,0.168949611542103,0.0329333555176707
,Mammalia,35,0.914356212962256,0.167016365016894,0.0323415621821158
,Mammalia,36,0.919440211638634,0.165587823742808,0.0319830583011653
,Mammalia,68,0.906201531835529,0.185150790299891,0.0377755087441906
,Mammalia,83,0.883254676847841,0.185713627739793,0.0372941505734854
,Mammalia,75,0.871595829002954,0.178584892373472,0.0348994895177258
,Mammalia,59,0.881235661391301,0.183239685321267,0.0358481858695805
,Mammalia,37,0.886096504224897,0.176805885749942,0.0343130172838189
,Mammalia,39,0.882701344563092,0.179627531295095,0.035214493390059
,Mammalia,70,0.861833245505514,0.1849496624523,0.0368707085584111
,Mammalia,50,0.873335521155462,0.181074921889652,0.0355368816470287
,Mammalia,43,0.881310474271212,0.179371471876986,0.0350285845636925
,Mammalia,32,0.908442574446638,0.167337419358412,0.0322914868274776
,Mammalia,29,0.902078127962044,0.151228288115629,0.0266631296490037
,Mammalia,31,0.91184881480835,0.162666026871725,0.0310575617761727
,Mammalia,35,0.899428508881121,0.162222074733014,0.0317511865783969
,Mammalia,55,0.904121015060259,0.179119129537691,0.0357412939293501
,Mammalia,63,0.907248793558479,0.188202209346139,0.0388622920001914
,Mammalia,70,0.900376737946081,0.183926433412008,0.036673343642113
,Mammalia,113,0.892663208031849,0.18781166091911,0.0377705312785926
,Mammalia,102,0.886229211318444,0.183677172226232,0.0361663729453304
,Mammalia,73,0.877637423127801,0.179720305767436,0.0351048549951436
,Mammalia,38,0.899391682578719,0.183145483541832,0.0362588450919341
,Mammalia,36,0.894992189559429,0.177026768225957,0.0343257853773344
,Mammalia,51,0.868899730960038,0.183127139516872,0.0364325048874255
,Mammalia,62,0.861535704118638,0.184892095957504,0.0366212485226211
,Mammalia,66,0.85834043046796,0.184417050759733,0.0367308895940744
,Mammalia,62,0.85655644416873,0.182129659287598,0.0359092094835877
,Mammalia,59,0.85953046510985,0.182665277853651,0.0360837451107593
,Mammalia,48,0.868604359909568,0.180250829460959,0.0353193797319227
,Mammalia,59,0.905858559022441,0.189099318126317,0.0384487027199234
,Mammalia,50,0.915666801271865,0.187648250492501,0.0383791144824525
,Mammalia,24,0.886322100307159,0.138128414843921,0.0234831330470171
,Mammalia,25,0.898478510557973,0.152338002385623,0.0283014328871544
,Mammalia,31,0.906146471240064,0.155455926370757,0.0288043970875231
,Mammalia,43,0.91528335475409,0.165559783605081,0.0320636527335054
,Mammalia,47,0.910625111894092,0.170697475807223,0.0335335874444241
,Mammalia,48,0.90342591900929,0.174544745550805,0.0343136111655663
,Mammalia,53,0.898887750422007,0.175103841510207,0.0343195130267007
,Mammalia,52,0.896480023635548,0.179251376902804,0.0360294030428506
,Mammalia,55,0.901377037407023,0.180488516628499,0.0363909458730484
,Mammalia,58,0.900330579296774,0.179629569129186,0.0356016114035761
,Mammalia,63,0.903317023106657,0.180272315471598,0.0355286825251853
,Mammalia,109,0.889590419069792,0.186825310525455,0.0374980818222115
,Mammalia,88,0.884294268406243,0.186114327300109,0.0371828796919727
,Mammalia,81,0.864458448575187,0.18442792576606,0.0368262162382143
,Mammalia,76,0.893307706235981,0.186195259681258,0.0373077452950429
,Mammalia,46,0.874256199915732,0.182695305533498,0.0363535726515529
,Mammalia,48,0.872668038489823,0.181433025039287,0.0362096188285827
,Mammalia,56,0.859236622947172,0.182219401388686,0.0362441417429524
,Mammalia,48,0.855631433930433,0.174130925061815,0.0334753593487212
,Mammalia,44,0.873180348954165,0.174753031083261,0.0336418611941828
,Mammalia,51,0.908091763671631,0.183167077853049,0.0366643671543799
,Mammalia,29,0.89909791463667,0.175171053748418,0.0347346295056827
,Mammalia,24,0.895327415747743,0.158605026544656,0.0306986219573945
,Mammalia,22,0.88758364837855,0.144724805694829,0.0264040972979993
,Mammalia,22,0.876082142982825,0.140246556711955,0.0245264820696734
,Mammalia,21,0.876311014098051,0.145555900887014,0.0256485697700065
,Mammalia,23,0.883227849257912,0.1424767830154,0.0245383830216892
,Mammalia,24,0.881856922818068,0.151250553968525,0.0283026266974342
,Mammalia,24,0.897354593054447,0.150347892065848,0.0281975367024006
,Mammalia,33,0.913250408633002,0.162375447598108,0.0310978191146254
,Mammalia,46,0.894854989775765,0.174508885935425,0.0340412035883861
,Mammalia,45,0.896390369849411,0.167060107626264,0.0319470680724162
,Mammalia,52,0.893863868848264,0.168457311313202,0.0327224866425972
,Mammalia,85,0.897512544015506,0.182202635135645,0.0362417559305918
,Mammalia,75,0.884022777374332,0.185208859985979,0.0369490547614133
,Mammalia,85,0.883428026573395,0.186998651562784,0.0375670072721666
,Mammalia,60,0.891633896766928,0.187625383156376,0.0376323435672024
,Mammalia,37,0.89860175539855,0.185677812172105,0.0371109473053943
,Mammalia,38,0.899770236607547,0.182659876702245,0.0362984402983806
,Mammalia,37,0.906740290309738,0.183056398104134,0.0365565352553995
,Mammalia,38,0.897045001217926,0.178336265031443,0.0350944725608526
,Mammalia,46,0.866280254322329,0.177217526735168,0.0348856655151272
,Mammalia,44,0.876504058827506,0.173255107220856,0.0333065644081187
,Mammalia,43,0.873633848397995,0.17231416554926,0.0330321908727594
,Mammalia,47,0.905092026310239,0.190435054759319,0.0390439047236299
,Mammalia,37,0.898829138285107,0.185549429445498,0.0378914481596252
,Mammalia,21,0.876311014098051,0.145555900887014,0.0256485697700065
,Mammalia,24,0.881856922818068,0.151250553968525,0.0283026266974342
,Mammalia,24,0.881856922818068,0.151250553968525,0.0283026266974342
,Mammalia,48,0.895423015866027,0.159641649409247,0.0299892453869357
,Mammalia,54,0.898751883769692,0.175365462061315,0.0348341765290217
,Mammalia,66,0.895904114245429,0.183194312237445,0.0368842135055106
,Mammalia,84,0.893700573350049,0.186946657464996,0.0375436262614083
,Mammalia,37,0.905703095192914,0.1840876054204,0.0367534704258576
,Mammalia,39,0.906731724737442,0.182923177491964,0.036595798912135
,Mammalia,37,0.900749943512462,0.176050073170629,0.0341342573804328
,Mammalia,38,0.872838779358151,0.170650892522129,0.0325349956030188
,Mammalia,41,0.868221413161368,0.178724071243585,0.0356617147278062
,Mammalia,33,0.86889184338457,0.173337008032412,0.0342219027115728
,Mammalia,43,0.906314842808878,0.188290943174399,0.0384833096471176
,Mammalia,34,0.901134805343916,0.182675342434804,0.0376095113373528
,Mammalia,25,0.893441114435977,0.165589296429278,0.0329028646951534
,Mammalia,19,0.882206768465762,0.144923070050708,0.024964304229331
,Mammalia,19,0.882206768465762,0.144923070050708,0.024964304229331
,Mammalia,19,0.878887969095589,0.148650713468043,0.026679416311382
,Mammalia,20,0.877950094294804,0.143553598975206,0.0251141075731825
,Mammalia,26,0.885887886753508,0.147582515841801,0.0268320613383634
,Mammalia,52,0.894480281037739,0.175843403818409,0.0351846636644198
,Mammalia,56,0.899795028828608,0.179668838116437,0.03560291443835
,Mammalia,69,0.893006741813359,0.182125015394999,0.0364724620343468
,Mammalia,93,0.897239713937021,0.183165451246882,0.0368165694503888
,Mammalia,107,0.9023788726141,0.184376656504461,0.0373023729945499
,Mammalia,92,0.898307896153081,0.184159578957416,0.036634063773677
,Mammalia,90,0.89209598134391,0.183142214006342,0.0363690080382338
,Mammalia,85,0.904063163939968,0.182107583004146,0.0356828143418768
,Mammalia,88,0.903150694153998,0.182313378397561,0.0356731940856438
,Mammalia,53,0.891838767536527,0.19058492873322,0.0389801416860024
,Mammalia,39,0.915204822749918,0.185793042717336,0.0372582024270743
,Mammalia,37,0.910889578763299,0.183902519491961,0.0364770045295832
,Mammalia,34,0.868345977963153,0.178785402709263,0.0355212344751853
,Mammalia,41,0.864560523112841,0.174396175657243,0.0337203816449564
,Mammalia,43,0.868403734944815,0.177493346453135,0.0352352231392512
,Mammalia,41,0.873446709311019,0.17877876721152,0.035532862593862
,Mammalia,46,0.901093193002732,0.190015347220286,0.0389058807958841
,Mammalia,31,0.903312869738053,0.174635657055236,0.0350895116563254
,Mammalia,26,0.884684899101866,0.165540015535929,0.0326991506492892
,Mammalia,19,0.888378588870629,0.150326916374469,0.0272436823526613
,Mammalia,18,0.884778083448218,0.144946082001863,0.0250670809125217
,Mammalia,21,0.878992972108225,0.144238829960174,0.0252089787643336
,Mammalia,20,0.877950094294804,0.143553598975206,0.0251141075731825
,Mammalia,47,0.894784076177369,0.168997989371903,0.0334879962930728
,Mammalia,103,0.897835719516101,0.17994840532582,0.0358712412991744
,Mammalia,107,0.903767665914716,0.177864907917862,0.0351450384830934
,Mammalia,106,0.905599148990544,0.181878785579965,0.0361254181541589
,Mammalia,75,0.892592257594191,0.18512034324632,0.0370747662903416
,Mammalia,36,0.904789373459347,0.189777986161742,0.0387933789241111
,Mammalia,32,0.858530962788093,0.172447717637108,0.0335548924782733
,Mammalia,33,0.851155813439172,0.173319710794612,0.0337496185009791
,Mammalia,29,0.885200100112176,0.181982883345646,0.0369779547107111
,Mammalia,19,0.882206768465762,0.144923070050708,0.024964304229331
,Mammalia,18,0.884778083448218,0.144946082001863,0.0250670809125217
,Mammalia,19,0.878887969095589,0.148650713468043,0.026679416311382
,Mammalia,27,0.885778424434503,0.144731779315385,0.0247698914747754
,Mammalia,46,0.88594954255085,0.167025717770926,0.0330752347584006
,Mammalia,58,0.885659382463855,0.175979463454537,0.0347591128581648
,Mammalia,75,0.878503528964064,0.177979860401008,0.0353738883885028
,Mammalia,98,0.903373965379309,0.179259956418315,0.0357456828436103
,Mammalia,104,0.902476726317653,0.1782766506809,0.0346817895590208
,Mammalia,71,0.892288394798888,0.188197086785501,0.0382269872039256
,Mammalia,42,0.897722264509911,0.18643609263913,0.0374961667253502
,Mammalia,33,0.845789029641402,0.175055375811794,0.0342081186117071
,Mammalia,33,0.886947861234834,0.184428821819057,0.0374482886203732
,Mammalia,28,0.885043621715275,0.181118667653509,0.0368450415281398
,Mammalia,29,0.894754139410598,0.18603284213756,0.0387526752528059
,Mammalia,28,0.896322463390496,0.163371900231624,0.03159698794012
,Mammalia,23,0.881349177720094,0.149238248013838,0.0270797360360926
,Mammalia,18,0.884778083448218,0.144946082001863,0.0250670809125217
,Mammalia,18,0.884778083448218,0.144946082001863,0.0250670809125217
,Mammalia,18,0.884778083448218,0.144946082001863,0.0250670809125217
,Mammalia,47,0.890044390469368,0.167643254595173,0.0323288464135804
,Mammalia,45,0.886723309376913,0.165382679457213,0.0318968790870088
,Mammalia,41,0.873340005945585,0.142991994844205,0.0240477955570243
,Mammalia,84,0.89093774932337,0.179453766035782,0.035862574108232
,Mammalia,92,0.899436783314996,0.175636170326011,0.0340826268744632
,Mammalia,101,0.906272304198712,0.177442079239,0.0345693036107479
,Mammalia,83,0.899307858457419,0.18006397214901,0.0353383261385358
,Mammalia,69,0.890116963382324,0.18585094521106,0.0373405873071178
,Mammalia,51,0.907934455877252,0.182859741604254,0.0359965222799486
,Mammalia,47,0.905851211112808,0.186138124116397,0.0371542483692812
,Mammalia,35,0.857589982321229,0.174025754285485,0.0342250190093378
,Mammalia,32,0.863103431630472,0.175208584655122,0.0347485102605394
,Mammalia,29,0.860957174938435,0.177230735238122,0.0357788835421966
,Mammalia,28,0.882689498911935,0.17857869902854,0.0360570184170144
,Mammalia,27,0.882425223306654,0.177646505136007,0.0356360505361949
,Mammalia,32,0.90894313982985,0.168423176649267,0.0319331953549017
,Mammalia,18,0.884778083448218,0.144946082001863,0.0250670809125217
,Mammalia,18,0.884778083448218,0.144946082001863,0.0250670809125217
,Mammalia,19,0.886303459219171,0.142481415990399,0.0243452343266495
,Mammalia,20,0.891952133243498,0.133274037383538,0.0210461676311884
,Mammalia,24,0.880915461196094,0.138778919702829,0.0218192960879448
,Mammalia,43,0.88195435744102,0.154519851782116,0.0278123617943201
,Mammalia,42,0.880388931875337,0.14239057336397,0.0238313640065933
,Mammalia,57,0.882247311962703,0.169674657929003,0.0326894960982004
,Mammalia,88,0.899454445029475,0.172999611582073,0.0337770046415189
,Mammalia,80,0.900058101156401,0.177806619411026,0.0349945785650922
,Mammalia,80,0.899163283986402,0.173530461472987,0.033390348878623
,Mammalia,60,0.893184280408079,0.178696651879938,0.035082333553207
,Mammalia,29,0.884725698102507,0.176784173107584,0.0352413932875898
,Mammalia,27,0.884901937427501,0.181416301958236,0.0372866965760996
,Mammalia,27,0.878799054349081,0.18407800175096,0.0381561232133282
,Mammalia,24,0.900633838292762,0.162823221252345,0.0309913998347989
,Mammalia,20,0.887976679438344,0.153603822699563,0.0274917187531809
,Mammalia,18,0.884778083448218,0.144946082001863,0.0250670809125217
,Mammalia,19,0.888378588870629,0.150326916374469,0.0272436823526613
,Mammalia,20,0.888627478534575,0.147965886970842,0.0265171433922847
,Mammalia,19,0.887906113089142,0.13572235507243,0.0216781062909266
,Mammalia,53,0.887611624157117,0.170774410139274,0.0328936757008969
,Mammalia,60,0.891179676784382,0.170710856436772,0.032680909373185
,Mammalia,68,0.889606412596962,0.172170765280215,0.0333583348772143
,Mammalia,72,0.890693291620396,0.166180283856723,0.031008048829238
,Mammalia,49,0.888125904018376,0.172337359078198,0.0332994869612119
,Mammalia,55,0.89949048619416,0.177688747999563,0.0350192570042742
,Mammalia,52,0.905072471366278,0.182132398280218,0.0359686128309901
,Mammalia,42,0.905696036559716,0.176908030432825,0.034812403904794
,Mammalia,37,0.900901307987315,0.175854297931124,0.0349726144015462
,Mammalia,33,0.881893186374001,0.185158814000805,0.0385416775132717
,Mammalia,32,0.907287060999951,0.168648206603472,0.031588923050001
,Mammalia,25,0.91850973497426,0.163086821498869,0.0301422056397357
,Mammalia,25,0.900451620370201,0.155896091790651,0.028335366653798
,Mammalia,18,0.884778083448218,0.144946082001863,0.0250670809125217
,Mammalia,19,0.888378588870629,0.150326916374469,0.0272436823526613
,Mammalia,20,0.888627478534575,0.147965886970842,0.0265171433922847
,Mammalia,21,0.881692109595057,0.15114159982091,0.0277499217950904
,Mammalia,19,0.887906113089142,0.13572235507243,0.0216781062909266
,Mammalia,23,0.888014921083691,0.136627827480543,0.0215865798239496
,Mammalia,25,0.878395559559173,0.144774426917876,0.0244154145027647
,Mammalia,33,0.885822024258262,0.13858778613872,0.0222384282946535
,Mammalia,33,0.889902274238886,0.138679529547318,0.0223984842848599
,Mammalia,36,0.876573024473758,0.144190223962767,0.0246980184929728
,Mammalia,49,0.888101251288179,0.159404619035651,0.0294515558002203
,Mammalia,78,0.891068318971718,0.166277307649965,0.0314095738847303
,Mammalia,65,0.884261187351809,0.171595389861911,0.0334271527294261
,Mammalia,71,0.88191493538103,0.166654647368256,0.0316344626623973
,Mammalia,68,0.888258761897844,0.166427865055464,0.0311660617915226
,Mammalia,34,0.884026514099867,0.178879689735818,0.0364243234755239
,Mammalia,27,0.911024277648175,0.157285414652291,0.0283223143444642
,Mammalia,22,0.894379634681474,0.151766644426122,0.0267019399782454
,Mammalia,19,0.880218595873517,0.143967815142783,0.024763311506632
,Mammalia,18,0.884778083448218,0.144946082001863,0.0250670809125217
,Mammalia,18,0.884778083448218,0.144946082001863,0.0250670809125217
,Mammalia,18,0.884778083448218,0.144946082001863,0.0250670809125217
,Mammalia,20,0.888627478534575,0.147965886970842,0.0265171433922847
,Mammalia,20,0.889955822819211,0.142261762203704,0.0237369264938897
,Mammalia,20,0.889955822819211,0.142261762203704,0.0237369264938897
,Mammalia,24,0.879495102513214,0.139468248630466,0.0224874748868348
,Mammalia,27,0.86459879590873,0.141857875352503,0.023502591552482
,Mammalia,30,0.881217104214864,0.135418560436986,0.0220469451365374
,Mammalia,31,0.875495694632081,0.140946270744806,0.0237085872203803
,Mammalia,35,0.874670979717063,0.136773530297642,0.0222397711620305
,Mammalia,65,0.882823382997525,0.164536489964626,0.0308295428815004
,Mammalia,60,0.886585027060783,0.162277823172282,0.0300742056704023
,Mammalia,51,0.887940844032479,0.16617316735142,0.0317689822217416
,Mammalia,49,0.898017170107594,0.165730109111763,0.0313817252150365
,Mammalia,50,0.901963530209106,0.178752596004718,0.0355285578426161
,Mammalia,46,0.901153435473146,0.183154642267102,0.0370975932690797
,Mammalia,32,0.899590804135145,0.179676709148273,0.0365606396058541
,Mammalia,30,0.88976466363629,0.178331339320847,0.0358022942080331
,Mammalia,28,0.876782096794012,0.177785421825515,0.0359636087624712
,Mammalia,30,0.881214014767399,0.17611440018092,0.0356682051988831
,Mammalia,29,0.892269988962956,0.177789765767854,0.0362966378245194
,Mammalia,27,0.89196264800058,0.17490542583812,0.0354923348394923
,Mammalia,33,0.912171343793531,0.158536112522848,0.0284818126770109
,Mammalia,23,0.898286211120819,0.150486284367982,0.0263279359226988
,Mammalia,22,0.894379634681474,0.151766644426122,0.0267019399782454
,Mammalia,20,0.883198023955375,0.149023646456307,0.0268057062696789
,Mammalia,20,0.883198023955375,0.149023646456307,0.0268057062696789
,Mammalia,20,0.883198023955375,0.149023646456307,0.0268057062696789
,Mammalia,21,0.885318999407678,0.146465555867324,0.0260875072168882
,Mammalia,19,0.888378588870629,0.150326916374469,0.0272436823526613
,Mammalia,20,0.889955822819211,0.142261762203704,0.0237369264938897
,Mammalia,22,0.882316556836243,0.142950384153486,0.0235045149871012
,Mammalia,32,0.878494628290356,0.136702164337938,0.0217162665820685
,Mammalia,53,0.89885218036916,0.163029900225195,0.0303999250923391
,Mammalia,62,0.902007152542499,0.165964332061553,0.0315505625334959
,Mammalia,57,0.901529889080044,0.168659991861109,0.032174048406369
,Mammalia,54,0.895121451104166,0.17250955398282,0.0335145470458821
,Mammalia,53,0.882528275440565,0.166758898716502,0.031755080573421
,Mammalia,51,0.887066902974533,0.159733478417619,0.0295829858369925
,Mammalia,48,0.903542195278702,0.179903161231496,0.0360241671688537
,Mammalia,47,0.906549482957496,0.179045195109962,0.0356221238854522
,Mammalia,29,0.874635552274854,0.17712589690842,0.0360617659786882
,Mammalia,27,0.87822944342198,0.179069100468247,0.0372206811998354
,Mammalia,25,0.881475189994353,0.178781408195572,0.0370920318641199
,Mammalia,20,0.883198023955375,0.149023646456307,0.0268057062696789
,Mammalia,21,0.884249131606363,0.151516085975779,0.0273704075100763
,Mammalia,22,0.882316556836243,0.142950384153486,0.0235045149871012
,Mammalia,23,0.881453283568965,0.146499276313411,0.0250127665232961
,Mammalia,37,0.88699326531873,0.146838454465185,0.0249851443019278
,Mammalia,37,0.884448141002679,0.143840840545808,0.023993548217037
,Mammalia,44,0.8834503187899,0.145734790114919,0.0250651973426443
,Mammalia,45,0.88930666499174,0.15173213041084,0.0269941203707719
,Mammalia,50,0.899125690840504,0.162725781426044,0.0299437213176594
,Mammalia,45,0.912083170363856,0.168277221951609,0.0320589320421898
,Mammalia,55,0.889753392226243,0.164114814507303,0.0309051670054978
,Mammalia,44,0.885638481766199,0.16073320097681,0.030170337668028
,Mammalia,49,0.901707359331135,0.178781381729941,0.0356216183165575
,Mammalia,46,0.899813205633426,0.182430537856434,0.0369457003036356
,Mammalia,31,0.889165590058502,0.181083178766588,0.0373231404427987
,Mammalia,32,0.892647351315718,0.17874297303295,0.0365542762822178
,Mammalia,28,0.875932714404676,0.178258384148425,0.0365574640016142
,Mammalia,27,0.873823263998055,0.176368681850242,0.0363682952822292
,Mammalia,27,0.87822944342198,0.179069100468247,0.0372206811998354
,Mammalia,25,0.881475189994353,0.178781408195572,0.0370920318641199
,Mammalia,25,0.881475189994353,0.178781408195572,0.0370920318641199
,Mammalia,25,0.905017334514696,0.158460027314189,0.0287247692204247
,Mammalia,21,0.896328487193764,0.149567254825681,0.0266761304699312
,Mammalia,21,0.882538765743154,0.147780882852517,0.0264199954254666
,Mammalia,19,0.878191915605162,0.153212242120384,0.0279878223694026
,Mammalia,20,0.878773752645051,0.150127184589621,0.0271497648218868
,Mammalia,20,0.878773752645051,0.150127184589621,0.0271497648218868
,Mammalia,20,0.889955822819211,0.142261762203704,0.0237369264938897
,Mammalia,31,0.894626432449232,0.149217107319444,0.0258061319056792
,Mammalia,56,0.896877517920315,0.160326666812165,0.0294963108441659
,Mammalia,49,0.878014267359765,0.152439225841768,0.0269213036136323
,Mammalia,42,0.890999341335392,0.166024451244542,0.0316350385283946
,Mammalia,43,0.895791119247954,0.169867153640357,0.032605516705493
,Mammalia,49,0.895276821466903,0.174763116239834,0.0343246083582211
,Mammalia,48,0.897139370705929,0.176407716011063,0.0348324150456566
,Mammalia,33,0.875935886540539,0.174771474603292,0.0354068873095514
,Mammalia,30,0.895773979225722,0.176718432041866,0.0362484172974709
,Mammalia,27,0.889223753857902,0.177358288983598,0.0367537558401068
,Mammalia,27,0.889223753857902,0.177358288983598,0.0367537558401068
,Mammalia,26,0.890440778004346,0.17725796757078,0.0365971157629286
,Mammalia,24,0.894509680568362,0.176424422078717,0.0362096128350376
,Mammalia,24,0.894509680568362,0.176424422078717,0.0362096128350376
,Mammalia,23,0.88895825251378,0.174976920374114,0.0357771130580299
,Mammalia,30,0.907423851249449,0.161604199124909,0.0297053641943637
,Mammalia,27,0.905851084048094,0.162315074973624,0.0304857482273605
,Mammalia,19,0.878191915605162,0.153212242120384,0.0279878223694026
,Mammalia,20,0.878773752645051,0.150127184589621,0.0271497648218868
,Mammalia,20,0.878773752645051,0.150127184589621,0.0271497648218868
,Mammalia,24,0.889690341320063,0.155107517222089,0.0282750624003063
,Mammalia,26,0.906157393746305,0.147927873613819,0.0248847186384394
,Mammalia,27,0.888682223201325,0.149330484001396,0.0255435531665168
,Mammalia,30,0.889065808657195,0.151926546214807,0.0265766577429989
,Mammalia,31,0.872973827209416,0.147453289270068,0.0261671538439205
,Mammalia,26,0.897401324657761,0.151803808114226,0.0273454434660705
,Mammalia,36,0.881947686438228,0.136861168307654,0.0215457302362997
,Mammalia,43,0.880538546580764,0.152253106756691,0.0272596253582072
,Mammalia,53,0.882112987807185,0.150977542241357,0.0264592314261199
,Mammalia,49,0.879334119660191,0.1529379640994,0.0274997185101104
,Mammalia,42,0.890751609233446,0.158988958907597,0.0294882567249792
,Mammalia,45,0.896171859139836,0.172157527156008,0.0334507079237315
,Mammalia,48,0.893297330411624,0.174642491351874,0.0343088822425751
,Mammalia,23,0.88895825251378,0.174976920374114,0.0357771130580299
,Mammalia,23,0.88895825251378,0.174976920374114,0.0357771130580299
,Mammalia,23,0.88895825251378,0.174976920374114,0.0357771130580299
,Mammalia,23,0.879235322839785,0.176567915397662,0.0361963485509387
,Mammalia,23,0.879235322839785,0.176567915397662,0.0361963485509387
,Mammalia,32,0.91256303612267,0.157508006465428,0.0289818104139042
,Mammalia,25,0.903225584208714,0.147326556927739,0.0257413054216899
,Mammalia,20,0.888650205499184,0.151593773997189,0.0271860707320358
,Mammalia,20,0.888650205499184,0.151593773997189,0.0271860707320358
,Mammalia,27,0.885854562060115,0.157127171638201,0.0294673174633016
,Mammalia,29,0.887554327866341,0.150653118294684,0.0261385011764311
,Mammalia,26,0.919502554318299,0.152377590748229,0.0273574170716521
,Mammalia,32,0.907180468459611,0.150662320471482,0.0260649679405578
,Mammalia,34,0.904386933269708,0.144912463394975,0.0242316767740095
,Mammalia,45,0.886443382842386,0.155021356660746,0.0276396627446503
,Mammalia,46,0.876734783633363,0.161037163117934,0.0292818310795188
,Mammalia,47,0.890449899445838,0.150144512809073,0.0266157974328922
,Mammalia,47,0.893373663033948,0.156382044488105,0.0285173401000586
,Mammalia,49,0.907644026628357,0.174390009067551,0.0340944592781183
,Mammalia,33,0.882626660596148,0.183071588421531,0.0382022020868963
,Mammalia,29,0.884513198340686,0.180921982224446,0.0383828982150579
,Mammalia,27,0.895764348495484,0.173909140067985,0.0353944356039938
,Mammalia,24,0.881835078048921,0.178846216405717,0.0367345774039915
,Mammalia,24,0.881835078048921,0.178846216405717,0.0367345774039915
,Mammalia,28,0.911430483923991,0.152023429068299,0.0274278707855685
,Mammalia,25,0.898314734269236,0.158094524079729,0.0294443055690859
,Mammalia,21,0.89216673749542,0.152574541310678,0.0275468599877011
,Mammalia,26,0.877904726205529,0.156795350136026,0.0296381695432601
,Mammalia,27,0.885854562060115,0.157127171638201,0.0294673174633016
,Mammalia,32,0.894982798344763,0.147421665639002,0.0255846304517147
,Mammalia,30,0.901879950683725,0.161545566189046,0.0301225765206162
,Mammalia,29,0.91274825501432,0.153245552030495,0.0272169001196486
,Mammalia,32,0.913343737764675,0.154266893234335,0.0269728103830282
,Mammalia,32,0.905150027800735,0.142466157915349,0.0236466034063316
,Mammalia,56,0.894393637827796,0.148983356140603,0.0257933830310321
,Mammalia,48,0.90081503529866,0.168340258239467,0.0320649860052167
,Mammalia,48,0.896900010169199,0.166982774818613,0.031778135622158
,Mammalia,33,0.888215151717244,0.174078611218312,0.0347790156035389
,Mammalia,24,0.90081636145092,0.150555962090613,0.02612418116038
,Mammalia,24,0.895760123989926,0.146076064983797,0.0247856974356993
,Mammalia,24,0.894790253844075,0.142721730815226,0.0251639089147835
,Mammalia,26,0.880052232923197,0.16005993919924,0.0307019626040113
,Mammalia,32,0.893963161605043,0.154536378347781,0.0285090821525043
,Mammalia,31,0.906852065683357,0.155116844813431,0.0278022843835513
,Mammalia,36,0.892813472584367,0.138801161397673,0.0220952381376902
,Mammalia,53,0.892576378294079,0.14972398920385,0.0259895022089645
,Mammalia,59,0.89689102480899,0.149380632136827,0.0258334313952545
,Mammalia,42,0.8882452229717,0.157133841104664,0.0280260806196944
,Mammalia,32,0.862699879689994,0.158403370689706,0.0291814028299109
,Mammalia,46,0.884544841866357,0.15670124891222,0.0287796959127265
,Mammalia,44,0.894789436870635,0.150935424287149,0.0271126551153199
,Mammalia,51,0.896364526975865,0.165684335994896,0.0313913982895706
,Mammalia,49,0.893716399066098,0.174957332463508,0.0345841122056742
,Mammalia,31,0.895280797466273,0.179599952129167,0.0365326054895878
,Mammalia,27,0.900584237623142,0.145061539912401,0.0249214291312683
,Mammalia,25,0.896754035723886,0.142432159363197,0.0239639431034905
,Mammalia,26,0.900243164994248,0.150283397795281,0.0267021906913901
,Mammalia,25,0.894582898913807,0.154143527517344,0.0278429325614457
,Mammalia,27,0.89073870947327,0.15868109902382,0.0302848521148769
,Mammalia,30,0.89218068431903,0.143867570790211,0.0250882718814435
,Mammalia,34,0.912298077423949,0.150517690500345,0.026471646186294
,Mammalia,34,0.918382809474631,0.149282431374968,0.0253486750007774
,Mammalia,45,0.898388926888581,0.143602300971511,0.0244605175766076
,Mammalia,48,0.897159345953201,0.144593696241106,0.0245353831017132
,Mammalia,42,0.890806718523558,0.152644778746684,0.0268005554027753
,Mammalia,32,0.88074525914488,0.148411793026655,0.0259064121473724
,Mammalia,31,0.865979006886798,0.149382211146042,0.0262481093371072
,Mammalia,31,0.867802898203153,0.147287708871873,0.0258758655137854
,Mammalia,39,0.859653623660707,0.151971627122999,0.0274886210103037
,Mammalia,44,0.901633587170275,0.152482409390175,0.0276531466699676
,Mammalia,54,0.894837664080803,0.164370750560763,0.0310707885073538
,Mammalia,53,0.897774271445856,0.166098757635634,0.0316079997237594
,Mammalia,40,0.895967955240231,0.172619679986952,0.0339136168643502
,Mammalia,38,0.898627818639268,0.172882810318175,0.034227974882516
,Mammalia,33,0.889409062817781,0.173773032481687,0.0348256022297419
,Mammalia,32,0.889015914123669,0.172523225407735,0.0332094584429082
,Mammalia,29,0.901830774180896,0.166588866441084,0.0307842780796207
,Mammalia,28,0.914024754762018,0.151051625731198,0.0263704813145793
,Mammalia,29,0.920044006330297,0.147624665488124,0.0253595610518301
,Mammalia,31,0.899296462359602,0.152556115001022,0.0271515159258173
,Mammalia,28,0.902988636266842,0.14743391045697,0.02553179723353
,Mammalia,25,0.900944870337526,0.149172551380716,0.0264184906414537
,Mammalia,27,0.901156408361396,0.14951245246442,0.0261243974779068
,Mammalia,28,0.909259192759095,0.148239067291627,0.0255466653727866
,Mammalia,33,0.912840665848383,0.14445195576822,0.0243128536030199
,Mammalia,34,0.900136529022642,0.142347164759,0.0249677436617871
,Mammalia,36,0.903957732421205,0.142879431741472,0.024966970442696
,Mammalia,33,0.917533328310171,0.140018735780562,0.0229400343055907
,Mammalia,36,0.914965840046884,0.140003551463338,0.0230936961266145
,Mammalia,37,0.899390573222145,0.154882779359322,0.0280657438811846
,Mammalia,56,0.893650777691115,0.147643645373258,0.0252980494685493
,Mammalia,28,0.84908449664631,0.146580028716225,0.0258999968743998
,Mammalia,28,0.84908449664631,0.146580028716225,0.0258999968743998
,Mammalia,31,0.850776294583374,0.15083769930986,0.027049202554895
,Mammalia,41,0.899567789383259,0.150055106986115,0.0269536922916943
,Mammalia,43,0.898647645851,0.150844206301639,0.0270209297929938
,Mammalia,42,0.891129292275263,0.155233310028533,0.028090858585568
,Mammalia,50,0.892245126738849,0.163586019440308,0.030676938742218
,Mammalia,50,0.884905268952861,0.167925606941644,0.0323782738417241
,Mammalia,43,0.891742972390322,0.175215933946089,0.0349878534837004
,Mammalia,29,0.898877712115475,0.177869854333048,0.0358550507135035
,Mammalia,30,0.89953585853715,0.179342063400267,0.03623632267352
,Mammalia,30,0.888851972964012,0.177793090978856,0.0350378179114754
,Mammalia,36,0.906212486540337,0.162118759073879,0.0297009256504005
,Mammalia,29,0.903138810126979,0.14564308027781,0.0249732050870411
,Mammalia,32,0.912342794610547,0.143763795353752,0.0240229900764668
,Mammalia,37,0.904838588822899,0.147240417061637,0.025711062794778
,Mammalia,40,0.915574073301915,0.154513365141375,0.0278006861041767
,Mammalia,40,0.918658204731245,0.162379428758674,0.0310024166854526
,Mammalia,39,0.906553100864967,0.154982565095827,0.0276602259774309
,Mammalia,49,0.894131201520856,0.1560894895611,0.0273056368551957
,Mammalia,58,0.897269949465693,0.148004754185168,0.0252037909539155
,Mammalia,25,0.848411408955346,0.141715563732291,0.0247003250747837
,Mammalia,42,0.88482525012008,0.145861344685996,0.0255838164161695
,Mammalia,37,0.913238326352111,0.180038449980992,0.036133699949135
,Mammalia,33,0.911509492678325,0.174392263160333,0.0337707955797897
,Mammalia,25,0.906782636106458,0.148410850678079,0.0259766624836129
,Mammalia,24,0.907346968212785,0.148053164104767,0.0260138775854673
,Mammalia,24,0.907346968212785,0.148053164104767,0.0260138775854673
,Mammalia,26,0.908170186169003,0.145490494882449,0.0251342386087593
,Mammalia,38,0.914135935264312,0.157597410505451,0.0286353918756792
,Mammalia,42,0.900868103966443,0.162559472700312,0.0300000954775187
,Mammalia,41,0.880801145579728,0.161070277139463,0.029600932648981
,Mammalia,29,0.85377431168352,0.139982681013307,0.0240404183241432
,Mammalia,26,0.843615689206724,0.138120929585525,0.0242348743965223
,Mammalia,28,0.847921403481894,0.138720759645384,0.0238683631733981
,Mammalia,29,0.845389627486078,0.14302321337862,0.0253497422649156
,Mammalia,32,0.858551571775244,0.151855294505711,0.0272459313759783
,Mammalia,37,0.869512492164776,0.152240622447725,0.0276621482304434
,Mammalia,40,0.88229887294398,0.147072785944515,0.0262963033226385
,Mammalia,46,0.901483311304048,0.148445242520009,0.0260925689470291
,Mammalia,44,0.890497450256728,0.154236082820267,0.0277143783971581
,Mammalia,44,0.887111920015902,0.160232266547673,0.0296018333180399
,Mammalia,45,0.900945359707505,0.159835682793426,0.0294106525672587
,Mammalia,49,0.888652287138053,0.168591662337797,0.032624327884018
,Mammalia,47,0.890966695942105,0.166635749829163,0.0320189329074687
,Mammalia,46,0.90830913608304,0.180691445308206,0.0361747547054497
,Mammalia,35,0.899445331734137,0.188837007973209,0.039366316676677
,Mammalia,34,0.912381625000207,0.17447713447453,0.0338373359669337
,Mammalia,36,0.914943580722766,0.178174675051758,0.0349756096858811
,Mammalia,39,0.909032758732468,0.162347128724374,0.0298956986362195
,Mammalia,37,0.920681594108455,0.152409822851281,0.0264787909355821
,Mammalia,31,0.904300626399766,0.145104461049299,0.0245160464036213
,Mammalia,23,0.894184722963077,0.145365752229624,0.0256320046687138
,Mammalia,23,0.905412445510358,0.160648292199067,0.0314005485095077
,Mammalia,19,0.919377139726058,0.142935745655049,0.024203784944955
,Mammalia,29,0.905053860621205,0.143980949301282,0.024171417231003
,Mammalia,32,0.904774143339742,0.153399590536965,0.027621149732893
,Mammalia,28,0.902157150397428,0.157567963876786,0.0289032875579789
,Mammalia,34,0.890708849102522,0.159778479909921,0.0298926341456834
,Mammalia,37,0.875255456005029,0.156051026239948,0.0284767591361988
,Mammalia,37,0.880679048999701,0.149819626839787,0.0264143626463827
,Mammalia,35,0.871545908041713,0.14872814439213,0.0263966102829721
,Mammalia,29,0.853830708869873,0.140462627335523,0.0243078360809899
,Mammalia,30,0.85889250335026,0.149821437115215,0.0267605917276048
,Mammalia,50,0.88645078553201,0.144137528715265,0.0245494271063376
,Mammalia,44,0.88978017301325,0.152497790084958,0.027137252395338
,Mammalia,44,0.890101750713886,0.170352345605777,0.0335574794423177
,Mammalia,39,0.908868830120913,0.185658546163361,0.0380317410707538
,Mammalia,39,0.919226088671191,0.184008738757787,0.0369541325836847
,Mammalia,39,0.913089323691126,0.184839118549119,0.0373828937873439
,Mammalia,40,0.90680630305325,0.160685550575478,0.0294186796837506
,Mammalia,37,0.922264964975431,0.152757370200506,0.0266306615516659
,Mammalia,30,0.907114579558024,0.151942001781319,0.026660262983318
,Mammalia,26,0.90789649642487,0.150525076333922,0.0267219734256104
,Mammalia,22,0.896113297450796,0.147173127042023,0.0263085722051594
,Mammalia,22,0.896113297450796,0.147173127042023,0.0263085722051594
,Mammalia,20,0.912251428331997,0.156066757981172,0.0296272010372632
,Mammalia,22,0.908235745784828,0.152468749688995,0.0271597996813979
,Mammalia,21,0.906027066440247,0.145422582342285,0.0245241549015087
,Mammalia,21,0.906027066440247,0.145422582342285,0.0245241549015087
,Mammalia,22,0.904315235629366,0.14304707741164,0.0238544390968089
,Mammalia,25,0.913129361694943,0.157151821736404,0.0291188051889931
,Mammalia,30,0.89141584107189,0.153579902382714,0.028505864734728
,Mammalia,34,0.884101687789966,0.138062715904312,0.0227085705100668
,Mammalia,35,0.883418754804606,0.141637753916326,0.0238649948699902
,Mammalia,33,0.871772599275477,0.14603155646989,0.0254669395262732
,Mammalia,29,0.853112291317075,0.142827796223157,0.0247947936325892
,Mammalia,29,0.856239444399505,0.149873598996238,0.0269398551754992
,Mammalia,49,0.891125305994439,0.143098263615911,0.0240541881021283
,Mammalia,46,0.891672338777613,0.144142651773296,0.024660578707853
,Mammalia,41,0.898407290615679,0.144545300585521,0.0249455898579069
,Mammalia,41,0.898407290615679,0.144545300585521,0.0249455898579069
,Mammalia,40,0.899576501786981,0.152312078616283,0.027140337633366
,Mammalia,43,0.908141758554956,0.168941076386056,0.0327520351807418
,Mammalia,39,0.879664798303952,0.18111632938848,0.0369593833030696
,Mammalia,38,0.891636610584706,0.187426275044411,0.0387208353874108
,Mammalia,38,0.891804504221813,0.18467028859762,0.0379503079302457
,Mammalia,38,0.915778113674745,0.183217521927139,0.0369518270357343
,Mammalia,38,0.925003180756334,0.177659545409542,0.0345381285695718
,Mammalia,44,0.914641675755073,0.182388658205966,0.0363424649637002
,Mammalia,46,0.905395010700917,0.178890902980921,0.0346688273213455
,Mammalia,38,0.910705951188583,0.174480746514439,0.0341070900063171
,Mammalia,41,0.908998068098581,0.160054902960441,0.0289519405366878
,Mammalia,22,0.909840544842984,0.149449914758169,0.0268111594980128
,Mammalia,22,0.89448449451174,0.15434391695236,0.0286510679398452
,Mammalia,21,0.904774936267618,0.162407728509975,0.0315542914279002
,Mammalia,21,0.904774936267618,0.162407728509975,0.0315542914279002
,Mammalia,21,0.917452625794844,0.152400311760053,0.0272387966947273
,Mammalia,33,0.873936469923871,0.141455856319347,0.024288322650007
,Mammalia,36,0.885950069600552,0.146729499482981,0.0256109227579027
,Mammalia,29,0.857926393768262,0.144892721293784,0.0253524748251281
,Mammalia,32,0.86048450048882,0.139305361172516,0.0232345205130888
,Mammalia,42,0.887247198906087,0.148716958123008,0.0260414200854528
,Mammalia,43,0.887463496162035,0.150985439628286,0.0267591117348107
,Mammalia,44,0.889559893471562,0.151576795485013,0.0268536625160512
,Mammalia,44,0.896185516909498,0.148128603926941,0.0256118315176202
,Mammalia,42,0.893534112585749,0.147937614884176,0.0257977296309924
,Mammalia,42,0.893534112585749,0.147937614884176,0.0257977296309924
,Mammalia,40,0.885902968869849,0.14441375308536,0.0248454080331249
,Mammalia,39,0.88806520319251,0.145373736475547,0.0251836165166671
,Mammalia,39,0.88806520319251,0.145373736475547,0.0251836165166671
,Mammalia,41,0.895541671766726,0.144926308903539,0.0251152243140738
,Mammalia,44,0.904108521189071,0.158152301596635,0.0291930674275119
,Mammalia,37,0.897984621285785,0.177308453007294,0.0357662121276563
,Mammalia,39,0.907697899559468,0.177066920341409,0.0353136213820327
,Mammalia,40,0.914553709931656,0.173207707605758,0.0334940828754098
,Mammalia,40,0.913991167400025,0.180408504425244,0.0357097558450805
,Mammalia,42,0.918270171605825,0.18005331292954,0.0354045093892129
,Mammalia,45,0.918066301231729,0.18126194842939,0.0358656145889979
,Mammalia,45,0.904626771039953,0.182358262989882,0.0358567170265496
,Mammalia,46,0.911408583106387,0.182676016903715,0.0359732927183789
,Mammalia,35,0.902586732190999,0.169969901525139,0.0327226537418075
,Mammalia,28,0.890287600197081,0.158199798378643,0.0293031385384745
,Mammalia,19,0.901680925173599,0.148186866160388,0.0262839257081069
,Mammalia,21,0.904774936267618,0.162407728509975,0.0315542914279002
,Mammalia,21,0.917452625794844,0.152400311760053,0.0272387966947273
,Mammalia,23,0.902960637337828,0.153797858668361,0.0282646106933834
,Mammalia,30,0.890959219689221,0.150289199172724,0.0270146912213789
,Mammalia,39,0.899422318391912,0.157186468638806,0.0288479385244835
,Mammalia,34,0.87340112486883,0.142910067855221,0.0241750446227199
,Mammalia,34,0.87340112486883,0.142910067855221,0.0241750446227199
,Mammalia,29,0.861443186840691,0.130157202764742,0.0212699426222272
,Mammalia,28,0.852024662884405,0.130955110790882,0.0215665311372595
,Mammalia,29,0.85341469658459,0.133616773760701,0.0224028998791104
,Mammalia,32,0.861605336266672,0.135719289136253,0.0221740524536923
,Mammalia,32,0.861678239785861,0.140962746130873,0.0235104153884365
,Mammalia,43,0.908263156364833,0.149134415777102,0.0260919240081358
,Mammalia,39,0.899125418018577,0.171179029388402,0.0334382648726268
,Mammalia,44,0.919679198863944,0.178836648408621,0.0349513509107624
,Mammalia,47,0.908318704242219,0.184071201620854,0.0366955187906603
,Mammalia,47,0.914479185684064,0.185016702424418,0.0367010279641044
,Mammalia,35,0.906957222303372,0.158395574943133,0.028801667949396
,Mammalia,25,0.875374938097012,0.150385488601086,0.0271865605875732
,Mammalia,21,0.897493475319873,0.164445443396526,0.0323405750182564
,Mammalia,24,0.900284871250547,0.151390648831796,0.0275369570854556
,Mammalia,25,0.904355016143345,0.158029027557959,0.0295328905471726
,Mammalia,33,0.902738043900303,0.15637569729389,0.028515874417748
,Mammalia,36,0.898374741670729,0.147683236801063,0.0253646657577477
,Mammalia,38,0.891090280552861,0.150130400199357,0.0260613479947853
,Mammalia,38,0.895815479925737,0.149095432622989,0.0258579274516267
,Mammalia,33,0.87556911036026,0.13708394974979,0.0223651553622144
,Mammalia,33,0.874316620467122,0.135997071207843,0.0224116550988478
,Mammalia,38,0.864425488164321,0.153192533110869,0.0282096536650394
,Mammalia,37,0.874048001916389,0.146147437566545,0.0251281449976395
,Mammalia,38,0.872323633879911,0.145890680956994,0.0249524544952217
,Mammalia,38,0.903753558112428,0.150194796813864,0.0265874561349638
,Mammalia,37,0.902708786088283,0.14819906971739,0.0261587004102687
,Mammalia,42,0.917747846605185,0.1532687435481,0.0271436510106064
,Mammalia,38,0.899495309608397,0.169173485733227,0.032922283090762
,Mammalia,42,0.895335525779917,0.167269197619702,0.0316445082370463
,Mammalia,44,0.907189677154881,0.17419961395032,0.0336291511088079
,Mammalia,50,0.914954062305373,0.188773384110638,0.0381351501303167
,Mammalia,52,0.910338523826647,0.190043365997865,0.0385794653488684
,Mammalia,53,0.907295640469103,0.185406655674418,0.0371918875862192
,Mammalia,39,0.884022767277348,0.163974627879298,0.0309810626170791
,Mammalia,36,0.888763273029765,0.166054890203283,0.0316301418282306
,Mammalia,34,0.897799566407569,0.160358004263967,0.0303058748110712
,Mammalia,23,0.894141746336513,0.164320691000328,0.0320109524224351
,Mammalia,23,0.901912282974229,0.153472901694406,0.0276131451455244
,Mammalia,26,0.899821414547002,0.147329723172205,0.0256754598163958
,Mammalia,27,0.903390268303409,0.146117308068315,0.025234320501129
,Mammalia,29,0.911339074031023,0.150836623900143,0.0266919317890457
,Mammalia,28,0.911653996839934,0.146586841619587,0.0249224758415579
,Mammalia,28,0.893842079889972,0.154215153837351,0.028284229549075
,Mammalia,26,0.893334523090639,0.158486854611081,0.0296310780412678
,Mammalia,27,0.902632250011644,0.159055331951612,0.0298120460026404
,Mammalia,39,0.899049673006051,0.148428586566785,0.0252503921803478
,Mammalia,40,0.881731821155448,0.151580127991196,0.0273687851508953
,Mammalia,40,0.886873850285424,0.152167193038186,0.0269453255213668
,Mammalia,38,0.903753558112428,0.150194796813864,0.0265874561349638
,Mammalia,37,0.911707050559708,0.154256670999196,0.0277852073531256
,Mammalia,37,0.915432539259988,0.154715474451792,0.0282404404139359
,Mammalia,38,0.925443821278478,0.157228579430297,0.0289391014505018
,Mammalia,48,0.917834283758657,0.16428451464438,0.0315050921521075
,Mammalia,45,0.916894048604555,0.168847372406099,0.0329903660074538
,Mammalia,41,0.905003925422151,0.170558972468395,0.0334362948606524
,Mammalia,36,0.896617743960381,0.163683241414898,0.0309218632196467
,Mammalia,38,0.909346849913792,0.170622813425045,0.0333285886916067
,Mammalia,46,0.904912291033024,0.177367394864826,0.0346517637825534
,Mammalia,54,0.912583480910913,0.185486849119081,0.0371889025734316
,Mammalia,46,0.902565635483516,0.166581877274114,0.0312684385279636
,Mammalia,36,0.891126523485588,0.155388339767642,0.0275693987643448
,Mammalia,28,0.869803892190113,0.142225646629063,0.0243096282736563
,Mammalia,24,0.868445530057623,0.160768787639964,0.0310492135117299
,Mammalia,27,0.905881565393363,0.154028679777574,0.0273797487199555
,Mammalia,31,0.901020598555117,0.163215846843022,0.0303509211733455
,Mammalia,45,0.910574021123414,0.148476605219659,0.0249142273825302
,Mammalia,46,0.89595906241758,0.152577675162798,0.0265799604654584
,Mammalia,40,0.90187384334155,0.155986896458428,0.028482575980879
,Mammalia,38,0.917146267816251,0.157039067036368,0.0287341678696381
,Mammalia,45,0.916170732928332,0.161547123039801,0.0304916521820715
,Mammalia,41,0.911366465453635,0.169550217258765,0.0332443812163422
,Mammalia,38,0.906212145236176,0.172718186383946,0.0341080295360223
,Mammalia,37,0.896589633518914,0.17130758178369,0.0334712931555701
,Mammalia,35,0.899658671740106,0.163491965599854,0.0312962309838503
,Mammalia,44,0.9131006485979,0.171398142191817,0.0328345799268532
,Mammalia,44,0.915342568689972,0.174705092619711,0.0338413510624436
,Mammalia,56,0.894802232799057,0.19033823352155,0.0384762471871721
,Mammalia,39,0.896107252755489,0.174481970691301,0.0338846347314103
,Mammalia,39,0.901609320096672,0.175657666708545,0.0340977811977891
,Mammalia,44,0.899946566478582,0.163971415029121,0.0302017339361734
,Mammalia,37,0.884097543911187,0.155112752749145,0.0272208909311621
,Mammalia,30,0.883443663540157,0.148204262614032,0.0255000580749251
,Mammalia,30,0.873162259242344,0.145114899649206,0.0249253138470965
,Mammalia,30,0.890176765048721,0.144958795450947,0.0248505798409362
,Mammalia,37,0.915826422583027,0.148055953236197,0.0254065768733077
,Mammalia,41,0.914257964824211,0.153696913309929,0.027504938177386
,Mammalia,35,0.906579295162434,0.155915136153232,0.0278165269326913
,Mammalia,46,0.906610091170454,0.148465748774285,0.0250292398873951
,Mammalia,46,0.906784840111875,0.147668560560073,0.0246081203266413
,Mammalia,46,0.916951491890905,0.162388375248006,0.03078095332414
,Mammalia,45,0.919388242418841,0.165517052041385,0.0321546189087671
,Mammalia,41,0.907074254733465,0.171701815143283,0.0337276328456844
,Mammalia,39,0.893307134824635,0.170856606326954,0.0335192960964501
,Mammalia,44,0.905626267950805,0.170549113725189,0.0329234585922967
,Mammalia,43,0.91652514427946,0.173215132533868,0.0333738400848689
,Mammalia,60,0.891213128704113,0.188130035032345,0.0378200395223146
,Mammalia,58,0.887351034071344,0.187919387802637,0.0377685605480253
,Mammalia,39,0.902112310422624,0.175265810864295,0.0343504003357167
,Mammalia,43,0.898233968717771,0.179905575141923,0.0362186345381523
,Mammalia,46,0.895059440766643,0.162404565031081,0.0293086951215681
,Mammalia,42,0.884796164699694,0.157717340082053,0.0278822356447335
,Mammalia,40,0.881488146897022,0.156113814649654,0.0276196913450527
,Mammalia,41,0.878668877294263,0.151897854649948,0.0263698664329364
,Mammalia,37,0.894263902965551,0.143638362542463,0.0242121036832318
,Mammalia,37,0.906644139022397,0.145152592718795,0.0246488549090948
,Mammalia,39,0.914418275971164,0.152803031800804,0.0269561916635303
,Mammalia,39,0.918736227359745,0.152947673913166,0.0268899356930258
,Mammalia,43,0.917940511038833,0.151047790631364,0.0263603296262868
,Mammalia,44,0.919080636898166,0.150101725026829,0.0260709433975861
,Mammalia,43,0.908832656791338,0.153310084798221,0.0275030554092531
,Mammalia,42,0.921422483001117,0.159646116059526,0.029340872553513
,Mammalia,46,0.914178874239662,0.151239082246982,0.0261064465718925
,Mammalia,47,0.901886049091512,0.149936366859643,0.0256216172014462
,Mammalia,40,0.885942823037206,0.14449436794726,0.0239651716457734
,Mammalia,39,0.903926283936241,0.16411284514908,0.0313925036223082
,Mammalia,34,0.896416026936038,0.163397025619408,0.0317106157914305
,Mammalia,40,0.894531852656002,0.168705457247004,0.0326000285394029
,Mammalia,40,0.903129466298117,0.172246612531438,0.0337450866933803
,Mammalia,40,0.900890452811912,0.174897873898806,0.0347012754074088
,Mammalia,44,0.905724295548593,0.168516818662033,0.0323719147543662
,Mammalia,57,0.894340691529817,0.183968816881722,0.0367255530567172
,Mammalia,60,0.890631717828288,0.187575976089943,0.0376292284597007
,Mammalia,59,0.882354242428634,0.18679626308796,0.0374420014910056
,Mammalia,61,0.878765817661675,0.186557815031401,0.0373756919727564
,Mammalia,61,0.878765817661675,0.186557815031401,0.0373756919727564
,Mammalia,62,0.882028579271175,0.186557125119725,0.0373360339909436
,Mammalia,47,0.889863810595042,0.162982044709446,0.029991251017596
,Mammalia,42,0.869646494434879,0.152615718762036,0.0264457157071742
,Mammalia,43,0.886823010111934,0.154908411233059,0.0273283609416274
,Mammalia,41,0.916227591387196,0.156452583304332,0.0286642917568616
,Mammalia,47,0.921988494592224,0.156815137451642,0.0282394707801006
,Mammalia,50,0.907848892997012,0.151837667688593,0.0260676954478604
,Mammalia,46,0.916690595762814,0.150909871437508,0.0260167253152983
,Mammalia,43,0.885637850592352,0.144507743525522,0.0239278793948651
,Mammalia,40,0.899944556512579,0.165134090214295,0.0317131477783127
,Mammalia,40,0.905312562456273,0.177822615765227,0.0365449155462195
,Mammalia,42,0.900875178231177,0.171302766894107,0.0345032385411328
,Mammalia,43,0.902443063649993,0.166652842096212,0.0321572611165828
,Mammalia,40,0.899170313762887,0.172877077838842,0.0340673969326864
,Mammalia,42,0.907453873300537,0.173738447854667,0.0344032395282507
,Mammalia,39,0.906704849666259,0.167221979509106,0.0321737030562738
,Mammalia,42,0.911160167136396,0.166715239734899,0.0309721540110759
,Mammalia,42,0.911016091784697,0.172972887100611,0.0329875281044832
,Mammalia,60,0.879515322669712,0.180738884062431,0.0354386696401421
,Mammalia,59,0.887432183636027,0.18315953873296,0.0361607152544621
,Mammalia,60,0.877679494228145,0.184927639555073,0.0367719896292106
,Mammalia,62,0.876738860782538,0.185439576765393,0.0369811430267806
,Mammalia,62,0.880839169993506,0.186320153536935,0.0373705390532401
,Mammalia,53,0.902559163968876,0.167362381394387,0.0319652793538369
,Mammalia,53,0.90162387286642,0.163214092182042,0.0309913533778215
,Mammalia,52,0.915372426591463,0.154135750417107,0.028272332774111
,Mammalia,49,0.915351749339247,0.156561679993302,0.0290618915297735
,Mammalia,42,0.912211468911251,0.155076430731519,0.028217801466556
,Mammalia,50,0.918093790141869,0.151744849485814,0.0266108865689089
,Mammalia,47,0.912892183755445,0.147419209285115,0.0248703274258765
,Mammalia,43,0.915890128213294,0.148650743684399,0.0253431293165559
,Mammalia,41,0.891042960235628,0.170518796209877,0.0334828890071281
,Mammalia,40,0.893155775036941,0.173921321578123,0.0350548176124658
,Mammalia,40,0.893581587485413,0.173318325042284,0.0348797280185299
,Mammalia,42,0.90232084879463,0.176901883109439,0.0359996108805248
,Mammalia,43,0.907676115069459,0.169268917940829,0.0331916583899566
,Mammalia,44,0.897598349786694,0.169200399422294,0.0327087321711198
,Mammalia,43,0.892718395703951,0.169726408918742,0.0330387150154522
,Mammalia,39,0.904811049795837,0.162085656424125,0.0299066859242498
,Mammalia,42,0.910373707896031,0.16050504973935,0.0293560275916473
,Mammalia,62,0.888242235273653,0.184903043718967,0.0368651086579193
,Mammalia,62,0.880901968167235,0.184463000527449,0.0367195393111662
,Mammalia,63,0.879044278839876,0.186195160696521,0.0372913409284195
,Mammalia,62,0.902234210895403,0.159828877893978,0.0296368318448481
,Mammalia,60,0.915326579423961,0.157543737022463,0.0292657409599113
,Mammalia,53,0.927781785400636,0.157008313360171,0.0294589220866173
,Mammalia,47,0.919774156297608,0.148529855793677,0.0261524295727362
,Mammalia,50,0.910200894132592,0.152210113548239,0.0272363324887884
,Mammalia,46,0.911888679793376,0.152645254545881,0.0265679939265928
,Mammalia,47,0.906039484946592,0.155467486792326,0.0270493680981892
,Mammalia,50,0.92323800088531,0.151716488724565,0.0264436765545888
,Mammalia,36,0.886941712659071,0.17237183582008,0.0339303445773459
,Mammalia,39,0.901984977682488,0.177618303134286,0.0358933993253178
,Mammalia,41,0.902683156488327,0.172891381158855,0.0344688009843357
,Mammalia,44,0.902976128420916,0.171609097063,0.0339274600779265
,Mammalia,46,0.907360784883054,0.16319654088155,0.0300248598254871
,Mammalia,42,0.907683385820709,0.167507233771881,0.0311340627134955
,Mammalia,44,0.89787116498022,0.171535664943045,0.0327770303105803
,Mammalia,63,0.880688911901668,0.18321483930305,0.0369467823411608
,Mammalia,61,0.879648733256838,0.1836152740981,0.0365624461368384
,Mammalia,62,0.879537237821621,0.185030030824977,0.0370424984354344
,Mammalia,62,0.917026908424112,0.15925306873144,0.0297758085042201
,Mammalia,57,0.919338798310272,0.159174099621446,0.0296880744987465
,Mammalia,52,0.922425572695004,0.15726735355348,0.0283826054312942
,Mammalia,48,0.908836368613103,0.152746493295047,0.0266999319722232
,Mammalia,48,0.916153360744902,0.156593805053851,0.0278457142092939
,Mammalia,49,0.918996631583074,0.153141717801599,0.0265143385209667
,Mammalia,39,0.886213855345971,0.173987730253379,0.0345031696281834
,Mammalia,39,0.898458576254388,0.17254063510089,0.0339324386083166
,Mammalia,42,0.899048635301089,0.16441935823471,0.0303871578601334
,Mammalia,41,0.904716993238783,0.167963753199665,0.0314519527830378
,Mammalia,49,0.892611798050048,0.169636351628752,0.0321031279046521
,Mammalia,59,0.886160633535705,0.18339536009031,0.0363819918833896
,Mammalia,61,0.881840239407667,0.18212216511708,0.0361515596918764
,Mammalia,45,0.915583620183517,0.152375391381445,0.0273566718766737
,Mammalia,41,0.9172199294391,0.153143315792351,0.0276657509254978
,Mammalia,45,0.911898904989303,0.150947388356084,0.0266940374350099
,Mammalia,45,0.917581106969291,0.153921506382759,0.0273824514833013
,Mammalia,47,0.920728302583134,0.155217584084285,0.0274402837552684
,Mammalia,51,0.899311762789057,0.172205368038969,0.0341116221203403
,Mammalia,52,0.900065617543229,0.165075677683152,0.0311008450137175
,Mammalia,43,0.896660523308474,0.163639191538839,0.0300209803890064
,Mammalia,42,0.891912620303065,0.162603864189761,0.0298154536866569
,Mammalia,50,0.888149349512122,0.169556967432127,0.0321409385231008
,Mammalia,53,0.883807366663699,0.166616997150132,0.031163641325624
,Mammalia,61,0.881357007371658,0.181330638841004,0.0358725985462646
,Mammalia,63,0.885728778111101,0.180951537132367,0.0357824652907918
,Mammalia,61,0.889232827169156,0.182708106984201,0.0362993014843683
,Mammalia,63,0.913239082988182,0.15727090636151,0.0289906325099135
,Mammalia,60,0.910537808407703,0.158604614361317,0.0291685233870663
,Mammalia,53,0.915417158417647,0.162365229715795,0.0302908438543601
,Mammalia,40,0.920712067553885,0.151838890404133,0.0272527798280353
,Mammalia,46,0.93226658767822,0.153065810131198,0.0272885309158354
,Mammalia,49,0.928660363741824,0.154458489875194,0.0273810916734375
,Mammalia,51,0.92242745744802,0.156795770059524,0.0277319282083742
,Mammalia,51,0.876506223166407,0.165299920282509,0.0307804688299063
,Mammalia,63,0.884087573261258,0.179072417098402,0.0351031588688966
,Mammalia,61,0.888051646489366,0.177971288859558,0.0346961856419073
,Mammalia,60,0.912323409450953,0.160099339394046,0.0299626657302433
,Mammalia,62,0.908632444860339,0.157314377389103,0.029067453563739
,Mammalia,63,0.907394078354512,0.160349987798791,0.0298954771167756
,Mammalia,61,0.914313696467961,0.156650486435028,0.0285079109258118
,Mammalia,56,0.917101529679211,0.15477205479197,0.0278177104245723
,Mammalia,51,0.92549695849765,0.156522269415689,0.0285572783232821
,Mammalia,46,0.933089333458278,0.153035761666746,0.0274596817825258
,Mammalia,57,0.920486598933305,0.153169251486617,0.0268899188308432
,Mammalia,52,0.900689712902307,0.169710255982961,0.0332654122687372
,Mammalia,49,0.896520541675795,0.164762964629749,0.0313994187071693
,Mammalia,51,0.908630450603788,0.168824637865236,0.0322808934549055
,Mammalia,50,0.907180562494783,0.167302290133877,0.0312447815122508
,Mammalia,45,0.907432731659799,0.171431541185492,0.032539453159149
,Mammalia,44,0.903539603096472,0.167036376844081,0.0312751020634445
,Mammalia,56,0.886932026378321,0.173460588345424,0.0332810489770052
,Mammalia,63,0.885562328259385,0.17601328859447,0.0340827471929709
,Mammalia,62,0.888413141675061,0.177027414064102,0.0343823023985059
,Mammalia,60,0.910409449347024,0.155897617576671,0.0282277128462045
,Mammalia,58,0.917467990993255,0.156869690704393,0.0287345913318795
,Mammalia,51,0.922820732287452,0.153463287038485,0.0277300867888443
,Mammalia,49,0.925474676627811,0.151670242136101,0.0271541637292723
,Mammalia,48,0.923721474391261,0.155246830662229,0.0279318748604016
,Mammalia,52,0.926186532276633,0.151407509555802,0.0263043139997201
,Mammalia,61,0.919130389991893,0.156090149979665,0.0282162697751108
,Mammalia,43,0.895288604306164,0.171049416359133,0.0337727265913857
,Mammalia,44,0.899146522618511,0.170733648488773,0.0336124936063399
,Mammalia,46,0.893721604340699,0.174820617460809,0.0345651863638056
,Mammalia,51,0.896691386459419,0.170899296776033,0.0335832629140687
,Mammalia,52,0.896781544407952,0.171315902315648,0.0337649274086453
,Mammalia,51,0.899234388876382,0.169058695960229,0.0328773175655501
,Mammalia,50,0.903778963363535,0.16893348201046,0.0319459889931278
,Mammalia,57,0.890008290871227,0.1748078194357,0.0336696282439091
,Mammalia,59,0.890218077365267,0.173804062270398,0.0334742008235189
,Mammalia,60,0.890175710756376,0.177531780109756,0.0347341673790345
,Mammalia,60,0.91505452386509,0.155606819892781,0.028312089963008
,Mammalia,58,0.916938232249829,0.154635962733822,0.0279969250489364
,Mammalia,59,0.914442847592089,0.155035071868276,0.0282838850351786
,Mammalia,56,0.926796061541139,0.15324740704163,0.0272305044470254
,Mammalia,54,0.922749304496641,0.153791626661478,0.0273148059570788
,Mammalia,61,0.91238368051401,0.156123612118506,0.0284129848899717
,Mammalia,51,0.899044774008068,0.172887526370047,0.0341256958984068
,Mammalia,52,0.893928602822266,0.171215221455871,0.0336271932217839
,Mammalia,49,0.893843928978069,0.167837569829807,0.0324351973270226
,Mammalia,50,0.896820972915471,0.164644145183229,0.0317626857982885
,Mammalia,51,0.906271881142305,0.167652711132366,0.0318295566068194
,Mammalia,50,0.888790563597437,0.16798408460341,0.0318413550987356
,Mammalia,51,0.87622508516856,0.165587961263746,0.0309494350417367
,Mammalia,57,0.888419138494391,0.175317913805862,0.0339329135545959
,Mammalia,61,0.916016092477531,0.153916390457495,0.0279225365144301
,Mammalia,60,0.915755836184053,0.153122822961444,0.0276259329116847
,Mammalia,59,0.926360412148611,0.155386929201508,0.0280604969262354
,Mammalia,61,0.914141355075157,0.154843565077672,0.0279418036557219
,Mammalia,67,0.909057364240598,0.158549075384553,0.0291903268945829
,Mammalia,60,0.917230852700691,0.156499701106431,0.0283637530546541
,Mammalia,58,0.917460378672948,0.154946243669473,0.0280976286260792
,Mammalia,55,0.891292508922557,0.169152324746919,0.0327994673018912
,Mammalia,54,0.887365424882747,0.168141913713703,0.0326493900222383
,Mammalia,54,0.895016454291703,0.166833882122294,0.0324628861054659
,Mammalia,53,0.897619600838598,0.162825919446494,0.0307143720774612
,Mammalia,53,0.897611895169213,0.164339975887061,0.0314959025866868
,Mammalia,50,0.900653968249193,0.164417892458141,0.0308955581242776
,Mammalia,50,0.888277442561954,0.165723084257349,0.0310337319478835
,Mammalia,50,0.89277994989933,0.165222928068067,0.0309940238395479
,Mammalia,55,0.884180959477999,0.165939574826376,0.0309401172741718
,Mammalia,58,0.886315595437681,0.168065042654672,0.0317224404132517
,Mammalia,57,0.887871938889697,0.177371305627848,0.0346259970801192
,Mammalia,56,0.888108351183033,0.176293644937797,0.0342816038325112
,Mammalia,59,0.887905825336164,0.172885440186746,0.0334884181598048
,Mammalia,58,0.890401722914661,0.171861903830733,0.0331719508535976
,Mammalia,57,0.88770410347857,0.172590043074616,0.0333570858274095
,Mammalia,63,0.928074877665322,0.157024849390853,0.0287247594004599
,Mammalia,65,0.921703830279769,0.15987729131048,0.0296416888296484
,Mammalia,65,0.913936117404422,0.158869936693326,0.0294730660106498
,Mammalia,64,0.910368309042052,0.157963809843845,0.0290816320132589
,Mammalia,60,0.91805798806944,0.154763116939436,0.0277725408503521
,Mammalia,54,0.902530468285432,0.166672682571448,0.0323442911076323
,Mammalia,54,0.891654563403156,0.170048302045215,0.0332022073538091
,Mammalia,55,0.895987945937081,0.166210994495476,0.0322932530975368
,Mammalia,50,0.898285444823859,0.165912729638753,0.0318074839616128
,Mammalia,51,0.896097254879481,0.167496817035869,0.031681119830079
,Mammalia,52,0.89025112086807,0.163439939132795,0.0303355369093555
,Mammalia,52,0.895054013319248,0.165805844137446,0.0310331473212008
,Mammalia,58,0.889572947327319,0.173657175286457,0.0335231696133936
,Mammalia,59,0.887013739222088,0.172875850602095,0.0334070148529273
,Mammalia,55,0.896764143437115,0.173303047769903,0.0336807425992409
,Mammalia,54,0.900138004883641,0.173056100954211,0.0336965466532407
,Mammalia,59,0.898801399041708,0.173468544286567,0.0338349621828019
,Mammalia,71,0.922441982357801,0.160521597742565,0.0297940606145951
,Mammalia,68,0.917969638263973,0.157899017141905,0.0291832368960383
,Mammalia,65,0.921309493118524,0.160111347275292,0.0299922473191028
,Mammalia,62,0.91627734603856,0.162442509669754,0.0307591723030001
,Mammalia,57,0.902642040097563,0.162736584222107,0.0315302732332117
,Mammalia,55,0.898253670522591,0.162718618110755,0.031440373244292
,Mammalia,55,0.890454939482165,0.167020950558362,0.0315358529968964
,Mammalia,54,0.892980266270138,0.168511502497491,0.0318191363851034
,Mammalia,55,0.894083534264919,0.170681896641429,0.0324648409522899
,Mammalia,59,0.888779465564911,0.171146827024395,0.0329685242865341
,Mammalia,56,0.898341598678205,0.170832710201237,0.032989918275541
,Mammalia,61,0.919035924925079,0.163553031441066,0.0313155678119733
,Mammalia,55,0.892852445291414,0.163859676125242,0.0320007153122265
,Mammalia,54,0.896020044518119,0.169283838432229,0.0327913534723582
,Mammalia,52,0.896725457329532,0.168658366612429,0.0327989344453892
,Mammalia,51,0.895835940973705,0.167392402970393,0.0321800070039365
,Mammalia,56,0.890424607036249,0.168938490830618,0.0321844167827213
,Mammalia,57,0.892428708997103,0.167684739554525,0.03193156489382
,Mammalia,56,0.891160491630544,0.165367065646909,0.0325624246980269
,Mammalia,55,0.891523658003466,0.171218696705441,0.0334274666603535
,Mammalia,55,0.895519201213379,0.171680164670896,0.0334635867383628
,Mammalia,55,0.890443590463856,0.167400776115825,0.0318890262661503
,Mammalia,54,0.894701193080476,0.17243571365082,0.0337974504066719
,Mammalia,54,0.896027300565839,0.167067542018897,0.0320807936931751
,Mammalia,53,0.896440850262863,0.168214774564561,0.0324357598130389
,Mammalia,56,0.892523597171009,0.169561324159399,0.0325081447823858
,Mammalia,54,0.891063348752989,0.166910280947229,0.0314361982007408
,Mammalia,57,0.895772898716198,0.16743374357123,0.0330125160101153
,Mammalia,52,0.900286425738953,0.174439883965243,0.0345330790892855
,Mammalia,54,0.894496410157669,0.170893335268079,0.0329732237292331
,Mammalia,54,0.901602157677033,0.171001976852777,0.03371383743119
,Mammalia,52,0.893143467327785,0.166498719859287,0.031437108261482
,Mammalia,54,0.890027764258923,0.168930373060729,0.0325680322126427
,Mammalia,56,0.89271421265062,0.162675724192445,0.0309191980726049
,Mammalia,51,0.89608218107087,0.169750142657541,0.0327658607484649
,Mammalia,51,0.892240512035756,0.166950100306974,0.031697533253163
,Mammalia,50,0.892672379899558,0.168186744732831,0.0320740314905045
,Mammalia,52,0.890136202505246,0.166551060937579,0.0314695278411346
,Mammalia,48,0.89732663312741,0.17063730740552,0.0334587027216466
,Mammalia,48,0.89732663312741,0.17063730740552,0.0334587027216466
,Mammalia,48,0.895366166028747,0.165331253156047,0.0313075105616172
,Mammalia,48,0.895366166028747,0.165331253156047,0.0313075105616172
,Mammalia,48,0.895366166028747,0.165331253156047,0.0313075105616172
,Mammalia,48,0.895366166028747,0.165331253156047,0.0313075105616172
,Mammalia,51,0.896293926085299,0.162394672718845,0.0310185381748129
,Mammalia,51,0.896293926085299,0.162394672718845,0.0310185381748129
,Mammalia,51,0.896293926085299,0.162394672718845,0.0310185381748129
,Reptilia,97,0.897553766919304,0.176250015611468,0.0346492211937904
,Reptilia,90,0.903113186882275,0.169021585649279,0.031296953394887
,Reptilia,91,0.904280653443626,0.1697615162106,0.0315116181836385
,Reptilia,94,0.898347792428798,0.176135679100262,0.0345020937495033
,Reptilia,97,0.898303343004347,0.176569919923268,0.0348021443751498
,Reptilia,90,0.900595430565488,0.170219072333892,0.0318158902782124
,Reptilia,90,0.903113186882275,0.169021585649279,0.031296953394887
,Reptilia,89,0.901735678114583,0.172488466160673,0.0324571885740749
,Reptilia,92,0.89638428748781,0.175706352116053,0.034393987771754
,Reptilia,86,0.902469510954094,0.172808320796518,0.0324782507070334
,Reptilia,82,0.897925205793566,0.175381984988957,0.0336949419232669
,Reptilia,99,0.904104315433503,0.17026252916718,0.0316914608618859
,Reptilia,102,0.903188627328795,0.171918259110735,0.0323768857432721
,Reptilia,103,0.90410107996718,0.169903323691827,0.0317148869173114
,Reptilia,109,0.904173240135617,0.172947646839138,0.0329430035373832
,Reptilia,104,0.901753419042095,0.174540282760625,0.0334775111204307
,Reptilia,104,0.899668798470757,0.174282230954556,0.033393952221659
,Reptilia,121,0.906514212707092,0.170064327560362,0.0319072137926169
,Reptilia,115,0.90363303259211,0.170713133392094,0.0320129723133772
,Reptilia,100,0.902736302344572,0.169307345148133,0.0308531287720437
,Reptilia,100,0.893979852764322,0.172140023216282,0.0327896163464808
,Reptilia,85,0.913096531653292,0.168777571598276,0.0301965160516911
,Reptilia,130,0.911623742797921,0.167399535046419,0.0301396444741102
,Reptilia,112,0.908600571976189,0.164196414917071,0.0290890325159856
,Reptilia,98,0.905316377075516,0.16773866384341,0.0302419503394953
,Reptilia,96,0.903733471518837,0.166692501572084,0.0298484436032664
,Reptilia,84,0.919026371164506,0.169462800266646,0.0306487722757098
,Reptilia,95,0.912839612110438,0.167790789119362,0.0298907969514011
,Reptilia,116,0.911182569387159,0.164741593544252,0.0291388739679673
,Reptilia,115,0.907668582705099,0.166107543393146,0.0297081988209023
,Reptilia,96,0.899088896292743,0.166752379418491,0.0298909850543397
,Reptilia,104,0.893096615361584,0.172356973821367,0.0329348515867362
,Reptilia,99,0.890952016841573,0.173345753003281,0.0333886470521095
,Reptilia,68,0.882241221503962,0.172218969285695,0.0337882190916823
,Reptilia,84,0.919183634362298,0.169246942953246,0.0305434578325712
,Reptilia,87,0.911708182906174,0.168621125797771,0.0302982074475999
,Reptilia,94,0.915321335833139,0.169061873893451,0.0303324751247938
,Reptilia,98,0.905930760406454,0.164788683980715,0.0291890134667571
,Reptilia,112,0.912651466821477,0.167408241172787,0.0298474718895787
,Reptilia,112,0.909341641254212,0.168191640715425,0.0302266963180363
,Reptilia,112,0.907743648120556,0.167131142145014,0.0300612740984966
,Reptilia,110,0.908346436206485,0.1666051521289,0.0298966163718571
,Reptilia,106,0.906902574694924,0.167688971930831,0.0302609905121657
,Reptilia,104,0.908203637749493,0.167507187661224,0.0302159837486866
,Reptilia,98,0.897496943919787,0.168120058802232,0.0304359595178441
,Reptilia,94,0.896325262265078,0.168787138737014,0.030860285434649
,Reptilia,89,0.898753856794194,0.165534040014068,0.029681033920506
,Reptilia,93,0.897004092453485,0.166944875545138,0.0306022537396406
,Reptilia,75,0.88559444660092,0.173847438730083,0.0341163851459596
,Reptilia,74,0.89028036261575,0.174712589089951,0.0345029285684011
,Reptilia,81,0.917876699780087,0.167910307142759,0.0300302582720332
,Reptilia,89,0.916475218657832,0.168793565760841,0.0303220773691689
,Reptilia,92,0.9153801746499,0.168461457376638,0.0302026527963248
,Reptilia,92,0.90584929123574,0.164860828667624,0.0291346851814293
,Reptilia,91,0.902412651216674,0.164994641816851,0.0293068964405794
,Reptilia,102,0.907370779586194,0.165977169029284,0.0294704479268286
,Reptilia,105,0.908090320147855,0.167436711846171,0.0300477869856436
,Reptilia,96,0.910257790403254,0.168232456552062,0.0302425748732741
,Reptilia,92,0.903503423162259,0.165291732872893,0.0294197942853258
,Reptilia,88,0.899366938748671,0.165001147542895,0.0294048577773733
,Reptilia,89,0.898753856794194,0.165534040014068,0.029681033920506
,Reptilia,95,0.894051139324245,0.171700552094245,0.0327167772592739
,Reptilia,68,0.88989559309537,0.167681852540153,0.0306505596644313
,Reptilia,66,0.890963153077084,0.168149060498559,0.0308276155720813
,Reptilia,87,0.917161077698827,0.171682450143051,0.0312711535815516
,Reptilia,89,0.910906104176601,0.168858501112459,0.0303610816632052
,Reptilia,103,0.906571259076086,0.166797322811583,0.0296997598324119
,Reptilia,100,0.906413701055579,0.165565632336195,0.0293395916334543
,Reptilia,106,0.909116401528855,0.168535187151471,0.0303795675776147
,Reptilia,85,0.904714652553668,0.167050375756601,0.0299746301023142
,Reptilia,90,0.901861552106373,0.167394310233594,0.0303012329615835
,Reptilia,87,0.904227021202344,0.163857027842902,0.029032229185493
,Reptilia,87,0.903172432332147,0.165691608861821,0.0296174392164584
,Reptilia,86,0.903156109705885,0.164509847362323,0.0292316443455352
,Reptilia,90,0.898563183306488,0.16509627845457,0.0299781886714495
,Reptilia,87,0.888648369799291,0.170711889654894,0.0324669519885639
,Reptilia,68,0.888848576073464,0.167365324390688,0.0306176534448314
,Reptilia,63,0.884478967749571,0.164533740518794,0.0297239343177945
,Reptilia,72,0.882272947584987,0.169658336343275,0.0329760888248158
,Reptilia,89,0.915700777294206,0.173486143231035,0.0319389019833175
,Reptilia,82,0.915385496273958,0.169723483980457,0.0306150566970642
,Reptilia,94,0.902394266478706,0.166689334915837,0.0296060649489283
,Reptilia,100,0.910218630027497,0.165935955023274,0.0296826326642345
,Reptilia,99,0.908833181379705,0.16651172989674,0.0299561595359105
,Reptilia,91,0.899744624992686,0.167052862277503,0.0300175505917663
,Reptilia,86,0.905352236140426,0.164415365767977,0.0293028002689932
,Reptilia,86,0.907509515480919,0.164019353343402,0.029129795841938
,Reptilia,88,0.89472564408225,0.169470890932229,0.0315353949414373
,Reptilia,71,0.879878540653247,0.166624628363138,0.031540190364039
,Reptilia,64,0.886511721854903,0.160942803733411,0.0283138363261693
,Reptilia,74,0.880285009538346,0.168579098390705,0.0321797181052206
,Reptilia,91,0.913476541758646,0.171926564843783,0.0314364939770457
,Reptilia,86,0.914822205745459,0.170754815718893,0.0311241197472387
,Reptilia,89,0.915038203146391,0.172100018523015,0.0314251995832191
,Reptilia,86,0.915865002138986,0.169831748532711,0.0306980878943312
,Reptilia,80,0.910560301506741,0.169280263991286,0.030801299378666
,Reptilia,81,0.893342645871528,0.166867210365858,0.0298975186655093
,Reptilia,89,0.903372785140118,0.163363326493965,0.0286019703932823
,Reptilia,89,0.900097126263662,0.164840980825039,0.0292467323278189
,Reptilia,86,0.904260916142901,0.161935079880736,0.0281860590280601
,Reptilia,87,0.904875055637342,0.162747646403018,0.028463676194588
,Reptilia,85,0.893507870949752,0.170206150032631,0.0322579199859379
,Reptilia,70,0.885858760334874,0.165162096243715,0.029711805023731
,Reptilia,75,0.88229901411599,0.168238930885816,0.0321663508286724
,Reptilia,96,0.912429884212872,0.171579424539538,0.0312877472197715
,Reptilia,83,0.920578594651147,0.173223478229659,0.0318845495677098
,Reptilia,85,0.911757931877646,0.172809204269282,0.031699484725354
,Reptilia,75,0.913769863559336,0.169293443955337,0.0304624952872215
,Reptilia,76,0.905783105281511,0.161856289701075,0.0280512402290064
,Reptilia,90,0.901940190106018,0.162881125090278,0.0284007634178998
,Reptilia,84,0.899052957752084,0.161634275676113,0.0281890852443084
,Reptilia,80,0.901640903652194,0.163510945528984,0.0289258604828717
,Reptilia,85,0.907882235626597,0.16088432949471,0.0280525272190786
,Reptilia,70,0.888731445673275,0.167531064009998,0.0319748842161855
,Reptilia,71,0.885375391357276,0.166314240889663,0.0316256883445098
,Reptilia,89,0.909128862274917,0.172398296171804,0.0316718629028829
,Reptilia,80,0.908100402612557,0.173520302145979,0.0318706530247181
,Reptilia,76,0.907393652818767,0.17141203068946,0.0313379445158927
,Reptilia,72,0.906501691075151,0.171259809815968,0.0312832349427497
,Reptilia,71,0.915480568788258,0.164972529265403,0.0288031768652879
,Reptilia,71,0.903728039226851,0.160396876869114,0.0277002661726316
,Reptilia,75,0.89341771591555,0.161638993106175,0.0280166950770641
,Reptilia,73,0.896085202812738,0.160106095739465,0.0275279920760211
,Reptilia,67,0.897918318798105,0.157233734915256,0.0267692462685037
,Reptilia,75,0.901754069016541,0.160939964039159,0.028090301053346
,Reptilia,73,0.905131817568019,0.159331263790889,0.0275909217645349
,Reptilia,81,0.903838512808496,0.160384985758373,0.027856832695051
,Reptilia,85,0.903645793629174,0.160794913380967,0.028132261974992
,Reptilia,87,0.895937379595912,0.170974861811547,0.0324848812041906
,Reptilia,88,0.90837303312026,0.175700790959301,0.0327318027582645
,Reptilia,73,0.910074008453302,0.168881922622903,0.0303626563002078
,Reptilia,71,0.901222266389689,0.169285719965418,0.0308186909783818
,Reptilia,70,0.902782277532971,0.169029046380803,0.0307394082266882
,Reptilia,60,0.90427812629703,0.162946572793775,0.0282986883660108
,Reptilia,61,0.906506859838127,0.161397398072643,0.0277470700629476
,Reptilia,63,0.89771600299518,0.155961633410873,0.0260143676772398
,Reptilia,71,0.904456945586318,0.165862624445643,0.0297725255362759
,Reptilia,71,0.900369514121898,0.162243388876848,0.0284307047665795
,Reptilia,84,0.901014095679735,0.168794431513596,0.0314277515574972
,Reptilia,73,0.909837010606385,0.168607419459136,0.0302559039067901
,Reptilia,70,0.90596731450269,0.169483676908174,0.0309104947806068
,Reptilia,65,0.908996898927277,0.164570045870768,0.0292168255693508
,Reptilia,61,0.911954108078798,0.16187645387617,0.0280186043566421
,Reptilia,62,0.907676562318307,0.166173309736424,0.029321233794642
,Reptilia,64,0.908468906903162,0.160481910940251,0.0275729569488887
,Reptilia,70,0.902158395694038,0.157595664022085,0.0263626106812186
,Reptilia,60,0.899057121458851,0.153641499689318,0.0253223113235338
,Reptilia,60,0.904413415316774,0.156086967309096,0.026257472821978
,Reptilia,68,0.900099171759043,0.159439692321452,0.0274057099725737
,Reptilia,81,0.894685333790643,0.16376250208292,0.0295927184828814
,Reptilia,72,0.904912638743622,0.166402709798409,0.029693427828911
,Reptilia,56,0.903778141186677,0.164083681702989,0.0284031976132384
,Reptilia,59,0.909990409436989,0.156573191610828,0.0259473880067189
,Reptilia,62,0.908455902574216,0.158551133325887,0.0267845965199048
,Reptilia,66,0.908105645067445,0.157830131106121,0.0264371361381446
,Reptilia,65,0.908710682111793,0.155974976932265,0.0262211767931859
,Reptilia,70,0.895925390885986,0.155323839452394,0.0262140983510008
,Reptilia,77,0.882697395280769,0.166433328458137,0.031256033757144
,Reptilia,72,0.883963925630728,0.166622955886468,0.0313423929021914
,Reptilia,66,0.902391631307834,0.164666117058495,0.0290409452136386
,Reptilia,63,0.91054436286509,0.16610311600587,0.0296056570880734
,Reptilia,56,0.907887825706199,0.162823732208601,0.0285166008064797
,Reptilia,57,0.903336537750493,0.163593261088852,0.0284375318112198
,Reptilia,58,0.914795959337569,0.156890874909278,0.0265649156727947
,Reptilia,58,0.916256714665099,0.156185535819988,0.0261939752915588
,Reptilia,60,0.913012350388274,0.154748367950269,0.0257556268357698
,Reptilia,60,0.908597255544178,0.154855104332368,0.0256315366698222
,Reptilia,52,0.90066108400522,0.150385091745977,0.0242816245795085
,Reptilia,66,0.899196092217018,0.157756148692566,0.0268257130021261
,Reptilia,62,0.892883507178335,0.158617363388051,0.0274621022369828
,Reptilia,67,0.883478035749691,0.168290516993088,0.031808413981416
,Reptilia,96,0.902939588372312,0.170683959205254,0.0314925931739352
,Reptilia,97,0.898231573218558,0.17234424027171,0.031951227670839
,Reptilia,59,0.910057991201081,0.163181291023854,0.0285489769065637
,Reptilia,56,0.918241456358448,0.15620850374175,0.0261191420518431
,Reptilia,54,0.914210473652837,0.15680691028093,0.0263102306611038
,Reptilia,54,0.911044627800002,0.156903826597543,0.0261649446884224
,Reptilia,51,0.901539703737648,0.147829417948164,0.0233419433015598
,Reptilia,52,0.901983028792709,0.147645891566098,0.0235489935979049
,Reptilia,55,0.902599847079687,0.151745220549463,0.0251673546078283
,Reptilia,63,0.893433827592069,0.156725431793578,0.0264761550702034
,Reptilia,66,0.881952822187399,0.166510192930599,0.0311543700849518
,Reptilia,67,0.894123774754948,0.176279948323041,0.0333908411257289
,Reptilia,58,0.892573357750854,0.176187529522269,0.0328703133330158
,Reptilia,88,0.899562021738555,0.17248218597143,0.0320008686186722
,Reptilia,53,0.908294460387391,0.166168706727497,0.0291949128911749
,Reptilia,46,0.907569480222154,0.165399037188321,0.0290947608411114
,Reptilia,45,0.909043213195566,0.166037640880732,0.029715019154383
,Reptilia,55,0.911301255764422,0.164223276357721,0.0287396510588535
,Reptilia,51,0.920529144531601,0.157054392340217,0.0264470487040662
,Reptilia,47,0.909805563915969,0.150179473175693,0.0239765285382501
,Reptilia,48,0.904374815613276,0.147017156972105,0.0232396274279135
,Reptilia,48,0.902111180273253,0.145688588269188,0.0228334489188557
,Reptilia,50,0.904479655106602,0.145553988257798,0.023008217509987
,Reptilia,54,0.901944126406936,0.14737638544105,0.0237919877410209
,Reptilia,58,0.896721060694659,0.153311422648359,0.025419351756691
,Reptilia,57,0.888815302198356,0.153674865477158,0.025764952015037
,Reptilia,58,0.88682128386921,0.155558336349509,0.0265764596944976
,Reptilia,63,0.883443045438302,0.166538784261078,0.0312467905484457
,Reptilia,42,0.914770534481095,0.176830198535284,0.0331581003133647
,Reptilia,40,0.914447021095911,0.176353021504826,0.0329726616662737
,Reptilia,72,0.910376782959667,0.171917873166989,0.0315362731009015
,Reptilia,62,0.903216462514936,0.170028541300896,0.0308951601404622
,Reptilia,56,0.905239903267953,0.166488475226076,0.0298905525807288
,Reptilia,57,0.906581731698351,0.165363236502232,0.0297825752069788
,Reptilia,40,0.892931579514616,0.163057974084697,0.0293008145613795
,Reptilia,46,0.90568586571563,0.160736737492944,0.0281064564965466
,Reptilia,48,0.908316931368128,0.163560888276105,0.028907149228788
,Reptilia,49,0.910575180976093,0.165887892884157,0.0298462767570521
,Reptilia,48,0.919292505636737,0.153461967374717,0.0253681632406897
,Reptilia,52,0.902778326547411,0.147302214802928,0.0237751127558194
,Reptilia,53,0.903574536178777,0.148102927427083,0.0239838506353369
,Reptilia,54,0.907140880972565,0.148960671125937,0.0241752772213214
,Reptilia,52,0.899532531261003,0.149354512828964,0.0243689413752442
,Reptilia,53,0.891033833450378,0.151638795740889,0.0248721528412237
,Reptilia,56,0.890305249647381,0.153527743130319,0.0258960568322776
,Reptilia,55,0.893212002918261,0.151837100428555,0.0254294584926164
,Reptilia,57,0.88626119721718,0.159898282119767,0.0289356887407006
,Reptilia,34,0.915276524218879,0.177809756234674,0.0334087497365674
,Reptilia,31,0.900535832110956,0.159041729035658,0.0273525925802783
,Reptilia,34,0.889878244816961,0.165779772415431,0.0295742028666414
,Reptilia,48,0.911788147226593,0.166025322743493,0.0297123880544945
,Reptilia,36,0.925023530921419,0.156153074374763,0.0261112017497012
,Reptilia,44,0.914805019058073,0.150489539740235,0.0243069462655873
,Reptilia,44,0.909480521404394,0.150799880857857,0.024082821567085
,Reptilia,43,0.909497478232612,0.148214618395497,0.0235531224906378
,Reptilia,41,0.918189839921378,0.14874876124215,0.0238368580285233
,Reptilia,39,0.922085673931512,0.148825461907779,0.0238203357037483
,Reptilia,45,0.913008588199836,0.148950274648633,0.0239814415121103
,Reptilia,54,0.903692866176246,0.147710245589711,0.0240243190559401
,Reptilia,52,0.895942976660115,0.148144099825923,0.0240221885702579
,Reptilia,54,0.894268334516809,0.151291318387855,0.0252136433009568
,Reptilia,51,0.892038083052774,0.151127061655748,0.0252548887194259
,Reptilia,51,0.893098982957553,0.152128307272113,0.0254932818647157
,Reptilia,21,0.897683103184804,0.1633441219568,0.0288359489327384
,Reptilia,8,0.894975687387655,0.171480879424682,0.0312216033765621
,Reptilia,8,0.904531462974215,0.173444116386523,0.0324263475252039
,Reptilia,23,0.899942915962141,0.167659962988885,0.030332121295762
,Reptilia,18,0.88190117768297,0.159623742914637,0.0277975505148877
,Reptilia,28,0.885585930361989,0.156983870112698,0.0267769764857589
,Reptilia,32,0.869566246484482,0.170509408022499,0.0314573757187366
,Reptilia,36,0.917594612033784,0.16095840890918,0.027746690522606
,Reptilia,39,0.917127242582357,0.151124459472799,0.0245323751504594
,Reptilia,37,0.913826303177273,0.149007462058686,0.0237551344823572
,Reptilia,38,0.910031893635136,0.149074037555139,0.0238315869605728
,Reptilia,39,0.913647613828124,0.149686639418888,0.0240616214028578
,Reptilia,44,0.912819118898394,0.150592403949449,0.0246872164048066
,Reptilia,50,0.914683503787213,0.150293063538994,0.0245693398787323
,Reptilia,6,0.846251037920624,0.17697423740156,0.0318394226905559
,Reptilia,5,0.888355993937711,0.148272176178912,0.0241113216341349
,Reptilia,7,0.857882996865328,0.166482614706632,0.0282487513237257
,Reptilia,9,0.857511732070093,0.158455891358791,0.0264147043406619
,Reptilia,10,0.860332353817924,0.156900727945199,0.0266954173001157
,Reptilia,10,0.884966460890798,0.159142655392426,0.0271778976289633
,Reptilia,25,0.889320314213706,0.158463279587124,0.0275945805565173
,Reptilia,34,0.871163461791815,0.156707725366746,0.0276555691723197
,Reptilia,33,0.916632665467324,0.157324960158472,0.0262606440000043
,Reptilia,35,0.920172191174587,0.159404323159081,0.0273929523167378
,Reptilia,38,0.906413356670075,0.148846970797289,0.0237698499081899
,Reptilia,33,0.916440186075834,0.149850788904676,0.0244389159309982
,Reptilia,37,0.911225335264159,0.1462701685325,0.0233926824004032
,Reptilia,49,0.908783939354189,0.149683611528764,0.0241702341162731
,Reptilia,52,0.884474651697489,0.160212023061192,0.0296573105904938
,Reptilia,53,0.877271550990933,0.159146091298373,0.0293030773497466
,Reptilia,26,0.924731330432254,0.176766985536119,0.0345650545619016
,Reptilia,7,0.898877704785608,0.167589038293076,0.0289456810315109
,Reptilia,6,0.944681457257218,0.164932423852938,0.028093961789978
,Reptilia,7,0.910287209580568,0.164742983087661,0.027816768403493
,Reptilia,5,0.796835841644975,0.146282951591309,0.0230198442886928
,Reptilia,31,0.884266616918237,0.155569575080024,0.026373136471796
,Reptilia,32,0.907132659950092,0.160866566100444,0.0271364256285872
,Reptilia,29,0.901971916932565,0.160595129683656,0.0276106574416915
,Reptilia,32,0.917294006396626,0.154548231477646,0.0262007566533485
,Reptilia,32,0.917294006396626,0.154548231477646,0.0262007566533485
,Reptilia,29,0.890554015579666,0.14758340540476,0.0236657008189871
,Reptilia,32,0.918437164662043,0.144962969905469,0.0230419654273852
,Reptilia,41,0.913448408409353,0.147944917396221,0.023657720534875
,Reptilia,45,0.918988739396979,0.151196712136133,0.0247644462378786
,Reptilia,46,0.913676634772042,0.153355179520146,0.0255302420940957
,Reptilia,47,0.900721919468237,0.149013636460762,0.0242089178255821
,Reptilia,48,0.884623615019153,0.16437295693534,0.0309029718414783
,Reptilia,45,0.887627075584219,0.164890570870973,0.0314338393468133
,Reptilia,12,0.955112651245618,0.183812762991099,0.0342958492330517
,Reptilia,7,0.929963510249599,0.17723681438506,0.0321948248519524
,Reptilia,6,0.944681457257218,0.164932423852938,0.028093961789978
,Reptilia,5,0.796835841644975,0.146282951591309,0.0230198442886928
,Reptilia,5,0.731310442770264,0.183338418203003,0.0386463285715783
,Reptilia,7,0.822747218349015,0.176794947840984,0.03449024083662
,Reptilia,6,0.857819242227982,0.157098800329954,0.0256107061775342
,Reptilia,11,0.831631628446152,0.133884909034585,0.0225496321007327
,Reptilia,12,0.833292108243673,0.14331792704377,0.0247425629359454
,Reptilia,17,0.839248483848258,0.141303011429738,0.0254156993211572
,Reptilia,18,0.81937246290087,0.141218912766837,0.0252989077128895
,Reptilia,29,0.912777599828978,0.158860486327176,0.0265486031070202
,Reptilia,28,0.899510090353777,0.16085671851438,0.027832990844341
,Reptilia,32,0.899404044746304,0.150068392195002,0.0242495469069886
,Reptilia,35,0.915257497148718,0.153034004551908,0.0252901350837588
,Reptilia,36,0.915507165593271,0.148770645028927,0.0241773325705721
,Reptilia,36,0.911483501218886,0.152297476275062,0.0262101258880232
,Reptilia,35,0.918074075522058,0.15132578670741,0.0257431231710544
,Reptilia,37,0.896586590133486,0.167886373429688,0.0329290804119641
,Reptilia,11,0.941800279442964,0.179938293744943,0.0330924092657113
,Reptilia,5,0.8699801114349,0.129848933144401,0.0228163239161226
,Reptilia,5,0.895318509122837,0.160487080795148,0.0275939602853863
,Reptilia,13,0.827478281800177,0.138189365073394,0.0236342642067577
,Reptilia,15,0.846165957034227,0.150442890940633,0.0275759827015277
,Reptilia,21,0.837691512114671,0.15884638404768,0.0288562541641837
,Reptilia,22,0.864284689439736,0.161607207055854,0.0280074529011962
,Reptilia,23,0.86977125675392,0.166399665909593,0.02898551891117
,Reptilia,32,0.894462776616355,0.156374560207255,0.0264245017828331
,Reptilia,33,0.905564389392298,0.144231169680012,0.0232184637791992
,Reptilia,29,0.902809901165551,0.14562645824621,0.0230145432054057
,Reptilia,28,0.891931963920756,0.141133435872198,0.0224333051464654
,Reptilia,28,0.891931963920756,0.141133435872198,0.0224333051464654
,Reptilia,26,0.892588874561452,0.140857496380774,0.0225978089533067
,Reptilia,25,0.905657323096811,0.145382850841153,0.0239726696819124
,Reptilia,36,0.911157258913405,0.156392670633924,0.0274304845846967
,Reptilia,36,0.911157258913405,0.156392670633924,0.0274304845846967
,Reptilia,36,0.908705752601045,0.152978519091656,0.0264831247738547
,Reptilia,12,0.948919365494774,0.18371009928149,0.035054714745339
,Reptilia,5,0.8699801114349,0.129848933144401,0.0228163239161226
,Reptilia,25,0.866985781519681,0.164005540913008,0.0293208941778245
,Reptilia,24,0.892854437080332,0.140869690642775,0.0224567723687363
,Reptilia,24,0.906236955678901,0.143985012268021,0.0236388102326569
,Reptilia,22,0.905762861976369,0.142536740732522,0.0232817190175653
,Reptilia,30,0.900805585732394,0.159570368486479,0.0279030296557483
,Reptilia,39,0.880183632872725,0.16804914906894,0.0334383131034756
,Reptilia,39,0.882449526197065,0.168678718680822,0.0335840613149219
,Reptilia,12,0.942461994717627,0.168218830208314,0.029818555174421
,Reptilia,6,0.8498060286676,0.152290144526797,0.0259629962006436
,Reptilia,10,0.828498894992501,0.125617580460731,0.0231942339741822
,Reptilia,21,0.859770177303035,0.16627019893325,0.0307196239065772
,Reptilia,38,0.885956990499104,0.158691625689201,0.0279657739883141
,Reptilia,36,0.893976534314751,0.151226079559579,0.0255779823933125
,Reptilia,30,0.903523120430845,0.141496040335794,0.0226865318371627
,Reptilia,24,0.885195563795436,0.136994830056774,0.021561874330494
,Reptilia,19,0.89839700759982,0.13668496807498,0.0217978147434756
,Reptilia,20,0.892741390885728,0.14739008556264,0.0254880114084335
,Reptilia,23,0.901094400802369,0.149614358842185,0.0260066390733425
,Reptilia,28,0.90189425156318,0.147441999916224,0.0244861108821212
,Reptilia,33,0.898530711988799,0.166740935165921,0.032677098323966
,Reptilia,32,0.89541064890179,0.166927856551923,0.0330498624853296
,Reptilia,9,0.938970475443961,0.156065353207859,0.0261255670663684
,Reptilia,5,0.815189231239943,0.118779394390115,0.0198457362476544
,Reptilia,6,0.839613111033138,0.104049798924835,0.0167892440188261
,Reptilia,12,0.810741777742301,0.111525696743852,0.01976112107771
,Reptilia,17,0.82745754852072,0.162212062194976,0.0302207739248742
,Reptilia,37,0.882701591657735,0.15985352746972,0.0282113616075396
,Reptilia,33,0.903015357034072,0.158475655354301,0.0275091513415428
,Reptilia,24,0.88342136044935,0.123306327065781,0.0194146650084387
,Reptilia,19,0.903665745668058,0.153552246793385,0.0267724245047104
,Reptilia,18,0.901617345226195,0.157677926908375,0.0284842961626519
,Reptilia,21,0.886747292066174,0.146626762509101,0.0256803656627992
,Reptilia,29,0.880430917952744,0.16396341234657,0.0313932522993708
,Reptilia,8,0.771897892881344,0.117834546681494,0.020385851204671
,Reptilia,6,0.786255862654149,0.142137755473577,0.0257878553201705
,Reptilia,8,0.771897892881344,0.117834546681494,0.020385851204671
,Reptilia,5,0.748759105168168,0.117573601925751,0.0225218462889332
,Reptilia,15,0.837756939856288,0.106317091396618,0.0165219662886707
,Reptilia,29,0.900908723054373,0.15354329909118,0.0270358996568579
,Reptilia,24,0.882383973135994,0.137501459545996,0.0235198993608899
,Reptilia,18,0.899089917971979,0.157810010527466,0.0284292327147858
,Reptilia,20,0.894920456706737,0.13523831175487,0.0213803743467101
,Reptilia,20,0.902012952281987,0.141595203312442,0.0235222481052327
,Reptilia,22,0.902828757996251,0.144988929547959,0.0243355121341736
,Reptilia,28,0.877233988218072,0.162408621425551,0.0317820370774066
,Reptilia,5,0.918340263020944,0.0687196961482828,0.00553262986363234
,Reptilia,5,0.918340263020944,0.0687196961482828,0.00553262986363234
,Reptilia,8,0.771897892881344,0.117834546681494,0.020385851204671
,Reptilia,6,0.786255862654149,0.142137755473577,0.0257878553201705
,Reptilia,8,0.846631798776943,0.0768994344313233,0.00909180615493834
,Reptilia,29,0.894538235595648,0.146901391100321,0.0252095978764563
,Reptilia,26,0.878490446365537,0.135585223170565,0.0231351421369361
,Reptilia,23,0.871201439563792,0.138115608150216,0.0239929347018378
,Reptilia,19,0.892419439478292,0.155887449081869,0.0280647514302281
,Reptilia,17,0.892701949769278,0.159798409619408,0.0292181680114212
,Reptilia,20,0.886402101018586,0.151101010312377,0.0267704037044833
,Reptilia,20,0.891193645980358,0.135821890161647,0.0214673439719787
,Reptilia,20,0.88804676863018,0.130401138745664,0.0205905160116509
,Reptilia,20,0.88804676863018,0.130401138745664,0.0205905160116509
,Reptilia,22,0.888567734246272,0.147789025593338,0.0270721053917381
,Reptilia,5,0.843076408835385,0.147328354767774,0.0292711238758378
,Reptilia,8,0.846631798776943,0.0768994344313233,0.00909180615493834
,Reptilia,16,0.84214482902964,0.102732496557891,0.0173793833170258
,Reptilia,28,0.888556759081267,0.146814459941214,0.025837906073445
,Reptilia,22,0.851152980721497,0.152446503539704,0.0293143437613303
,Reptilia,23,0.8620292742285,0.136797419621295,0.023763692159254
,Reptilia,15,0.906669769065272,0.15772946262564,0.0284457264123089
,Reptilia,18,0.876700795741697,0.130004224859263,0.0205744870200819
,Reptilia,23,0.851593124559022,0.150354165402604,0.0280446612309663
,Reptilia,5,0.851864429034301,0.0953831617679901,0.0103453185605979
,Reptilia,10,0.874718311644149,0.0790987659902528,0.00952775012964027
,Reptilia,21,0.844962232712944,0.126210247178773,0.023274073291411
,Reptilia,17,0.847539996652336,0.146664341935856,0.027454668716676
,Reptilia,19,0.860059881466188,0.145828470846435,0.026600800006492
,Reptilia,19,0.883038306538693,0.155865278532952,0.0279948401682779
,Reptilia,17,0.895188878443418,0.157161721656288,0.0286933334725922
,Reptilia,17,0.895188878443418,0.157161721656288,0.0286933334725922
,Reptilia,16,0.888207510152147,0.142673256127637,0.0230861305721028
,Reptilia,10,0.946412594521361,0.175670731442351,0.0355377627075765
,Reptilia,5,0.851864429034301,0.0953831617679901,0.0103453185605979
,Reptilia,12,0.875517748354958,0.0790138248855545,0.00899427829041586
,Reptilia,16,0.885023218255004,0.0851402933511527,0.0100220948168052
,Reptilia,18,0.870135678923332,0.098084419908718,0.0141467170717985
,Reptilia,18,0.834666483081821,0.122008946156579,0.0227438406440916
,Reptilia,18,0.827241116742703,0.120541484654414,0.0226044833943298
,Reptilia,18,0.887773193526707,0.153024464949306,0.0276281834795971
,Reptilia,18,0.855390299384724,0.0982181513103888,0.0142331950629536
,Reptilia,20,0.845283923752617,0.111729961523337,0.018581655352131
,Reptilia,19,0.828025810130235,0.118192032440626,0.0217896126708706
,Reptilia,17,0.834702949183204,0.125947912615245,0.0238307590588042
,Reptilia,15,0.837451474777608,0.133987552712526,0.0259507018250466
,Reptilia,16,0.855886907729272,0.170534944075579,0.0342254813482568
,Reptilia,18,0.845908184940144,0.143614622963068,0.0263016356496032
,Reptilia,16,0.828056945160309,0.143134919515809,0.0261800511330374
,Reptilia,12,0.847338518974958,0.139422499295449,0.0235322003798936
,Reptilia,12,0.847338518974958,0.139422499295449,0.0235322003798936
,Reptilia,12,0.847338518974958,0.139422499295449,0.0235322003798936
,Reptilia,13,0.859380273244444,0.140777527514796,0.0238364339798988
,Reptilia,12,0.880088746353563,0.146458927804098,0.0251579019166773
,Reptilia,6,0.935136628981068,0.166534955555284,0.0283187100166943
,Reptilia,5,0.753803357524437,0.0914513728216776,0.0136910263259085
,Reptilia,16,0.889423003263882,0.0860983429284364,0.0102695688848756
,Reptilia,17,0.884704761498781,0.0831465082593421,0.00974935138636092
,Reptilia,16,0.818334775791125,0.130512686212127,0.0251243618501377
,Reptilia,17,0.835402383037419,0.144166421079613,0.026898044334183
,Reptilia,17,0.836350763137503,0.143999076471096,0.02701305715367
,Reptilia,13,0.837445618412678,0.133985219095108,0.0222909325734525
,Reptilia,12,0.880088746353563,0.146458927804098,0.0251579019166773
,Reptilia,16,0.833846793406682,0.172937460361583,0.0355423903590279
,Reptilia,5,0.753803357524437,0.0914513728216776,0.0136910263259085
,Reptilia,7,0.839890350730378,0.103452283230515,0.0147311459807031
,Reptilia,12,0.867585338666738,0.0931882623386778,0.0124387618118306
,Reptilia,14,0.887342926048948,0.0874036832843875,0.0110232313144092
,Reptilia,16,0.84316905107918,0.0912010594271552,0.0133945827589982
,Reptilia,15,0.807226312844073,0.131661089344704,0.0259622243430937
,Reptilia,16,0.824598127348096,0.14579260638606,0.0274640049893439
,Reptilia,18,0.845908184940144,0.143614622963068,0.0263016356496032
,Reptilia,13,0.837445618412678,0.133985219095108,0.0222909325734525
,Reptilia,13,0.837445618412678,0.133985219095108,0.0222909325734525
,Reptilia,13,0.837445618412678,0.133985219095108,0.0222909325734525
,Reptilia,13,0.837445618412678,0.133985219095108,0.0222909325734525
,Reptilia,13,0.860343706389131,0.140937864077804,0.0238520300506157
,Reptilia,17,0.822665367718075,0.16647037371642,0.0337285574559438
,Reptilia,18,0.8126381460707,0.16021415704118,0.0320798536829199
,Reptilia,6,0.803318222936128,0.0998273089054261,0.0140313935653248
,Reptilia,13,0.852889225719273,0.101331408180822,0.0156984483102553
,Reptilia,16,0.855134508732911,0.0898625834261083,0.013103654805959
,Reptilia,12,0.803040117156571,0.114994600810142,0.0205692895798423
,Reptilia,12,0.825078373685943,0.150911207333242,0.0308043080424355
,Reptilia,13,0.868535487278343,0.164348655484897,0.0321277745903515
,Reptilia,15,0.830898807527393,0.151411168690759,0.0288272825004808
,Reptilia,18,0.856191573276309,0.128485929051006,0.0206458929693124
,Reptilia,13,0.837445618412678,0.133985219095108,0.0222909325734525
,Reptilia,13,0.837445618412678,0.133985219095108,0.0222909325734525
,Reptilia,12,0.84834275151209,0.139643774574597,0.0235568587319499
,Reptilia,12,0.859881273474941,0.14619587207665,0.025163279060376
,Reptilia,12,0.859881273474941,0.14619587207665,0.025163279060376
,Reptilia,18,0.8126381460707,0.16021415704118,0.0320798536829199
,Reptilia,18,0.8126381460707,0.16021415704118,0.0320798536829199
,Reptilia,5,0.72933133063559,0.118669162481901,0.0180311827126009
,Reptilia,6,0.742994399621322,0.101965905785685,0.0151273556240413
,Reptilia,5,0.753803357524437,0.0914513728216776,0.0136910263259085
,Reptilia,14,0.83854532375573,0.0938409943509552,0.0145855806521474
,Reptilia,14,0.82299827302965,0.105341969784796,0.0180282456459918
,Reptilia,11,0.840972145359255,0.159758540381077,0.0330674974934433
,Reptilia,12,0.844003764313553,0.150682197431641,0.0306269430702616
,Reptilia,13,0.868535487278343,0.164348655484897,0.0321277745903515
,Reptilia,17,0.822665367718075,0.16647037371642,0.0337285574559438
,Reptilia,13,0.841359227216886,0.140795409860561,0.0239752300302387
,Reptilia,13,0.841359227216886,0.140795409860561,0.0239752300302387
,Reptilia,18,0.8126381460707,0.16021415704118,0.0320798536829199
,Reptilia,17,0.822665367718075,0.16647037371642,0.0337285574559438
,Reptilia,5,0.702421224703454,0.0961407069358594,0.0155013988336036
,Reptilia,5,0.702421224703454,0.0961407069358594,0.0155013988336036
,Reptilia,5,0.702421224703454,0.0961407069358594,0.0155013988336036
,Reptilia,5,0.702421224703454,0.0961407069358594,0.0155013988336036
,Reptilia,5,0.702421224703454,0.0961407069358594,0.0155013988336036
,Reptilia,5,0.702421224703454,0.0961407069358594,0.0155013988336036
,Reptilia,6,0.742994399621322,0.101965905785685,0.0151273556240413
,Reptilia,5,0.755168998687813,0.103602852930015,0.0130635807190569
,Reptilia,9,0.824236634042804,0.0832003879461569,0.0101868247664789
,Reptilia,9,0.824236634042804,0.0832003879461569,0.0101868247664789
,Reptilia,9,0.786263508149233,0.100092188483218,0.0142372469000306
,Reptilia,11,0.790672471063964,0.130069969949598,0.0236173908504635
,Reptilia,12,0.806469201075587,0.103305227946401,0.0180953515745665
,Reptilia,13,0.818718719873951,0.100722119351635,0.0171488243320262
,Reptilia,11,0.847141648716527,0.161508482182717,0.0322152614164182
,Reptilia,16,0.842240435990926,0.125992694330061,0.0203158760850726
,Reptilia,14,0.845219327361118,0.130218651334749,0.021337555516903
,Reptilia,13,0.837445618412678,0.133985219095108,0.0222909325734525
,Reptilia,18,0.8126381460707,0.16021415704118,0.0320798536829199
,Reptilia,18,0.8126381460707,0.16021415704118,0.0320798536829199
,Reptilia,5,0.702421224703454,0.0961407069358594,0.0155013988336036
,Reptilia,5,0.702421224703454,0.0961407069358594,0.0155013988336036
,Reptilia,5,0.702421224703454,0.0961407069358594,0.0155013988336036
,Reptilia,5,0.702421224703454,0.0961407069358594,0.0155013988336036
,Reptilia,5,0.702421224703454,0.0961407069358594,0.0155013988336036
,Reptilia,5,0.702421224703454,0.0961407069358594,0.0155013988336036
,Reptilia,6,0.742994399621322,0.101965905785685,0.0151273556240413
,Reptilia,6,0.742994399621322,0.101965905785685,0.0151273556240413
,Reptilia,6,0.742994399621322,0.101965905785685,0.0151273556240413
,Reptilia,9,0.824236634042804,0.0832003879461569,0.0101868247664789
,Reptilia,12,0.81245607380827,0.0922809651898944,0.0133633173031585
,Reptilia,10,0.815167172771518,0.155938370760636,0.0328100586351289
,Reptilia,11,0.847141648716527,0.161508482182717,0.0322152614164182
,Reptilia,16,0.842240435990926,0.125992694330061,0.0203158760850726
,Reptilia,5,0.702421224703454,0.0961407069358594,0.0155013988336036
,Reptilia,5,0.702421224703454,0.0961407069358594,0.0155013988336036
,Reptilia,5,0.702421224703454,0.0961407069358594,0.0155013988336036
,Reptilia,5,0.702421224703454,0.0961407069358594,0.0155013988336036
,Reptilia,5,0.702421224703454,0.0961407069358594,0.0155013988336036
,Reptilia,5,0.702421224703454,0.0961407069358594,0.0155013988336036
,Reptilia,6,0.742994399621322,0.101965905785685,0.0151273556240413
,Reptilia,8,0.82119787100718,0.0761335936408279,0.00950684410893941
,Reptilia,12,0.81245607380827,0.0922809651898944,0.0133633173031585
,Reptilia,9,0.786263508149233,0.100092188483218,0.0142372469000306
,Reptilia,10,0.815167172771518,0.155938370760636,0.0328100586351289
,Reptilia,14,0.853136323030323,0.153478808628557,0.0287193298037711
,Reptilia,16,0.842240435990926,0.125992694330061,0.0203158760850726
,Reptilia,5,0.781931875336202,0.131670426099962,0.0210149289169129
,Reptilia,6,0.742994399621322,0.101965905785685,0.0151273556240413
,Reptilia,11,0.832610920860326,0.0925186622979285,0.0134847596672516
,Reptilia,11,0.8005705013402,0.0879871013644974,0.0132554145056915
,Reptilia,12,0.81245607380827,0.0922809651898944,0.0133633173031585
,Reptilia,12,0.81245607380827,0.0922809651898944,0.0133633173031585
,Reptilia,9,0.786263508149233,0.100092188483218,0.0142372469000306
,Reptilia,9,0.786263508149233,0.100092188483218,0.0142372469000306
,Reptilia,10,0.815167172771518,0.155938370760636,0.0328100586351289
,Reptilia,11,0.862373359843233,0.142601377757055,0.0255046748619947
,Reptilia,15,0.828540046652384,0.126268837409429,0.020408028596655
,Reptilia,15,0.828540046652384,0.126268837409429,0.020408028596655
,Reptilia,16,0.842240435990926,0.125992694330061,0.0203158760850726
,Reptilia,5,0.781931875336202,0.131670426099962,0.0210149289169129
,Reptilia,5,0.781931875336202,0.131670426099962,0.0210149289169129
,Reptilia,5,0.781931875336202,0.131670426099962,0.0210149289169129
,Reptilia,9,0.871679725031518,0.0962189697566136,0.0136455065936268
,Reptilia,10,0.857084257930662,0.0946688518378559,0.0127968795571572
,Reptilia,11,0.869011305650908,0.109328458216902,0.0155657423586406
,Reptilia,10,0.867374404177171,0.113706344560641,0.0166117452278141
,Reptilia,9,0.874889019240955,0.116762186162396,0.0175940110379945
,Reptilia,7,0.789268770876805,0.098523052928165,0.014858319239536
,Reptilia,7,0.789268770876805,0.098523052928165,0.014858319239536
,Reptilia,7,0.789268770876805,0.098523052928165,0.014858319239536
,Reptilia,7,0.789268770876805,0.098523052928165,0.014858319239536
,Reptilia,8,0.901939275223471,0.0474397663652317,0.00289569068609719
,Reptilia,10,0.859013319801114,0.0712806704911338,0.00808958562121087
,Reptilia,12,0.821057050493287,0.0863020182757778,0.0124145480431608
,Reptilia,9,0.786263508149233,0.100092188483218,0.0142372469000306
,Reptilia,8,0.810267482699721,0.108138898443239,0.0156571721794134
,Reptilia,7,0.842088168041818,0.0821030613390696,0.00930088225236747
,Reptilia,9,0.847114361249022,0.0814602467269818,0.00899278565073434
,Reptilia,11,0.81063862047598,0.11796637107501,0.0219271035386465
,Reptilia,12,0.843825682494267,0.137789977927334,0.0242483702270691
,Reptilia,15,0.831373436283899,0.126938673795197,0.0210530899272189
,Reptilia,15,0.835264042358467,0.101790276781807,0.0130020835958155
,Reptilia,19,0.81734829139014,0.135263673018707,0.0219904400508119
,Reptilia,11,0.869011305650908,0.109328458216902,0.0155657423586406
,Reptilia,12,0.861794295853327,0.105352009386886,0.015146817506589
,Reptilia,11,0.855647059723019,0.0916219251913271,0.012527398324427
,Reptilia,7,0.789268770876805,0.098523052928165,0.014858319239536
,Reptilia,8,0.822754349647967,0.0871957093433212,0.0132067547825017
,Reptilia,9,0.909206944804846,0.0512391054303883,0.00324410767171795
,Reptilia,10,0.852868050869396,0.0680334469178414,0.00795524829267527
,Reptilia,11,0.867936108175267,0.0668004069793935,0.00737590907633765
,Reptilia,8,0.757520564184514,0.100034253010372,0.0144696175806819
,Reptilia,9,0.786263508149233,0.100092188483218,0.0142372469000306
,Reptilia,9,0.786263508149233,0.100092188483218,0.0142372469000306
,Reptilia,15,0.835264042358467,0.101790276781807,0.0130020835958155
,Reptilia,21,0.840183503382708,0.134070055068614,0.0233381440944746
,Reptilia,12,0.859658743142726,0.131817334555542,0.020726560960944
,Reptilia,12,0.859658743142726,0.131817334555542,0.020726560960944
,Reptilia,12,0.859658743142726,0.131817334555542,0.020726560960944
,Reptilia,11,0.851540764823375,0.104238581671579,0.0151273373941336
,Reptilia,12,0.868415163361053,0.102338184377668,0.0150048036740552
,Reptilia,11,0.863845103124039,0.103774768768072,0.0158280564965813
,Reptilia,10,0.914676787067245,0.0517774476250946,0.00325400219438712
,Reptilia,10,0.914676787067245,0.0517774476250946,0.00325400219438712
,Reptilia,12,0.818746038073887,0.0854157547181667,0.0121794089585256
,Reptilia,10,0.815652948558351,0.0932241541365862,0.0141948177285513
,Reptilia,8,0.757520564184514,0.100034253010372,0.0144696175806819
,Reptilia,8,0.757520564184514,0.100034253010372,0.0144696175806819
,Reptilia,8,0.757520564184514,0.100034253010372,0.0144696175806819
,Reptilia,9,0.786263508149233,0.100092188483218,0.0142372469000306
,Reptilia,8,0.810267482699721,0.108138898443239,0.0156571721794134
,Reptilia,7,0.842088168041818,0.0821030613390696,0.00930088225236747
,Reptilia,7,0.842088168041818,0.0821030613390696,0.00930088225236747
,Reptilia,10,0.796311522332985,0.122455665787928,0.0235491752848642
,Reptilia,11,0.799269724593261,0.115505864452497,0.0215779363768231
,Reptilia,13,0.808866407498966,0.107696095725211,0.0190075860728536
,Reptilia,16,0.809649692330778,0.122334805224023,0.0200200206390134
,Reptilia,15,0.814354907993303,0.102755738979151,0.0131148791792522
,Reptilia,15,0.83335157614268,0.119616314184507,0.0186508227846838
,Reptilia,16,0.864790369618155,0.109176138383038,0.0150138623255483
,Reptilia,21,0.840183503382708,0.134070055068614,0.0233381440944746
,Reptilia,5,0.801588776395591,0.119685775577127,0.0233553994229456
,Reptilia,10,0.857084257930662,0.0946688518378559,0.0127968795571572
,Reptilia,11,0.827430283857749,0.11709860105336,0.0181037994895445
,Reptilia,12,0.856849700921705,0.127762586416134,0.0196091951517362
,Reptilia,12,0.859658743142726,0.131817334555542,0.020726560960944
,Reptilia,11,0.857115244411672,0.131836612144527,0.0204373318581769
,Reptilia,10,0.867374404177171,0.113706344560641,0.0166117452278141
,Reptilia,13,0.886680475147655,0.12460390730517,0.019420374433145
,Reptilia,12,0.877618515327201,0.127951145936787,0.0201854747625112
,Reptilia,12,0.818746038073887,0.0854157547181667,0.0121794089585256
,Reptilia,8,0.757520564184514,0.100034253010372,0.0144696175806819
,Reptilia,8,0.757520564184514,0.100034253010372,0.0144696175806819
,Reptilia,8,0.810267482699721,0.108138898443239,0.0156571721794134
,Reptilia,7,0.842088168041818,0.0821030613390696,0.00930088225236747
,Reptilia,15,0.814354907993303,0.102755738979151,0.0131148791792522
,Reptilia,14,0.825787646119876,0.106016432814157,0.0137148343925848
,Reptilia,19,0.812725380501691,0.13257493977066,0.0219262101435381
,Reptilia,16,0.864790369618155,0.109176138383038,0.0150138623255483
,Reptilia,6,0.845866212497484,0.114397881365314,0.0208547940602
,Reptilia,11,0.868249294256568,0.100865638329559,0.0146613760237742
,Reptilia,12,0.84416875645525,0.119245562426362,0.0192476713253959
,Reptilia,11,0.827430283857749,0.11709860105336,0.0181037994895445
,Reptilia,13,0.860794944902403,0.127351386967198,0.0197637680511744
,Reptilia,12,0.859658743142726,0.131817334555542,0.020726560960944
,Reptilia,12,0.859658743142726,0.131817334555542,0.020726560960944
,Reptilia,11,0.857115244411672,0.131836612144527,0.0204373318581769
,Reptilia,11,0.857115244411672,0.131836612144527,0.0204373318581769
,Reptilia,11,0.857115244411672,0.131836612144527,0.0204373318581769
,Reptilia,11,0.857115244411672,0.131836612144527,0.0204373318581769
,Reptilia,13,0.886680475147655,0.12460390730517,0.019420374433145
,Reptilia,13,0.860232032855508,0.120323465815048,0.018799154833471
,Reptilia,11,0.814320377939751,0.0878732413012342,0.0130408657613039
,Reptilia,8,0.757520564184514,0.100034253010372,0.0144696175806819
,Reptilia,8,0.757520564184514,0.100034253010372,0.0144696175806819
,Reptilia,8,0.757520564184514,0.100034253010372,0.0144696175806819
,Reptilia,7,0.771887396884048,0.109745287055835,0.0161491054142226
,Reptilia,7,0.842088168041818,0.0821030613390696,0.00930088225236747
,Reptilia,7,0.842088168041818,0.0821030613390696,0.00930088225236747
,Reptilia,7,0.842088168041818,0.0821030613390696,0.00930088225236747
,Reptilia,12,0.817487136163298,0.117931074612243,0.0202836577134099
,Reptilia,15,0.814354907993303,0.102755738979151,0.0131148791792522
,Reptilia,14,0.825188063902348,0.0921803747053248,0.0108514993292482
,Reptilia,13,0.832123186529941,0.0957866584450139,0.0114644930584676
,Reptilia,13,0.814455168776592,0.108338257425181,0.0140866395499701
,Reptilia,17,0.828558975442763,0.118659158715499,0.0195895468400302
,Reptilia,17,0.872981136418616,0.118819290951726,0.0170384409445952
,Reptilia,17,0.872981136418616,0.118819290951726,0.0170384409445952
,Reptilia,6,0.843305073011928,0.131505995129888,0.0229412202492666
,Reptilia,10,0.860234592024879,0.103334857031021,0.0154084336282625
,Reptilia,13,0.860794944902403,0.127351386967198,0.0197637680511744
,Reptilia,13,0.860794944902403,0.127351386967198,0.0197637680511744
,Reptilia,11,0.857115244411672,0.131836612144527,0.0204373318581769
,Reptilia,11,0.857115244411672,0.131836612144527,0.0204373318581769
,Reptilia,11,0.857115244411672,0.131836612144527,0.0204373318581769
,Reptilia,11,0.857115244411672,0.131836612144527,0.0204373318581769
,Reptilia,13,0.831585229326402,0.0927869642562278,0.0133867916960099
,Reptilia,8,0.757520564184514,0.100034253010372,0.0144696175806819
,Reptilia,9,0.794231778973128,0.0942136107816111,0.0131437398867959
,Reptilia,12,0.81859280491955,0.113256509905687,0.0159384273743571
,Reptilia,12,0.81859280491955,0.113256509905687,0.0159384273743571
,Reptilia,9,0.864631888378795,0.107221652401977,0.014361164384308
,Reptilia,7,0.771887396884048,0.109745287055835,0.0161491054142226
,Reptilia,7,0.771887396884048,0.109745287055835,0.0161491054142226
,Reptilia,7,0.771887396884048,0.109745287055835,0.0161491054142226
,Reptilia,7,0.771887396884048,0.109745287055835,0.0161491054142226
,Reptilia,7,0.842088168041818,0.0821030613390696,0.00930088225236747
,Reptilia,7,0.842088168041818,0.0821030613390696,0.00930088225236747
,Reptilia,7,0.842088168041818,0.0821030613390696,0.00930088225236747
,Reptilia,7,0.842088168041818,0.0821030613390696,0.00930088225236747
,Reptilia,7,0.901880550479569,0.0870253674313953,0.00969063731000716
,Reptilia,13,0.832123186529941,0.0957866584450139,0.0114644930584676
,Reptilia,13,0.8111993895914,0.10848810736925,0.0141473627386027
,Reptilia,15,0.840307934486451,0.112469362214471,0.0156711297163493
,Reptilia,16,0.864790369618155,0.109176138383038,0.0150138623255483
,Reptilia,16,0.864790369618155,0.109176138383038,0.0150138623255483
,Reptilia,17,0.891813657858396,0.12493966251178,0.0190717021493295
,Reptilia,17,0.891813657858396,0.12493966251178,0.0190717021493295
,Reptilia,14,0.882138225065827,0.127848881632354,0.0188415341835623
,Reptilia,6,0.845866212497484,0.114397881365314,0.0208547940602
,Reptilia,13,0.847924225502796,0.120537145902781,0.0195697999610252
,Reptilia,13,0.860794944902403,0.127351386967198,0.0197637680511744
,Reptilia,12,0.859658743142726,0.131817334555542,0.020726560960944
,Reptilia,11,0.857115244411672,0.131836612144527,0.0204373318581769
,Reptilia,11,0.857115244411672,0.131836612144527,0.0204373318581769
,Reptilia,11,0.857115244411672,0.131836612144527,0.0204373318581769
,Reptilia,11,0.857115244411672,0.131836612144527,0.0204373318581769
,Reptilia,9,0.845738357025422,0.113286955541068,0.0163012735125738
,Reptilia,13,0.863614559346405,0.113950697022984,0.0168228200088917
,Reptilia,11,0.823573660499765,0.0940217705794209,0.0135266565991168
,Reptilia,10,0.76879892479487,0.112750083016713,0.0165743313587511
,Reptilia,8,0.757520564184514,0.100034253010372,0.0144696175806819
,Reptilia,8,0.757520564184514,0.100034253010372,0.0144696175806819
,Reptilia,9,0.773170159840625,0.0993775166936926,0.0159751280443222
,Reptilia,9,0.773170159840625,0.0993775166936926,0.0159751280443222
,Reptilia,13,0.82022082858303,0.114592955545408,0.0171168017646219
,Reptilia,7,0.842088168041818,0.0821030613390696,0.00930088225236747
,Reptilia,13,0.829990442275461,0.099464866861029,0.0123146021437317
,Reptilia,17,0.891813657858396,0.12493966251178,0.0190717021493295
,Reptilia,16,0.903983142688362,0.129626765693718,0.0200571606968572
,Reptilia,14,0.882138225065827,0.127848881632354,0.0188415341835623
,Reptilia,9,0.856693081054116,0.106118178522719,0.0165780970675774
,Reptilia,13,0.860794944902403,0.127351386967198,0.0197637680511744
,Reptilia,11,0.857115244411672,0.131836612144527,0.0204373318581769
,Reptilia,11,0.857115244411672,0.131836612144527,0.0204373318581769
,Reptilia,11,0.857115244411672,0.131836612144527,0.0204373318581769
,Reptilia,11,0.857115244411672,0.131836612144527,0.0204373318581769
,Reptilia,11,0.838793983600122,0.140734899349905,0.0244123239145987
,Reptilia,9,0.845738357025422,0.113286955541068,0.0163012735125738
,Reptilia,10,0.822734169333413,0.105487452995138,0.0149457576084881
,Reptilia,11,0.846103430399717,0.120662508859907,0.0174904855463025
,Reptilia,11,0.823573660499765,0.0940217705794209,0.0135266565991168
,Reptilia,11,0.791088714021369,0.110927234024111,0.0162095181916346
,Reptilia,13,0.833450595657008,0.125681825048723,0.0185710505833493
,Reptilia,13,0.833450595657008,0.125681825048723,0.0185710505833493
,Reptilia,12,0.81859280491955,0.113256509905687,0.0159384273743571
,Reptilia,13,0.82022082858303,0.114592955545408,0.0171168017646219
,Reptilia,6,0.821807419910786,0.0772189108044361,0.00898884760549607
,Reptilia,6,0.821807419910786,0.0772189108044361,0.00898884760549607
,Reptilia,5,0.846890985757764,0.0869376348180437,0.00883036164904157
,Reptilia,11,0.806943816378686,0.101565370022854,0.0127809007071516
,Reptilia,15,0.863557279534752,0.112259504725627,0.015682145257255
,Reptilia,14,0.889289626636225,0.116901737028406,0.0165377222254682
,Reptilia,13,0.902873570992643,0.134035311120372,0.0200418037349508
,Reptilia,13,0.902873570992643,0.134035311120372,0.0200418037349508
,Reptilia,13,0.902873570992643,0.134035311120372,0.0200418037349508
,Reptilia,13,0.847924225502796,0.120537145902781,0.0195697999610252
,Reptilia,13,0.847924225502796,0.120537145902781,0.0195697999610252
,Reptilia,12,0.834140639629491,0.117551248911963,0.0183116213321308
,Reptilia,10,0.841565129169452,0.136343250106236,0.0213643338421254
,Reptilia,11,0.857115244411672,0.131836612144527,0.0204373318581769
,Reptilia,11,0.857115244411672,0.131836612144527,0.0204373318581769
,Reptilia,11,0.838793983600122,0.140734899349905,0.0244123239145987
,Reptilia,11,0.838793983600122,0.140734899349905,0.0244123239145987
,Reptilia,10,0.840715542059115,0.144914741171941,0.0255729815559571
,Reptilia,10,0.840715542059115,0.144914741171941,0.0255729815559571
,Reptilia,9,0.845738357025422,0.113286955541068,0.0163012735125738
,Reptilia,11,0.846103430399717,0.120662508859907,0.0174904855463025
,Reptilia,11,0.846103430399717,0.120662508859907,0.0174904855463025
,Reptilia,14,0.858475425927178,0.108320910853412,0.0156733371937735
,Reptilia,6,0.821807419910786,0.0772189108044361,0.00898884760549607
,Reptilia,6,0.821807419910786,0.0772189108044361,0.00898884760549607
,Reptilia,6,0.810159016797288,0.0815231587340106,0.00831826472021942
,Reptilia,6,0.810159016797288,0.0815231587340106,0.00831826472021942
,Reptilia,6,0.904770220423391,0.0808938679303933,0.00801546642153122
,Reptilia,7,0.87577186779352,0.100167213902526,0.0116430190179149
,Reptilia,10,0.831297690070894,0.105210126246423,0.0133786549209978
,Reptilia,11,0.806943816378686,0.101565370022854,0.0127809007071516
,Reptilia,14,0.889289626636225,0.116901737028406,0.0165377222254682
,Reptilia,13,0.902873570992643,0.134035311120372,0.0200418037349508
,Reptilia,12,0.835502859382831,0.124708519112828,0.0207538825805095
,Reptilia,11,0.827430283857749,0.11709860105336,0.0181037994895445
,Reptilia,13,0.872471031670277,0.136960168305966,0.0211941962793451
,Reptilia,10,0.841565129169452,0.136343250106236,0.0213643338421254
,Reptilia,10,0.841565129169452,0.136343250106236,0.0213643338421254
,Reptilia,10,0.840715542059115,0.144914741171941,0.0255729815559571
,Reptilia,11,0.846103430399717,0.120662508859907,0.0174904855463025
,Reptilia,10,0.841059109737643,0.125567143751231,0.0183359855013178
,Reptilia,14,0.82910026039561,0.128454030986692,0.018723330362255
,Reptilia,10,0.860568073669262,0.0779929443174225,0.00837574108695954
,Reptilia,5,0.766955684590374,0.0782493649352827,0.00819118250454261
,Reptilia,5,0.846890985757764,0.0869376348180437,0.00883036164904157
,Reptilia,6,0.904770220423391,0.0808938679303933,0.00801546642153122
,Reptilia,7,0.862134927551736,0.107679914722511,0.0140753055737058
,Reptilia,7,0.862134927551736,0.107679914722511,0.0140753055737058
,Reptilia,9,0.835509474657489,0.110296004806191,0.0143372835370167
,Reptilia,12,0.868610007398643,0.109251538995518,0.0147800274166414
,Reptilia,12,0.868610007398643,0.109251538995518,0.0147800274166414
,Reptilia,13,0.902873570992643,0.134035311120372,0.0200418037349508
,Reptilia,8,0.847118777331882,0.136241709384174,0.0220544795881823
,Reptilia,8,0.790308664421842,0.117113725714762,0.0180407777969222
,Reptilia,10,0.835324530178011,0.11609177976096,0.0173793415765872
,Reptilia,11,0.836421458678942,0.113543156285798,0.0166501942893708
,Reptilia,10,0.841565129169452,0.136343250106236,0.0213643338421254
,Reptilia,10,0.841565129169452,0.136343250106236,0.0213643338421254
,Reptilia,10,0.841565129169452,0.136343250106236,0.0213643338421254
,Reptilia,10,0.841565129169452,0.136343250106236,0.0213643338421254
,Reptilia,10,0.841565129169452,0.136343250106236,0.0213643338421254
,Reptilia,10,0.838109405955119,0.151427859813462,0.0275550017630831
,Reptilia,11,0.822731556269274,0.137489689386728,0.0242469840140289
,Reptilia,8,0.827041872949463,0.116185190090401,0.0172532767985436
,Reptilia,5,0.881969926998448,0.0799606497702002,0.00747903234826981
,Reptilia,7,0.862134927551736,0.107679914722511,0.0140753055737058
,Reptilia,7,0.862134927551736,0.107679914722511,0.0140753055737058
,Reptilia,8,0.830807262452962,0.0984755153525871,0.0125623074917796
,Reptilia,11,0.87336306077874,0.113696119205473,0.0157345372536828
,Reptilia,13,0.902873570992643,0.134035311120372,0.0200418037349508
,Reptilia,13,0.902873570992643,0.134035311120372,0.0200418037349508
,Reptilia,8,0.789264410294102,0.127957285658068,0.020598847827055
,Reptilia,9,0.825278142378766,0.133314926531632,0.0215200355947572
,Reptilia,8,0.835221008771439,0.136625262431867,0.0213913765581756
,Reptilia,8,0.835221008771439,0.136625262431867,0.0213913765581756
,Reptilia,6,0.815423037365229,0.138441885161294,0.0214845396006075
,Reptilia,10,0.867637260763809,0.146835977394215,0.0229056286685461
,Reptilia,10,0.835081057276701,0.165030203773198,0.0292719291997094
,Reptilia,9,0.814645624134025,0.161385789486411,0.0292512520078082
,Reptilia,6,0.795051485819755,0.143610322039487,0.0261387561704595
,Reptilia,5,0.771430473421255,0.122864457776137,0.0237879599916975
,Reptilia,7,0.794530550160753,0.11856508025345,0.0168770238230884
,Reptilia,11,0.844357614557682,0.116841567775804,0.0165154212091636
,Reptilia,14,0.824557887366403,0.125440906460612,0.0179518280777286
,Reptilia,9,0.852820130033042,0.0775957455429847,0.00783911743079918
,Reptilia,7,0.885691996491185,0.0829250948244093,0.0080821635787631
,Reptilia,7,0.862134927551736,0.107679914722511,0.0140753055737058
,Reptilia,7,0.862134927551736,0.107679914722511,0.0140753055737058
,Reptilia,7,0.862134927551736,0.107679914722511,0.0140753055737058
,Reptilia,8,0.830807262452962,0.0984755153525871,0.0125623074917796
,Reptilia,11,0.874728508549531,0.113046183928221,0.0154465455058322
,Reptilia,11,0.874728508549531,0.113046183928221,0.0154465455058322
,Reptilia,12,0.88426172298509,0.125535402448887,0.0183150032746811
,Reptilia,12,0.88426172298509,0.125535402448887,0.0183150032746811
,Reptilia,12,0.88426172298509,0.125535402448887,0.0183150032746811
,Reptilia,12,0.88426172298509,0.125535402448887,0.0183150032746811
,Reptilia,7,0.855169699181574,0.106856961894498,0.015091631596151
,Reptilia,5,0.804541077224969,0.103805608088524,0.0153660601065248
,Reptilia,8,0.788782543901169,0.112925688911219,0.0160641936205955
,Reptilia,5,0.766955684590374,0.0782493649352827,0.00819118250454261
,Reptilia,6,0.904770220423391,0.0808938679303933,0.00801546642153122
,Reptilia,7,0.862134927551736,0.107679914722511,0.0140753055737058
,Reptilia,7,0.862134927551736,0.107679914722511,0.0140753055737058
,Reptilia,7,0.862134927551736,0.107679914722511,0.0140753055737058
,Reptilia,7,0.862134927551736,0.107679914722511,0.0140753055737058
,Reptilia,7,0.862134927551736,0.107679914722511,0.0140753055737058
,Reptilia,8,0.830807262452962,0.0984755153525871,0.0125623074917796
,Reptilia,9,0.837211989581745,0.104652613436921,0.014828614761951
,Reptilia,11,0.874728508549531,0.113046183928221,0.0154465455058322
,Reptilia,11,0.874728508549531,0.113046183928221,0.0154465455058322
,Reptilia,12,0.88426172298509,0.125535402448887,0.0183150032746811
,Reptilia,12,0.88426172298509,0.125535402448887,0.0183150032746811
,Reptilia,12,0.88426172298509,0.125535402448887,0.0183150032746811
,Reptilia,12,0.813209719744413,0.107065778561097,0.0146990480126207
,Reptilia,9,0.819181259833434,0.115544834468436,0.0192019516150624
,Reptilia,8,0.830730872219731,0.124759615879176,0.0206382716660396
,Reptilia,7,0.795971447161822,0.127012738541449,0.021952183829059
,Reptilia,6,0.781705349583147,0.0812251876085406,0.0106716861444588
,Reptilia,11,0.844357614557682,0.116841567775804,0.0165154212091636
,Reptilia,14,0.824557887366403,0.125440906460612,0.0179518280777286
,Reptilia,5,0.868146022175666,0.0946962772283766,0.00939570586417709
,Reptilia,7,0.862134927551736,0.107679914722511,0.0140753055737058
,Reptilia,7,0.862134927551736,0.107679914722511,0.0140753055737058
,Reptilia,7,0.862134927551736,0.107679914722511,0.0140753055737058
,Reptilia,7,0.862134927551736,0.107679914722511,0.0140753055737058
,Reptilia,7,0.862134927551736,0.107679914722511,0.0140753055737058
,Reptilia,7,0.862134927551736,0.107679914722511,0.0140753055737058
,Reptilia,7,0.862134927551736,0.107679914722511,0.0140753055737058
,Reptilia,11,0.874728508549531,0.113046183928221,0.0154465455058322
,Reptilia,11,0.874728508549531,0.113046183928221,0.0154465455058322
,Reptilia,12,0.88426172298509,0.125535402448887,0.0183150032746811
,Reptilia,16,0.829868079661041,0.11606877444525,0.0174883263746539
,Reptilia,12,0.839755155308853,0.123564444946524,0.01980452338399
,Reptilia,10,0.81007483094179,0.114069758568346,0.0183236760586687
,Reptilia,11,0.78753003395763,0.118946093667175,0.0173572656332026
,Reptilia,10,0.830458667556908,0.122173380194455,0.0176142907579275
,Reptilia,10,0.830458667556908,0.122173380194455,0.0176142907579275
,Reptilia,11,0.844357614557682,0.116841567775804,0.0165154212091636
,Reptilia,11,0.844357614557682,0.116841567775804,0.0165154212091636
,Reptilia,15,0.810397305591363,0.118097337146544,0.0169026755466175
,Reptilia,5,0.86520002571281,0.1244005068307,0.0167807703592075
,Reptilia,7,0.862134927551736,0.107679914722511,0.0140753055737058
,Reptilia,7,0.862134927551736,0.107679914722511,0.0140753055737058
,Reptilia,7,0.862134927551736,0.107679914722511,0.0140753055737058
,Reptilia,8,0.830807262452962,0.0984755153525871,0.0125623074917796
,Reptilia,9,0.837211989581745,0.104652613436921,0.014828614761951
,Reptilia,11,0.874728508549531,0.113046183928221,0.0154465455058322
,Reptilia,11,0.874728508549531,0.113046183928221,0.0154465455058322
,Reptilia,11,0.874728508549531,0.113046183928221,0.0154465455058322
,Reptilia,12,0.814389394612564,0.123184529926102,0.0196707688220582
,Reptilia,11,0.77929939293243,0.117688450267382,0.0186018870912233
,Reptilia,12,0.802700276328476,0.116770324531172,0.0170879022163518
,Reptilia,12,0.802700276328476,0.116770324531172,0.0170879022163518
,Reptilia,11,0.844357614557682,0.116841567775804,0.0165154212091636
,Reptilia,14,0.796998546331433,0.111185441878247,0.0154235132689297
,Reptilia,5,0.86520002571281,0.1244005068307,0.0167807703592075
,Reptilia,8,0.830807262452962,0.0984755153525871,0.0125623074917796
,Reptilia,8,0.880910867956754,0.119496022547254,0.0157404232393706
,Reptilia,9,0.916375230372452,0.141637796044923,0.0216800083933302
,Reptilia,11,0.894459826800271,0.131402478851295,0.0194142698682427
,Reptilia,11,0.894459826800271,0.131402478851295,0.0194142698682427
,Reptilia,11,0.794197826573264,0.125784978036763,0.0199529609226322
,Reptilia,13,0.817348366123682,0.112135894529454,0.0161973200366165
,Reptilia,11,0.839663068058945,0.116561840531441,0.0166294300162928
,Reptilia,11,0.839663068058945,0.116561840531441,0.0166294300162928
,Reptilia,6,0.890435565606865,0.119614969934745,0.0152809600446405
,Reptilia,6,0.857584741234048,0.116187753889977,0.0156306504142971
,Reptilia,6,0.857584741234048,0.116187753889977,0.0156306504142971
,Reptilia,7,0.912470757623796,0.126943260788274,0.0170926888095077
,Reptilia,8,0.90885015873772,0.133800419650123,0.0185780001441381
,Reptilia,9,0.884908424420058,0.12994607278872,0.0178857083071859
,Reptilia,10,0.90983104690016,0.137254953629217,0.0206472330325562
,Reptilia,10,0.90983104690016,0.137254953629217,0.0206472330325562
,Reptilia,11,0.881214522874761,0.122542458102665,0.0165952180785179
,Reptilia,12,0.80814493352085,0.119633816797112,0.0186032804614397
,Reptilia,12,0.822374804966986,0.128379574686891,0.0195899727249353
,Reptilia,14,0.802792454903937,0.118142121960592,0.0176180405128137
,Reptilia,14,0.801195542020257,0.133577885144941,0.0209261917872776
,Reptilia,12,0.841423951444186,0.116660460623038,0.0169588361537373
,Reptilia,11,0.839663068058945,0.116561840531441,0.0166294300162928
,Reptilia,11,0.839663068058945,0.116561840531441,0.0166294300162928
,Reptilia,15,0.810397305591363,0.118097337146544,0.0169026755466175
,Reptilia,8,0.90885015873772,0.133800419650123,0.0185780001441381
,Reptilia,10,0.891726177949614,0.127117566217269,0.0173868385336997
,Reptilia,10,0.891726177949614,0.127117566217269,0.0173868385336997
,Reptilia,14,0.8617547559416,0.13654527531658,0.0209409132608099
,Reptilia,12,0.805097310314196,0.131350631718322,0.019860403468928
,Reptilia,14,0.823218797274233,0.124966931679485,0.0185154849657422
,Reptilia,14,0.814415180915949,0.132821297622789,0.0207593088670533
,Reptilia,13,0.815341713521194,0.138072818471061,0.0215365749474443
,Reptilia,13,0.793965494299336,0.126693073981473,0.02001037256763
,Reptilia,12,0.841423951444186,0.116660460623038,0.0169588361537373
,Reptilia,10,0.82308001461318,0.101398905880213,0.0145818863467248
,Reptilia,11,0.81954857965107,0.106386945180778,0.0147878320937381
,Reptilia,5,0.895546179095934,0.122163313616804,0.0161726258905923
,Reptilia,5,0.8779890591599,0.122860443274994,0.0164808450659497
,Reptilia,6,0.940552817257357,0.130458830013853,0.0175351385641764
,Reptilia,7,0.912470757623796,0.126943260788274,0.0170926888095077
,Reptilia,7,0.912470757623796,0.126943260788274,0.0170926888095077
,Reptilia,9,0.905098740594751,0.131680038715599,0.0182194260142277
,Reptilia,10,0.891726177949614,0.127117566217269,0.0173868385336997
,Reptilia,10,0.891726177949614,0.127117566217269,0.0173868385336997
,Reptilia,10,0.754921391470195,0.121361941708695,0.0195422620013507
,Reptilia,11,0.775904243012639,0.120553493144896,0.019102538708114
,Reptilia,14,0.800615973765845,0.132486956007945,0.0204370698210816
,Reptilia,14,0.828259306380113,0.135467258670736,0.0213228284498178
,Reptilia,14,0.828259306380113,0.135467258670736,0.0213228284498178
,Reptilia,10,0.82308001461318,0.101398905880213,0.0145818863467248
,Reptilia,10,0.82308001461318,0.101398905880213,0.0145818863467248
,Reptilia,10,0.846503971155272,0.0856472096497828,0.0108458264557571
,Reptilia,5,0.895546179095934,0.122163313616804,0.0161726258905923
,Reptilia,5,0.888486987346032,0.128788419783976,0.0177125356309091
,Reptilia,6,0.940552817257357,0.130458830013853,0.0175351385641764
,Reptilia,9,0.905098740594751,0.131680038715599,0.0182194260142277
,Reptilia,10,0.891726177949614,0.127117566217269,0.0173868385336997
,Reptilia,10,0.891726177949614,0.127117566217269,0.0173868385336997
,Reptilia,20,0.816786208196449,0.123529162635777,0.0194710011930952
,Reptilia,15,0.779942965121609,0.120503008527914,0.0190678227258191
,Reptilia,15,0.779942965121609,0.120503008527914,0.0190678227258191
,Reptilia,13,0.821020351123261,0.136752697741709,0.021575642372738
,Reptilia,12,0.862379621545521,0.130567989775953,0.0196502719219382
,Reptilia,12,0.829712330680195,0.110244985016487,0.0164565349975293
,Reptilia,11,0.848462525744762,0.11962071072949,0.0170910228597349
,Reptilia,5,0.888486987346032,0.128788419783976,0.0177125356309091
,Reptilia,5,0.888486987346032,0.128788419783976,0.0177125356309091
,Reptilia,6,0.940552817257357,0.130458830013853,0.0175351385641764
,Reptilia,7,0.931564526023609,0.135336559281702,0.0186203238070862
,Reptilia,8,0.923252326317866,0.133612583484186,0.0183799170405503
,Reptilia,18,0.820613875911367,0.133833443288124,0.0207842986967904
,Reptilia,16,0.831499014721406,0.134743773259782,0.0210336971349884
,Reptilia,12,0.79904862697193,0.124910867557454,0.019168366787394
,Reptilia,15,0.848382508551717,0.137507338225353,0.0217151196283857
,Reptilia,14,0.863449583675672,0.131211912326491,0.0198596715070729
,Reptilia,13,0.853737828756631,0.120957989150616,0.0179607768192689
,Reptilia,12,0.872286109545716,0.127640087528599,0.0181887316121664
,Reptilia,5,0.888486987346032,0.128788419783976,0.0177125356309091
,Reptilia,5,0.888486987346032,0.128788419783976,0.0177125356309091
,Reptilia,5,0.888486987346032,0.128788419783976,0.0177125356309091
,Reptilia,6,0.940552817257357,0.130458830013853,0.0175351385641764
,Reptilia,7,0.906306712391077,0.126368630913898,0.0169388347932601
,Reptilia,8,0.908544496110167,0.124872173930516,0.0168148550846192
,Reptilia,9,0.900708898022756,0.12954382212182,0.0176572962260388
,Reptilia,9,0.900708898022756,0.12954382212182,0.0176572962260388
,Reptilia,9,0.900708898022756,0.12954382212182,0.0176572962260388
,Reptilia,9,0.900708898022756,0.12954382212182,0.0176572962260388
,Reptilia,8,0.923252326317866,0.133612583484186,0.0183799170405503
,Reptilia,10,0.891726177949614,0.127117566217269,0.0173868385336997
,Reptilia,16,0.849035369115481,0.13620094792326,0.0214625330773593
,Reptilia,16,0.852765268449844,0.13323239112398,0.0208437611375871
,Reptilia,16,0.852765268449844,0.13323239112398,0.0208437611375871
,Reptilia,14,0.843532338349117,0.115483528141742,0.0169292434841206
,Reptilia,15,0.863934533881436,0.119659078284493,0.0172482561879613
,Reptilia,5,0.888486987346032,0.128788419783976,0.0177125356309091
,Reptilia,5,0.888486987346032,0.128788419783976,0.0177125356309091
,Reptilia,5,0.888486987346032,0.128788419783976,0.0177125356309091
,Reptilia,6,0.935059865589198,0.135254651182522,0.0186699156189243
,Reptilia,6,0.935059865589198,0.135254651182522,0.0186699156189243
,Reptilia,8,0.908544496110167,0.124872173930516,0.0168148550846192
,Reptilia,9,0.900708898022756,0.12954382212182,0.0176572962260388
,Reptilia,9,0.900708898022756,0.12954382212182,0.0176572962260388
,Reptilia,9,0.900708898022756,0.12954382212182,0.0176572962260388
,Reptilia,10,0.891726177949614,0.127117566217269,0.0173868385336997
,Reptilia,10,0.891726177949614,0.127117566217269,0.0173868385336997
,Reptilia,19,0.849254474517355,0.128383290580524,0.0194646238299416
,Reptilia,15,0.843276194860789,0.12488749023694,0.0193105092739363
,Reptilia,14,0.85615893896712,0.130836246787534,0.0204671897332304
,Reptilia,13,0.873921599591912,0.135109731755114,0.0202089717741446
,Reptilia,6,0.881869975258789,0.121052068111767,0.0158237642800186
,Reptilia,6,0.881869975258789,0.121052068111767,0.0158237642800186
,Reptilia,6,0.935059865589198,0.135254651182522,0.0186699156189243
,Reptilia,8,0.908544496110167,0.124872173930516,0.0168148550846192
,Reptilia,8,0.908544496110167,0.124872173930516,0.0168148550846192
,Reptilia,9,0.900708898022756,0.12954382212182,0.0176572962260388
,Reptilia,9,0.900708898022756,0.12954382212182,0.0176572962260388
,Reptilia,12,0.854282660040971,0.136822431837025,0.0210457758761454
,Reptilia,6,0.881869975258789,0.121052068111767,0.0158237642800186
,Reptilia,5,0.888486987346032,0.128788419783976,0.0177125356309091
,Reptilia,5,0.888486987346032,0.128788419783976,0.0177125356309091
,Reptilia,6,0.935059865589198,0.135254651182522,0.0186699156189243
,Reptilia,6,0.935059865589198,0.135254651182522,0.0186699156189243
,Reptilia,9,0.900708898022756,0.12954382212182,0.0176572962260388
,Reptilia,6,0.881869975258789,0.121052068111767,0.0158237642800186
,Reptilia,5,0.888486987346032,0.128788419783976,0.0177125356309091
,Reptilia,5,0.888486987346032,0.128788419783976,0.0177125356309091
,Reptilia,6,0.935059865589198,0.135254651182522,0.0186699156189243
,Reptilia,5,0.888486987346032,0.128788419783976,0.0177125356309091
,Reptilia,6,0.935059865589198,0.135254651182522,0.0186699156189243
,Reptilia,6,0.935059865589198,0.135254651182522,0.0186699156189243
,Reptilia,6,0.935059865589198,0.135254651182522,0.0186699156189243
,Reptilia,6,0.935059865589198,0.135254651182522,0.0186699156189243
,Reptilia,6,0.881869975258789,0.121052068111767,0.0158237642800186
,Reptilia,5,0.888486987346032,0.128788419783976,0.0177125356309091
,Reptilia,6,0.935059865589198,0.135254651182522,0.0186699156189243
,Reptilia,6,0.881869975258789,0.121052068111767,0.0158237642800186
,Reptilia,6,0.935059865589198,0.135254651182522,0.0186699156189243
,Reptilia,6,0.935059865589198,0.135254651182522,0.0186699156189243
,Reptilia,6,0.906590734213984,0.115134712501558,0.015289193354098
,Reptilia,5,0.888486987346032,0.128788419783976,0.0177125356309091
,Reptilia,6,0.935059865589198,0.135254651182522,0.0186699156189243
,Reptilia,6,0.935059865589198,0.135254651182522,0.0186699156189243
,Reptilia,5,0.920413370414344,0.131788942250444,0.0180826140775227
,Reptilia,5,0.920413370414344,0.131788942250444,0.0180826140775227
,Reptilia,5,0.920413370414344,0.131788942250444,0.0180826140775227
,Reptilia,6,0.906590734213984,0.115134712501558,0.015289193354098
,Reptilia,6,0.906590734213984,0.115134712501558,0.015289193354098
,Reptilia,6,0.906590734213984,0.115134712501558,0.015289193354098
,Amphibia,37,0.889853904781323,0.180577045896539,0.0355179906993933
,Amphibia,36,0.899068264122353,0.178565323975983,0.0346005949262709
,Amphibia,32,0.880460542589846,0.179228773410468,0.0354911750934505
,Amphibia,35,0.892763535608488,0.180783619899749,0.0354819897248371
,Amphibia,37,0.898605927633889,0.178466833224658,0.0345790568193623
,Amphibia,35,0.896044395266458,0.177919563531151,0.0344830561144227
,Amphibia,28,0.894860244862218,0.176424240704093,0.034506747690731
,Amphibia,27,0.885276707374111,0.17876098074125,0.0353513920815642
,Amphibia,24,0.89061784085393,0.168243141459668,0.0302591480570851
,Amphibia,19,0.918184691564642,0.157107118561939,0.0269350200976115
,Amphibia,22,0.9233112219863,0.161839460520472,0.0286280825262523
,Amphibia,20,0.92309076157443,0.155648513963902,0.0268693074433409
,Amphibia,21,0.926300155246994,0.158614464900198,0.0276715074321918
,Amphibia,22,0.931327002282131,0.154512419765997,0.0263018515789666
,Amphibia,22,0.929433857040024,0.158290406692924,0.027497455674463
,Amphibia,21,0.926300155246994,0.158614464900198,0.0276715074321918
,Amphibia,22,0.928688858011821,0.163606659598125,0.029615197021326
,Amphibia,56,0.860678359180918,0.154171673982143,0.0279920722794967
,Amphibia,22,0.929363039735161,0.152900933760348,0.0256025241109916
,Amphibia,29,0.918069580878454,0.17188815165498,0.0324688210905484
,Amphibia,29,0.918069580878454,0.17188815165498,0.0324688210905484
,Amphibia,46,0.870959099613893,0.160731484916096,0.0301800495960151
,Amphibia,27,0.925173497577872,0.159345222167151,0.0278191671117321
,Amphibia,27,0.922084132567306,0.164915658364121,0.0297621104706089
,Amphibia,31,0.916744310409245,0.179288357705357,0.0352817588680397
,Amphibia,41,0.895493940438241,0.164590476417659,0.03149047371142
,Amphibia,50,0.882059353224356,0.145065457028308,0.0249054893707467
,Amphibia,68,0.86400322054664,0.153776294568855,0.0283879640221648
,Amphibia,28,0.925493179763288,0.160500578342957,0.0280979881345997
,Amphibia,29,0.926097624136894,0.161648278893824,0.0283290686772547
,Amphibia,32,0.911523485705393,0.176714105555452,0.0344968480850591
,Amphibia,30,0.912315586486943,0.179287361454624,0.0353896266056024
,Amphibia,25,0.922928442182348,0.169564930412367,0.0320210752990054
,Amphibia,24,0.926702806368494,0.169227999574434,0.0317011839548724
,Amphibia,21,0.957439512229252,0.16385076845393,0.0299022859421119
,Amphibia,41,0.870467037473798,0.158203900914914,0.0298279193165388
,Amphibia,39,0.893206480538323,0.151113878812285,0.0273805760943617
,Amphibia,52,0.907338038025628,0.163512298091942,0.0306841774355687
,Amphibia,38,0.934813988825334,0.167996711656504,0.0309667719825353
,Amphibia,35,0.928441478683407,0.167129114364477,0.0308810930600314
,Amphibia,33,0.928352625329691,0.160807450794114,0.0284604287192033
,Amphibia,24,0.916289018794202,0.167151094622757,0.0307989170788926
,Amphibia,22,0.908072690816265,0.167350858500016,0.0313509788706023
,Amphibia,21,0.958770130382078,0.161626858092088,0.0289640011469536
,Amphibia,24,0.947597052115921,0.166285594175501,0.0309629864042244
,Amphibia,40,0.905145457296979,0.161495899646588,0.03019449282765
,Amphibia,34,0.936452053122877,0.173462864948437,0.0339358294968906
,Amphibia,32,0.921643259386544,0.163024056536688,0.0298865545405356
,Amphibia,31,0.924961682568032,0.166468698101441,0.0310181357183792
,Amphibia,34,0.92592978964239,0.170391882247449,0.0319295158670035
,Amphibia,33,0.919934105924104,0.166512727841839,0.0309983052850378
,Amphibia,40,0.918232686957972,0.179342729004714,0.0359378468043479
,Amphibia,35,0.906580437263217,0.164296710104287,0.0299463583006517
,Amphibia,33,0.94036943724495,0.159150665943786,0.0283437393707153
,Amphibia,28,0.933870997191357,0.154990805051535,0.0276256801344018
,Amphibia,26,0.931413785445705,0.162421868274622,0.0293781367643895
,Amphibia,25,0.928460044748937,0.163708262800028,0.0298295643743647
,Amphibia,24,0.94146976905285,0.166886986548128,0.0307497133765039
,Amphibia,25,0.929559567711008,0.167957770807634,0.0316312093656861
,Amphibia,43,0.872944482260087,0.169337618162202,0.0334757345435393
,Amphibia,38,0.905319475252545,0.158395743960511,0.0298489893919159
,Amphibia,43,0.90353158171857,0.159737104983736,0.0294704959821896
,Amphibia,32,0.924562880743924,0.163640795591405,0.0303857303954277
,Amphibia,30,0.931227354490516,0.15854475293472,0.0276310780524772
,Amphibia,32,0.916154025686111,0.164946432132552,0.0303746628718027
,Amphibia,33,0.917804188332656,0.165103872327249,0.0303479978342403
,Amphibia,46,0.904911160793482,0.158341883440027,0.0286597798647676
,Amphibia,44,0.902646394984924,0.159945541535349,0.0288655799411787
,Amphibia,40,0.912759705045879,0.156111781290634,0.0277841621669322
,Amphibia,40,0.909593042223782,0.154215776405758,0.0276264538942088
,Amphibia,33,0.915124244113709,0.159902256716848,0.0293018305997453
,Amphibia,29,0.92546147047255,0.163243670003042,0.0301397956798287
,Amphibia,28,0.928153920996542,0.16642278602459,0.0309862900724752
,Amphibia,27,0.9290395356933,0.158550861224516,0.0282729932626452
,Amphibia,24,0.918715461004021,0.157211945008987,0.0282942691366999
,Amphibia,25,0.926591187031961,0.157026943398451,0.0280364013370604
,Amphibia,23,0.945888309738273,0.166314057029587,0.0305983560268148
,Amphibia,24,0.929986996760891,0.172199215589888,0.0330842733179642
,Amphibia,20,0.947858227587608,0.156072444467569,0.02749762749428
,Amphibia,40,0.88940510545199,0.171950245008872,0.0339789620423844
,Amphibia,34,0.910246317042746,0.166924889266005,0.032299886017617
,Amphibia,28,0.918978683143436,0.167255805978055,0.0313110602534875
,Amphibia,28,0.918961438669584,0.164809806572451,0.030624891572057
,Amphibia,30,0.919054639674143,0.167555656912373,0.0312335737908287
,Amphibia,46,0.90567677135763,0.167670238532334,0.0321551197838309
,Amphibia,45,0.888131363565222,0.154155791646368,0.0275669522139851
,Amphibia,30,0.930541565013783,0.16525528690389,0.030629672262625
,Amphibia,30,0.930541565013783,0.16525528690389,0.030629672262625
,Amphibia,20,0.961414232646522,0.168657709710871,0.0314840441464279
,Amphibia,23,0.942925163816043,0.163809042863336,0.030040721921539
,Amphibia,20,0.947858227587608,0.156072444467569,0.02749762749428
,Amphibia,42,0.877543462802346,0.173451421243095,0.034071010888947
,Amphibia,34,0.905417626082347,0.17573753887059,0.0345301652838919
,Amphibia,35,0.905448158792225,0.17479757888946,0.0345548499497982
,Amphibia,42,0.910433589484693,0.163938484985235,0.0318537927558298
,Amphibia,24,0.945099584153986,0.184381562752222,0.0381235730158896
,Amphibia,23,0.943012337910721,0.186405435094642,0.0386163789191646
,Amphibia,46,0.898873891126934,0.16972273300689,0.0328823737895762
,Amphibia,45,0.892101616482501,0.161404145667562,0.0301453150466006
,Amphibia,43,0.887647807091387,0.156258858665723,0.0281960540365504
,Amphibia,42,0.889069502058986,0.156949917767758,0.0283670243495562
,Amphibia,30,0.924532068213967,0.159083832881581,0.0287399656184357
,Amphibia,24,0.935829745748885,0.164558438522584,0.0301306568654662
,Amphibia,23,0.930890992845349,0.158783991752086,0.0283538158716048
,Amphibia,47,0.899899288491289,0.177834793024606,0.0356311287294781
,Amphibia,35,0.90512896638028,0.177140642397153,0.0353960980694213
,Amphibia,33,0.915352907110211,0.179402710863771,0.0362838289750947
,Amphibia,29,0.918946285457374,0.180642967985795,0.036808942339569
,Amphibia,29,0.920564027748769,0.179266471611332,0.0365988676588322
,Amphibia,22,0.94311674933601,0.185093321375726,0.0385468474389573
,Amphibia,20,0.940781536159997,0.17605310560637,0.035300040330203
,Amphibia,24,0.913670368449364,0.183067050345902,0.0364388625131244
,Amphibia,46,0.88412246547809,0.172986231548768,0.03453429478887
,Amphibia,30,0.920303498622947,0.15812545315316,0.0284428085621807
,Amphibia,32,0.912886713585803,0.164652767125208,0.030211548886824
,Amphibia,23,0.937267620937336,0.164312615017195,0.0299636676423694
,Amphibia,24,0.931923207213269,0.164051034482845,0.0299935458726319
,Amphibia,33,0.912524152805221,0.179377129132498,0.0368867099386624
,Amphibia,31,0.911330928194576,0.176682027346686,0.0358652603748608
,Amphibia,29,0.93427802290672,0.185569117552589,0.0387372593987657
,Amphibia,25,0.926188197980776,0.190936761983434,0.0402270460756393
,Amphibia,18,0.93907801574538,0.17862467156343,0.0365233465018319
,Amphibia,21,0.930715811952989,0.181287384505121,0.0366130764926544
,Amphibia,23,0.914823784817372,0.161791453374481,0.0296213406955391
,Amphibia,21,0.903508269396332,0.157013527528883,0.0283748258742874
,Amphibia,36,0.901834875171416,0.177314147275648,0.0351540091612282
,Amphibia,36,0.899311771321448,0.162710461012296,0.0304284642719767
,Amphibia,35,0.895852175941297,0.162742964915832,0.0305755201167833
,Amphibia,31,0.909134162644581,0.164067359231948,0.0301312483199011
,Amphibia,35,0.889967246108129,0.158193790803828,0.0286206145483301
,Amphibia,26,0.944209068806703,0.162113305226767,0.0295599770425357
,Amphibia,32,0.917043061378363,0.178960624296155,0.0367768781757241
,Amphibia,27,0.945551940671163,0.186303783588432,0.0392603314671316
,Amphibia,18,0.906884508422737,0.16580531937388,0.0334647541156289
,Amphibia,20,0.902657500171837,0.163951154970594,0.0312245178257809
,Amphibia,33,0.915178012680815,0.1704687778396,0.0327475796680414
,Amphibia,32,0.909258711688601,0.162758269089862,0.0303640962802958
,Amphibia,37,0.87945982310783,0.167278974675192,0.0318355028331668
,Amphibia,34,0.886790591857385,0.163030163400894,0.0308308336546237
,Amphibia,35,0.908265670623803,0.16122501241121,0.0302710075404664
,Amphibia,31,0.90124165007406,0.157806768310137,0.0283581346872935
,Amphibia,35,0.885199094564626,0.154908603885877,0.0278941776333238
,Amphibia,20,0.930734421675103,0.187584392691661,0.0400398995247664
,Amphibia,23,0.906834387498765,0.174932170431454,0.0356837570137376
,Amphibia,26,0.891348991088326,0.175674832827035,0.0356186229982242
,Amphibia,29,0.907338884237346,0.167103764841654,0.031942123381374
,Amphibia,39,0.908819516702527,0.163012746121138,0.030807726399561
,Amphibia,29,0.896162761567372,0.159625343329446,0.0292293496308541
,Amphibia,30,0.901660576603106,0.157448559530806,0.0284949165755064
,Amphibia,24,0.915696368159166,0.182175597849952,0.0377121882460138
,Amphibia,16,0.937028439630046,0.181413337729899,0.0372817843559093
,Amphibia,21,0.918216613138085,0.178503824150828,0.0363118097870056
,Amphibia,22,0.924375195975094,0.179836054174961,0.0369588095921129
,Amphibia,25,0.930706765960633,0.172401633900777,0.0337842949577728
,Amphibia,28,0.918141119270876,0.159632296295793,0.0296521255715488
,Amphibia,27,0.90963826468863,0.159328958791145,0.0294218148024737
,Amphibia,27,0.899396573707302,0.162051810927509,0.030109874023171
,Amphibia,33,0.883260414074531,0.154969340141067,0.0282554049854848
,Amphibia,31,0.889417043208396,0.155319707437755,0.0279046242990355
,Amphibia,26,0.916225233366116,0.168362733158053,0.031424076455456
,Amphibia,21,0.895848833257906,0.189744426226355,0.0397119451338031
,Amphibia,22,0.903068889962404,0.171758496682218,0.0339079009865046
,Amphibia,21,0.911089498130466,0.176142777883259,0.0353319860434466
,Amphibia,25,0.908409398798808,0.172258664495844,0.0340408269701666
,Amphibia,27,0.910362614486696,0.163142461733909,0.0308257205828094
,Amphibia,28,0.894116730339825,0.158558466964765,0.0294474545711366
,Amphibia,35,0.884871285049031,0.155754032073551,0.0281919056749864
,Amphibia,33,0.885720611124701,0.151611462082906,0.027315865172623
,Amphibia,32,0.890558523081259,0.159344727663017,0.0293942467535844
,Amphibia,27,0.925310701270491,0.165574982120905,0.0309898624098169
,Amphibia,35,0.900997429352493,0.163654050684526,0.0314393956658745
,Amphibia,35,0.907257870336782,0.164972936541473,0.0320859821926146
,Amphibia,18,0.900187441561067,0.165278951125734,0.0306224767750788
,Amphibia,20,0.923066573640624,0.187944088493509,0.039237236167779
,Amphibia,28,0.912739280056139,0.163465238137888,0.0306669212524992
,Amphibia,28,0.91946631854926,0.176394102326647,0.0344966925505487
,Amphibia,27,0.919529240019191,0.167883865627099,0.0317598705377593
,Amphibia,20,0.929608950408451,0.17459946156532,0.0342149789597979
,Amphibia,19,0.936753445212915,0.165951504278537,0.0316506085630703
,Amphibia,22,0.908325288727793,0.150873052680844,0.0259527302270555
,Amphibia,24,0.906120189197161,0.157212060199051,0.0285614901590025
,Amphibia,27,0.889786133264859,0.154408920988463,0.027877994029429
,Amphibia,29,0.921037776183677,0.164640544881931,0.0308443821966521
,Amphibia,29,0.886466676697803,0.147047819058198,0.0265856316944636
,Amphibia,35,0.910855782963948,0.16014698986648,0.0303754246841197
,Amphibia,12,0.900255086702182,0.172563240364748,0.0331074824294994
,Amphibia,16,0.855820565278893,0.174964145441483,0.0352580409811654
,Amphibia,34,0.923924550113337,0.178026685663869,0.0356313329825077
,Amphibia,26,0.919037804373907,0.162082309798871,0.0299841098407758
,Amphibia,29,0.924357146675641,0.161898842414679,0.0302118022018917
,Amphibia,27,0.924070212111397,0.15891008709701,0.0294603506543165
,Amphibia,27,0.924070212111397,0.15891008709701,0.0294603506543165
,Amphibia,24,0.916824842431854,0.164639375616282,0.0311546695303444
,Amphibia,28,0.929974398884001,0.171822061432988,0.0332357950203339
,Amphibia,22,0.925065502314027,0.175233641499743,0.0347274030281139
,Amphibia,16,0.917872131614776,0.163545740602394,0.0308785050713108
,Amphibia,21,0.919686270240491,0.159172195618693,0.0286209979782219
,Amphibia,20,0.922132407385846,0.160303407181847,0.029146114366916
,Amphibia,38,0.895713135399948,0.15549638033902,0.0282420540778276
,Amphibia,35,0.899554174938619,0.15896212974021,0.0292878909133627
,Amphibia,27,0.936515949422564,0.166821736213618,0.0317404057092669
,Amphibia,29,0.90169945591626,0.151471575963134,0.027093931965161
,Amphibia,34,0.894616956820827,0.156886294064507,0.0297366535728226
,Amphibia,8,0.934825941893557,0.195193068719423,0.0434292909857196
,Amphibia,5,0.957651823802454,0.110477646766876,0.0141556156841963
,Amphibia,11,0.925318355288858,0.15961717249563,0.0295417641882333
,Amphibia,9,0.768888223532053,0.139902013235498,0.0235776286421677
,Amphibia,13,0.914641804983471,0.180844559723952,0.0373879208348944
,Amphibia,19,0.906161164280881,0.177684022308907,0.0364804041993104
,Amphibia,37,0.904230638802196,0.179442291553781,0.0368743657845141
,Amphibia,26,0.905865456782195,0.164056941072674,0.0309643608810151
,Amphibia,29,0.926323012822602,0.171381970077513,0.0330348309319866
,Amphibia,16,0.902406080225971,0.156505671603824,0.0275251865033781
,Amphibia,22,0.923986056969033,0.158742372375461,0.0288487500077924
,Amphibia,20,0.922132407385846,0.160303407181847,0.029146114366916
,Amphibia,37,0.888668622360222,0.1544877521643,0.0277535327421406
,Amphibia,36,0.896834965801351,0.161000783411969,0.0294096235322666
,Amphibia,27,0.940782683321832,0.170159832374792,0.0322560271383499
,Amphibia,13,0.895157473970191,0.120168311240715,0.0188205376472887
,Amphibia,5,0.819164091201648,0.121045837669035,0.0223675004831952
,Amphibia,29,0.89917235764034,0.144170935714197,0.0248303072862465
,Amphibia,15,0.857711844866525,0.165463537380372,0.031899372528069
,Amphibia,9,0.885547714941438,0.192305985356856,0.0423796136388005
,Amphibia,15,0.926104081387231,0.172031134026739,0.0342731470032167
,Amphibia,29,0.932812038232831,0.172376829320042,0.0333991733469295
,Amphibia,20,0.913142393345642,0.166772643631117,0.0320508371680525
,Amphibia,15,0.885694992918181,0.166498590222283,0.0305588162032626
,Amphibia,22,0.93392140553791,0.160580942889132,0.029273159751168
,Amphibia,31,0.920428121508417,0.164153504425134,0.0302801344493644
,Amphibia,35,0.897631831157883,0.158556914898933,0.0287716569230042
,Amphibia,30,0.924266193203215,0.162845483391864,0.0299517021735919
,Amphibia,6,0.909694896395789,0.158344448052577,0.031499071694369
,Amphibia,22,0.878006691550589,0.151082724322476,0.028353209012762
,Amphibia,27,0.89500564218524,0.154199027290311,0.0284877017384996
,Amphibia,6,0.929407747730943,0.168042870484793,0.0324054288016429
,Amphibia,16,0.93393171597396,0.169436155593563,0.0340086150955221
,Amphibia,14,0.917204050902927,0.172472326797901,0.0343968063301636
,Amphibia,16,0.922370672309629,0.171007221876764,0.0346188050505445
,Amphibia,17,0.910911853133344,0.177635869850683,0.0361213111584216
,Amphibia,21,0.924471893115756,0.173500585303615,0.034114385110307
,Amphibia,13,0.882155699849772,0.174579904109216,0.0333482273761822
,Amphibia,12,0.872753017457352,0.17555509486898,0.0337840715738859
,Amphibia,12,0.905849780789003,0.174713754632666,0.0335504771086007
,Amphibia,12,0.935865496925562,0.172542667724874,0.0328297590706613
,Amphibia,16,0.946200959545576,0.167733353139821,0.0320900028503964
,Amphibia,32,0.913793470422004,0.16138289663558,0.0295213866911529
,Amphibia,24,0.936592740078013,0.170681161979827,0.0325601633946347
,Amphibia,26,0.940245481041554,0.163118652966238,0.0299423996110208
,Amphibia,20,0.92232289714699,0.173338580458563,0.0335726866442517
,Amphibia,6,0.899132314009379,0.143235979555671,0.0284893215112794
,Amphibia,18,0.909860716714831,0.142358326860431,0.0232225360555155
,Amphibia,5,0.802686214429609,0.116073661509189,0.019970142787791
,Amphibia,8,0.892235937795073,0.18267976188424,0.0386202053748002
,Amphibia,29,0.87491210815097,0.149422345216742,0.0291073742619045
,Amphibia,11,0.889835977027104,0.160632155107956,0.0314409768091459
,Amphibia,13,0.880246638293385,0.176059037924388,0.0354637623107374
,Amphibia,23,0.931102262512342,0.174342596042703,0.0344742777224391
,Amphibia,22,0.925767152678449,0.179037070564728,0.0361839460127656
,Amphibia,15,0.896783314885407,0.180717134064262,0.0368098651925499
,Amphibia,16,0.938574722547672,0.18501299744293,0.0396473883577102
,Amphibia,5,0.903705363726302,0.149143651895185,0.0306450728019185
,Amphibia,7,0.935319344928315,0.18534065017539,0.0397017616567046
,Amphibia,7,0.935319344928315,0.18534065017539,0.0397017616567046
,Amphibia,8,0.892235937795073,0.18267976188424,0.0386202053748002
,Amphibia,9,0.885921719752836,0.175212337377582,0.0362469861211347
,Amphibia,27,0.873701754842592,0.157238249599256,0.0307532144031317
,Amphibia,13,0.914815329776784,0.162352696007345,0.0312683657881696
,Amphibia,11,0.889835977027104,0.160632155107956,0.0314409768091459
,Amphibia,25,0.893117997526584,0.174581752949327,0.0345747385449015
,Amphibia,13,0.910502608694198,0.179646152024749,0.0359921825771545
,Amphibia,24,0.945324006582745,0.173329867739893,0.033466779712523
,Amphibia,27,0.928288714103063,0.16298730915536,0.0305843793099097
,Amphibia,20,0.937849783508941,0.171625123244332,0.0330604963816101
,Amphibia,15,0.908872515095269,0.185573457610943,0.0373292369636892
,Amphibia,5,0.903705363726302,0.149143651895185,0.0306450728019185
,Amphibia,7,0.922849812782774,0.185097159071877,0.0397497556174733
,Amphibia,21,0.915111455865031,0.170711584284614,0.0348655104877742
,Amphibia,12,0.883949415391894,0.161825408573912,0.03127652764541
,Amphibia,14,0.890238973971765,0.178534722160556,0.0364286566184643
,Amphibia,20,0.912604624756893,0.169705692080602,0.034659273849582
,Amphibia,11,0.956745624646252,0.183403337210356,0.0380603141965486
,Amphibia,14,0.955513420182498,0.184977050302978,0.0380340147563749
,Amphibia,17,0.948097079026839,0.190135606871947,0.041216894652236
,Amphibia,20,0.914471357864489,0.173211316312805,0.0345555949003967
,Amphibia,22,0.934669472328856,0.170688021753954,0.0326541510974532
,Amphibia,14,0.905662173783721,0.178746999332839,0.0339762599740889
,Amphibia,14,0.905662173783721,0.178746999332839,0.0339762599740889
,Amphibia,7,0.922733567565513,0.145050372157532,0.0277563248522503
,Amphibia,6,0.888413875538084,0.160483660959551,0.0323016116514402
,Amphibia,6,0.916073422532684,0.185327720636148,0.0395808937327233
,Amphibia,6,0.916073422532684,0.185327720636148,0.0395808937327233
,Amphibia,17,0.860566110350993,0.168665936907064,0.033978996204958
,Amphibia,16,0.885911990640595,0.174777654174903,0.0359201730813513
,Amphibia,11,0.972917822080579,0.197999258190835,0.0414496246072441
,Amphibia,19,0.912445161527453,0.171497661974459,0.0331225959029544
,Amphibia,14,0.939512298692344,0.165405520357822,0.0306290553185614
,Amphibia,16,0.921572054462305,0.164316516097836,0.0298374132341622
,Amphibia,17,0.933219947592328,0.175127956631431,0.0332850189325859
,Amphibia,14,0.905662173783721,0.178746999332839,0.0339762599740889
,Amphibia,8,0.932648559388709,0.143975229456181,0.0269067624901486
,Amphibia,8,0.902166586508938,0.176898422097162,0.037188640324996
,Amphibia,7,0.912560923265671,0.151867387339983,0.0295797753568422
,Amphibia,8,0.952184758766736,0.208320261468072,0.0469122932119548
,Amphibia,23,0.870936111047339,0.162737352074086,0.0333281741901276
,Amphibia,20,0.904228862104498,0.172730684868463,0.0358585736195161
,Amphibia,23,0.899836081011684,0.169099418318624,0.034626704486296
,Amphibia,21,0.906755249811373,0.159919882811401,0.0312815704127582
,Amphibia,14,0.920549366029535,0.177966533480123,0.0373088202553109
,Amphibia,14,0.92949957645002,0.185263894112819,0.0371116200069873
,Amphibia,13,0.962233961405158,0.180997920854719,0.0363164308157439
,Amphibia,16,0.915241813312431,0.174739679919968,0.0327152134113251
,Amphibia,12,0.889284162472538,0.182775917868929,0.0358194698355649
,Amphibia,8,0.932648559388709,0.143975229456181,0.0269067624901486
,Amphibia,5,0.908164130435261,0.149746262341387,0.0287294891530895
,Amphibia,8,0.952184758766736,0.208320261468072,0.0469122932119548
,Amphibia,28,0.873334713180574,0.167357158927645,0.0339592458041765
,Amphibia,24,0.895135761155379,0.166923313066578,0.0340156477474001
,Amphibia,18,0.895484780451897,0.171028789241552,0.0345450458861132
,Amphibia,12,0.962328413602238,0.197728997048962,0.0410233781029004
,Amphibia,11,0.959764230587861,0.193160127651166,0.038748563191039
,Amphibia,12,0.963454494568865,0.185273098237891,0.036392721174456
,Amphibia,13,0.913300188220034,0.184759916365415,0.0359591910678231
,Amphibia,13,0.913300188220034,0.184759916365415,0.0359591910678231
,Amphibia,12,0.907258431580093,0.189382046717661,0.0375839993779971
,Amphibia,9,0.910206895794689,0.139043865135195,0.0247125666173032
,Amphibia,7,0.889356321269592,0.16708157217652,0.0318421242021021
,Amphibia,6,0.947659279893194,0.200629953168295,0.0459754738514218
,Amphibia,7,0.943057654725354,0.197693295958198,0.0445038614784097
,Amphibia,11,0.9593101365619,0.200380973410686,0.042108468018669
,Amphibia,12,0.962328413602238,0.197728997048962,0.0410233781029004
,Amphibia,12,0.962328413602238,0.197728997048962,0.0410233781029004
,Amphibia,8,0.965492465021972,0.203314986904055,0.0425531802420399
,Amphibia,8,0.965492465021972,0.203314986904055,0.0425531802420399
,Amphibia,9,0.969906395343098,0.201255953974196,0.0415392340060377
,Amphibia,10,0.943243516618089,0.199770362280534,0.0409797765954625
,Amphibia,10,0.943243516618089,0.199770362280534,0.0409797765954625
,Amphibia,5,0.879778865096812,0.134585954481089,0.0212080098670379
,Amphibia,5,0.879778865096812,0.134585954481089,0.0212080098670379
,Amphibia,9,0.88568728889188,0.17933509026563,0.0382106820270453
,Amphibia,18,0.906524316743147,0.181520482669758,0.0398226557685384
,Amphibia,14,0.913030231718753,0.198037477880558,0.0442828072305036
,Amphibia,15,0.902593010865589,0.181892012068977,0.0398964644741715
,Amphibia,14,0.925132588910017,0.202433104420516,0.0459555252339372
,Amphibia,13,0.925041845630986,0.208699227264347,0.0483175084234609
,Amphibia,13,0.930887905502761,0.214830664645958,0.0498810051519517
,Amphibia,10,0.898540714890871,0.207619929462805,0.0447394360081396
,Amphibia,9,0.937717613495734,0.2038799590306,0.0424898785429351
,Amphibia,8,0.965492465021972,0.203314986904055,0.0425531802420399
,Amphibia,8,0.963404113909481,0.202029368669443,0.0419835497008329
,Amphibia,8,0.963404113909481,0.202029368669443,0.0419835497008329
,Amphibia,9,0.937286050667645,0.197460726097514,0.0405380391160362
,Amphibia,5,0.879778865096812,0.134585954481089,0.0212080098670379
,Amphibia,5,0.879778865096812,0.134585954481089,0.0212080098670379
,Amphibia,5,0.879778865096812,0.134585954481089,0.0212080098670379
,Amphibia,5,0.953046235542372,0.186978009978719,0.0390501497713795
,Amphibia,7,0.964800171801737,0.22435432764784,0.0534431717652796
,Amphibia,13,0.917562779976743,0.224925847578683,0.0530631481870573
,Amphibia,12,0.930208920437423,0.217006241894996,0.0511208726182383
,Amphibia,13,0.930887905502761,0.214830664645958,0.0498810051519517
,Amphibia,13,0.930887905502761,0.214830664645958,0.0498810051519517
,Amphibia,7,0.949541091917498,0.208461503893478,0.0442627052508722
,Amphibia,8,0.963404113909481,0.202029368669443,0.0419835497008329
,Amphibia,6,0.947659279893194,0.200629953168295,0.0459754738514218
,Amphibia,6,0.970795412334924,0.222432911961663,0.0524670149594066
,Amphibia,9,0.90410773367998,0.221299573642506,0.0507513326636541
,Amphibia,9,0.888325912107914,0.228686382654846,0.0538624828813497
,Amphibia,11,0.900295201676702,0.215715033365868,0.0481290277069927
,Amphibia,10,0.898540714890871,0.207619929462805,0.0447394360081396
,Amphibia,6,0.950609397053239,0.208486888008384,0.0445259579706543
,Amphibia,7,0.949541091917498,0.208461503893478,0.0442627052508722
,Amphibia,8,0.929077032873301,0.204551408441532,0.0429112283158978
,Amphibia,8,0.929077032873301,0.204551408441532,0.0429112283158978
,Amphibia,8,0.929077032873301,0.204551408441532,0.0429112283158978
,Amphibia,9,0.929965524559399,0.197392883256711,0.0405739639687885
,Amphibia,5,0.944483198372944,0.16848508911677,0.0324676937518672
,Amphibia,6,0.970795412334924,0.222432911961663,0.0524670149594066
,Amphibia,7,0.874066385588857,0.217330071395105,0.049856274428363
,Amphibia,9,0.90686524778518,0.218626740089511,0.0501202934966753
,Amphibia,7,0.867390340878402,0.229667336026669,0.0546700685222438
,Amphibia,6,0.848639699268399,0.2153913632257,0.0493964900298654
,Amphibia,11,0.897536893886732,0.222820047598342,0.0509732362495002
,Amphibia,10,0.89225303579225,0.218452645380718,0.0493242500998685
,Amphibia,10,0.898540714890871,0.207619929462805,0.0447394360081396
,Amphibia,10,0.898540714890871,0.207619929462805,0.0447394360081396
,Amphibia,9,0.877611605952571,0.206858264949875,0.0449764699258423
,Amphibia,8,0.865413599412232,0.208588610174317,0.0458983440928956
,Amphibia,8,0.929077032873301,0.204551408441532,0.0429112283158978
,Amphibia,6,0.954708984783024,0.201977959511292,0.0438335282680608
,Amphibia,7,0.859299733382153,0.229365749323182,0.0543365162478562
,Amphibia,6,0.834427180221406,0.219917656268054,0.0520659145326376
,Amphibia,5,0.807305888164285,0.189156733417067,0.0416484250651174
,Amphibia,6,0.838571113646539,0.214370060932424,0.049218570520099
,Amphibia,6,0.848639699268399,0.2153913632257,0.0493964900298654
,Amphibia,6,0.838571113646539,0.214370060932424,0.049218570520099
,Amphibia,9,0.883304815740599,0.210249945125331,0.0459617992866546
,Amphibia,8,0.865413599412232,0.208588610174317,0.0458983440928956
,Amphibia,5,0.947475297018811,0.233032276042635,0.0569398914295292
,Amphibia,5,0.807305888164285,0.189156733417067,0.0416484250651174
,Amphibia,5,0.807305888164285,0.189156733417067,0.0416484250651174
,Amphibia,5,0.807305888164285,0.189156733417067,0.0416484250651174
,Amphibia,5,0.807305888164285,0.189156733417067,0.0416484250651174
,Amphibia,6,0.848639699268399,0.2153913632257,0.0493964900298654
,Amphibia,5,0.81131130073748,0.182400535570776,0.0380542845460633
,Amphibia,5,0.81131130073748,0.182400535570776,0.0380542845460633
,Amphibia,8,0.865413599412232,0.208588610174317,0.0458983440928956
,Amphibia,9,0.88591038954258,0.207986256712852,0.0449726902430093
,Amphibia,9,0.88591038954258,0.207986256712852,0.0449726902430093
,Amphibia,5,0.807305888164285,0.189156733417067,0.0416484250651174
,Amphibia,5,0.81131130073748,0.182400535570776,0.0380542845460633
,Amphibia,8,0.865413599412232,0.208588610174317,0.0458983440928956
,Amphibia,8,0.865413599412232,0.208588610174317,0.0458983440928956
,Amphibia,9,0.88591038954258,0.207986256712852,0.0449726902430093
,Amphibia,9,0.88591038954258,0.207986256712852,0.0449726902430093
,Amphibia,9,0.88591038954258,0.207986256712852,0.0449726902430093
,Amphibia,5,0.807305888164285,0.189156733417067,0.0416484250651174
,Amphibia,5,0.807305888164285,0.189156733417067,0.0416484250651174
,Amphibia,5,0.807305888164285,0.189156733417067,0.0416484250651174
,Amphibia,8,0.865413599412232,0.208588610174317,0.0458983440928956
,Amphibia,9,0.88591038954258,0.207986256712852,0.0449726902430093
,Amphibia,9,0.88591038954258,0.207986256712852,0.0449726902430093
,Amphibia,9,0.88591038954258,0.207986256712852,0.0449726902430093
,Amphibia,9,0.88591038954258,0.207986256712852,0.0449726902430093
,Amphibia,5,0.81131130073748,0.182400535570776,0.0380542845460633
,Amphibia,7,0.848807572743667,0.189857535343747,0.0390458590911354
,Amphibia,8,0.865413599412232,0.208588610174317,0.0458983440928956
,Amphibia,9,0.88591038954258,0.207986256712852,0.0449726902430093
,Amphibia,9,0.88591038954258,0.207986256712852,0.0449726902430093
,Amphibia,10,0.897667019514545,0.197207156615433,0.0415164069106886
,Amphibia,10,0.897667019514545,0.197207156615433,0.0415164069106886
,Amphibia,9,0.88591038954258,0.207986256712852,0.0449726902430093
,Amphibia,5,0.807305888164285,0.189156733417067,0.0416484250651174
,Amphibia,5,0.81131130073748,0.182400535570776,0.0380542845460633
,Amphibia,7,0.849573146105705,0.178372031966809,0.0353518786142562
,Amphibia,8,0.865413599412232,0.208588610174317,0.0458983440928956
,Amphibia,8,0.865413599412232,0.208588610174317,0.0458983440928956
,Amphibia,9,0.88591038954258,0.207986256712852,0.0449726902430093
,Amphibia,10,0.897667019514545,0.197207156615433,0.0415164069106886
,Amphibia,5,0.807305888164285,0.189156733417067,0.0416484250651174
,Amphibia,5,0.81131130073748,0.182400535570776,0.0380542845460633
,Amphibia,8,0.863094852525668,0.190169268703821,0.0385240786665779
,Amphibia,8,0.863094852525668,0.190169268703821,0.0385240786665779
,Amphibia,8,0.863094852525668,0.190169268703821,0.0385240786665779
,Amphibia,5,0.81131130073748,0.182400535570776,0.0380542845460633
,Amphibia,6,0.85202844261897,0.184104524297426,0.0370539094157545
,Amphibia,8,0.863094852525668,0.190169268703821,0.0385240786665779
,Amphibia,5,0.807305888164285,0.189156733417067,0.0416484250651174
,Amphibia,5,0.81131130073748,0.182400535570776,0.0380542845460633
,Amphibia,5,0.81131130073748,0.182400535570776,0.0380542845460633
,Amphibia,5,0.81131130073748,0.182400535570776,0.0380542845460633
,Amphibia,8,0.863094852525668,0.190169268703821,0.0385240786665779
,Amphibia,9,0.878768613131318,0.204834529448856,0.0443750792570946
,Amphibia,6,0.8507873689131,0.197352267719326,0.0416716825378196
,Amphibia,8,0.86468971983221,0.186764801910357,0.0375833744760928
,Amphibia,9,0.904378088086854,0.169047956245179,0.0312299236173379
,Amphibia,5,0.81131130073748,0.182400535570776,0.0380542845460633
,Amphibia,6,0.8507873689131,0.197352267719326,0.0416716825378196
,Amphibia,7,0.848807572743667,0.189857535343747,0.0390458590911354
,Amphibia,7,0.87466519570351,0.190579524458364,0.039086654667148
,Amphibia,11,0.901088568811623,0.179738211449744,0.0359558855195463
,Amphibia,11,0.901088568811623,0.179738211449744,0.0359558855195463
,Amphibia,11,0.918147392466978,0.171490893301295,0.0309788246068319
,Amphibia,5,0.81131130073748,0.182400535570776,0.0380542845460633
,Amphibia,5,0.81131130073748,0.182400535570776,0.0380542845460633
,Amphibia,7,0.871654073009527,0.161605673459208,0.0278171413159315
,Amphibia,7,0.87466519570351,0.190579524458364,0.039086654667148
,Amphibia,8,0.87719925568847,0.182867124507731,0.0362641903012807
,Amphibia,7,0.871654073009527,0.161605673459208,0.0278171413159315
,Amphibia,12,0.913102686390292,0.177557901836475,0.0346879820905701
,Amphibia,14,0.914801987089494,0.187277878571422,0.0379549161932987
,Amphibia,14,0.914801987089494,0.187277878571422,0.0379549161932987
,Amphibia,5,0.81131130073748,0.182400535570776,0.0380542845460633
,Amphibia,7,0.871654073009527,0.161605673459208,0.0278171413159315
,Amphibia,8,0.893203760001436,0.1551538204682,0.0261752053110118
,Amphibia,11,0.921687048677946,0.168660200319617,0.0308902505202741
,Amphibia,11,0.921687048677946,0.168660200319617,0.0308902505202741
,Amphibia,13,0.913832312130049,0.17894993061756,0.0346838238734759
,Amphibia,13,0.913832312130049,0.17894993061756,0.0346838238734759
,Amphibia,14,0.919822118918668,0.188317929566364,0.0385081908312627
,Amphibia,6,0.861757622250979,0.136951375998878,0.0195494164633197
,Amphibia,7,0.871654073009527,0.161605673459208,0.0278171413159315
,Amphibia,7,0.871654073009527,0.161605673459208,0.0278171413159315
,Amphibia,11,0.921687048677946,0.168660200319617,0.0308902505202741
,Amphibia,12,0.923068109637535,0.171746753560882,0.0314623490573575
,Amphibia,12,0.923068109637535,0.171746753560882,0.0314623490573575
,Amphibia,13,0.919043574573891,0.180114992976516,0.035308039201781
,Amphibia,6,0.861757622250979,0.136951375998878,0.0195494164633197
,Amphibia,8,0.893203760001436,0.1551538204682,0.0261752053110118
,Amphibia,11,0.921687048677946,0.168660200319617,0.0308902505202741
,Amphibia,12,0.928830566792068,0.17799214107368,0.0340107046440212
,Amphibia,14,0.92531861325229,0.188093876694529,0.0377683967780491
,Amphibia,14,0.92531861325229,0.188093876694529,0.0377683967780491
,Amphibia,13,0.91949111403979,0.187674330152924,0.0375077850486818
,Amphibia,6,0.861757622250979,0.136951375998878,0.0195494164633197
,Amphibia,12,0.928830566792068,0.17799214107368,0.0340107046440212
,Amphibia,12,0.928830566792068,0.17799214107368,0.0340107046440212
,Amphibia,13,0.91949111403979,0.187674330152924,0.0375077850486818
,Amphibia,6,0.861757622250979,0.136951375998878,0.0195494164633197
,Amphibia,9,0.906936285554334,0.15561794450972,0.0259086001185987
,Amphibia,12,0.928830566792068,0.17799214107368,0.0340107046440212
,Amphibia,13,0.91949111403979,0.187674330152924,0.0375077850486818
,Amphibia,12,0.919050708869379,0.186204326152992,0.037505663965115
,Amphibia,5,0.826730151603777,0.126555901098064,0.0161693408317795
,Amphibia,12,0.919050708869379,0.186204326152992,0.037505663965115
,Amphibia,13,0.91949111403979,0.187674330152924,0.0375077850486818
,Amphibia,6,0.861757622250979,0.136951375998878,0.0195494164633197
,Amphibia,5,0.826730151603777,0.126555901098064,0.0161693408317795
,Amphibia,12,0.919050708869379,0.186204326152992,0.037505663965115
,Amphibia,12,0.919050708869379,0.186204326152992,0.037505663965115
,Amphibia,11,0.898400917527866,0.191236441675941,0.0394186394085528
,Amphibia,5,0.830215963673379,0.126618563714037,0.0182038389393237
,Amphibia,6,0.861757622250979,0.136951375998878,0.0195494164633197
,Amphibia,6,0.861757622250979,0.136951375998878,0.0195494164633197
,Amphibia,5,0.826730151603777,0.126555901098064,0.0161693408317795
,Amphibia,6,0.850456494222395,0.14510698078639,0.0223881715443307
,Amphibia,12,0.919050708869379,0.186204326152992,0.037505663965115
,Amphibia,12,0.919050708869379,0.186204326152992,0.037505663965115
,Amphibia,11,0.898400917527866,0.191236441675941,0.0394186394085528
,Amphibia,11,0.898400917527866,0.191236441675941,0.0394186394085528
,Amphibia,5,0.830215963673379,0.126618563714037,0.0182038389393237
,Amphibia,6,0.861757622250979,0.136951375998878,0.0195494164633197
,Amphibia,5,0.826730151603777,0.126555901098064,0.0161693408317795
,Amphibia,5,0.826730151603777,0.126555901098064,0.0161693408317795
,Amphibia,10,0.918320110835038,0.16540828048129,0.0292288276614704
,Amphibia,12,0.919050708869379,0.186204326152992,0.037505663965115
,Amphibia,11,0.898400917527866,0.191236441675941,0.0394186394085528
,Amphibia,11,0.898400917527866,0.191236441675941,0.0394186394085528
,Amphibia,11,0.898400917527866,0.191236441675941,0.0394186394085528
,Amphibia,6,0.850456494222395,0.14510698078639,0.0223881715443307
,Amphibia,8,0.894008989022207,0.148945110694137,0.0235029874993407
,Amphibia,8,0.894008989022207,0.148945110694137,0.0235029874993407
,Amphibia,12,0.919050708869379,0.186204326152992,0.037505663965115
,Amphibia,11,0.898400917527866,0.191236441675941,0.0394186394085528
,Amphibia,11,0.898400917527866,0.191236441675941,0.0394186394085528
,Amphibia,7,0.872169420055466,0.154088071964705,0.0249578409403303
,Amphibia,7,0.872169420055466,0.154088071964705,0.0249578409403303
,Amphibia,8,0.894008989022207,0.148945110694137,0.0235029874993407
,Amphibia,10,0.887337242491324,0.186080894916261,0.0376989567164386
,Amphibia,6,0.868096483749969,0.135773595859653,0.0196013494658798
,Amphibia,7,0.872169420055466,0.154088071964705,0.0249578409403303
,Amphibia,7,0.872169420055466,0.154088071964705,0.0249578409403303
,Amphibia,8,0.894008989022207,0.148945110694137,0.0235029874993407
,Amphibia,9,0.909653814260838,0.155150047866723,0.0254116810420425
,Amphibia,10,0.887337242491324,0.186080894916261,0.0376989567164386
,Amphibia,11,0.89496555169631,0.202610854815677,0.0443759380087881
,Amphibia,11,0.89496555169631,0.202610854815677,0.0443759380087881
,Amphibia,8,0.894008989022207,0.148945110694137,0.0235029874993407
,Amphibia,10,0.90104472458697,0.1899095667067,0.0400323845978761
,Amphibia,5,0.842219836209958,0.111107147408279,0.0141197448451615
,Amphibia,6,0.860779940458898,0.126041127698842,0.0191633926989266
,Amphibia,6,0.860779940458898,0.126041127698842,0.0191633926989266
,Amphibia,7,0.872169420055466,0.154088071964705,0.0249578409403303
,Amphibia,8,0.894008989022207,0.148945110694137,0.0235029874993407
,Amphibia,9,0.889507812899082,0.1664006990468,0.0298049247281773
,Amphibia,6,0.868096483749969,0.135773595859653,0.0196013494658798
,Amphibia,8,0.894008989022207,0.148945110694137,0.0235029874993407
,Amphibia,10,0.916591732609291,0.167711215829585,0.0298891815646611
,Amphibia,9,0.889507812899082,0.1664006990468,0.0298049247281773
,Amphibia,9,0.889507812899082,0.1664006990468,0.0298049247281773
,Amphibia,10,0.90104472458697,0.1899095667067,0.0400323845978761
,Amphibia,10,0.90104472458697,0.1899095667067,0.0400323845978761
,Amphibia,10,0.90104472458697,0.1899095667067,0.0400323845978761
,Amphibia,7,0.884937535433236,0.140957836922164,0.021578224743164
,Amphibia,6,0.868096483749969,0.135773595859653,0.0196013494658798
,Amphibia,7,0.872169420055466,0.154088071964705,0.0249578409403303
,Amphibia,10,0.90104472458697,0.1899095667067,0.0400323845978761
,Amphibia,5,0.951548415085501,0.147482153422477,0.0228792740545159
,Amphibia,6,0.860779940458898,0.126041127698842,0.0191633926989266
,Amphibia,7,0.884937535433236,0.140957836922164,0.021578224743164
,Amphibia,7,0.884937535433236,0.140957836922164,0.021578224743164
,Amphibia,6,0.868096483749969,0.135773595859653,0.0196013494658798
,Amphibia,7,0.872169420055466,0.154088071964705,0.0249578409403303
,Amphibia,8,0.894008989022207,0.148945110694137,0.0235029874993407
,Amphibia,8,0.894008989022207,0.148945110694137,0.0235029874993407
,Amphibia,9,0.909653814260838,0.155150047866723,0.0254116810420425
,Amphibia,9,0.909653814260838,0.155150047866723,0.0254116810420425
,Amphibia,9,0.909653814260838,0.155150047866723,0.0254116810420425
,Amphibia,9,0.889507812899082,0.1664006990468,0.0298049247281773
,Amphibia,10,0.90104472458697,0.1899095667067,0.0400323845978761
,Amphibia,10,0.90104472458697,0.1899095667067,0.0400323845978761
,Amphibia,5,0.957825741863962,0.147165359693503,0.0226095808983169
,Amphibia,6,0.860779940458898,0.126041127698842,0.0191633926989266
,Amphibia,7,0.884937535433236,0.140957836922164,0.021578224743164
,Amphibia,6,0.868096483749969,0.135773595859653,0.0196013494658798
,Amphibia,7,0.872169420055466,0.154088071964705,0.0249578409403303
,Amphibia,9,0.909653814260838,0.155150047866723,0.0254116810420425
,Amphibia,9,0.909653814260838,0.155150047866723,0.0254116810420425
,Amphibia,10,0.90104472458697,0.1899095667067,0.0400323845978761
,Amphibia,10,0.90104472458697,0.1899095667067,0.0400323845978761
,Amphibia,10,0.90104472458697,0.1899095667067,0.0400323845978761
,Amphibia,6,0.868096483749969,0.135773595859653,0.0196013494658798
,Amphibia,7,0.872169420055466,0.154088071964705,0.0249578409403303
,Amphibia,8,0.894008989022207,0.148945110694137,0.0235029874993407
,Amphibia,8,0.894008989022207,0.148945110694137,0.0235029874993407
,Amphibia,10,0.90104472458697,0.1899095667067,0.0400323845978761
,Amphibia,7,0.884937535433236,0.140957836922164,0.021578224743164
,Amphibia,7,0.884937535433236,0.140957836922164,0.021578224743164
,Amphibia,7,0.872169420055466,0.154088071964705,0.0249578409403303
,Amphibia,8,0.894008989022207,0.148945110694137,0.0235029874993407
,Amphibia,5,0.957825741863962,0.147165359693503,0.0226095808983169
,Amphibia,5,0.951548415085501,0.147482153422477,0.0228792740545159
,Amphibia,7,0.884937535433236,0.140957836922164,0.021578224743164
,Amphibia,7,0.884937535433236,0.140957836922164,0.021578224743164
,Amphibia,7,0.884937535433236,0.140957836922164,0.021578224743164
,Amphibia,8,0.889711418167031,0.158864498934901,0.0266991814830108
,Amphibia,7,0.872169420055466,0.154088071964705,0.0249578409403303
,Amphibia,7,0.872169420055466,0.154088071964705,0.0249578409403303
,Amphibia,5,0.957825741863962,0.147165359693503,0.0226095808983169
,Amphibia,5,0.957825741863962,0.147165359693503,0.0226095808983169
,Amphibia,6,0.934771774707195,0.153713242069831,0.0243557394775486
,Amphibia,7,0.884937535433236,0.140957836922164,0.021578224743164
,Amphibia,7,0.884937535433236,0.140957836922164,0.021578224743164
,Amphibia,7,0.884937535433236,0.140957836922164,0.021578224743164
,Amphibia,7,0.884937535433236,0.140957836922164,0.021578224743164
,Amphibia,7,0.884937535433236,0.140957836922164,0.021578224743164
,Amphibia,5,0.957825741863962,0.147165359693503,0.0226095808983169
,Amphibia,7,0.884937535433236,0.140957836922164,0.021578224743164
,Amphibia,7,0.884937535433236,0.140957836922164,0.021578224743164
,Amphibia,5,0.957825741863962,0.147165359693503,0.0226095808983169
,Amphibia,5,0.957825741863962,0.147165359693503,0.0226095808983169
,Amphibia,7,0.884937535433236,0.140957836922164,0.021578224743164
,Amphibia,7,0.884937535433236,0.140957836922164,0.021578224743164
,Amphibia,7,0.884937535433236,0.140957836922164,0.021578224743164
,Amphibia,7,0.884937535433236,0.140957836922164,0.021578224743164
,Amphibia,7,0.884937535433236,0.140957836922164,0.021578224743164
