class,species,tt_key,match_route
Amphibia,Alcalus tasanae,Ingerana tasanae,iucn_binomial
Amphibia,Amolops adicola,,
Amphibia,Amolops afghanus,Amolops afghanus,direct
Amphibia,Amolops albispinus,,
Amphibia,Amolops aniqiaoensis,Amolops aniqiaoensis,direct
Amphibia,Amolops bellulus,Amolops bellulus,direct
Amphibia,Amolops chunganensis,Amolops chunganensis,direct
Amphibia,Amolops daiyunensis,Amolops daiyunensis,direct
Amphibia,Amolops formosus,Amolops formosus,direct
Amphibia,Amolops gerbillus,Amolops gerbillus,direct
Amphibia,Amolops granulosus,Amolops granulosus,direct
Amphibia,Amolops hainanensis,Amolops hainanensis,direct
Amphibia,Amolops himalayanus,Amolops himalayanus,direct
Amphibia,Amolops jaunsari,Amolops jaunsari,direct
Amphibia,Amolops jinjiangensis,Amolops jinjiangensis,direct
Amphibia,Amolops kaulbacki,Amolops kaulbacki,direct
Amphibia,Amolops lifanensis,Amolops lifanensis,direct
Amphibia,Amolops loloensis,Amolops loloensis,direct
Amphibia,Amolops longimanus,Amolops longimanus,direct
Amphibia,Amolops mantzorum,Amolops mantzorum,direct
Amphibia,Amolops marmoratus,Amolops marmoratus,direct
Amphibia,Amolops medogensis,Amolops medogensis,direct
Amphibia,Amolops nyingchiensis,,
Amphibia,Amolops ricketti,Amolops ricketti,direct
Amphibia,Amolops sinensis,,
Amphibia,Amolops splendissimus,Amolops splendissimus,direct
Amphibia,Amolops torrentis,Amolops torrentis,direct
Amphibia,Amolops tuberodepressus,Amolops tuberodepressus,direct
Amphibia,Amolops viridimaculatus,Amolops viridimaculatus,direct
Amphibia,Amolops vitreus,Amolops vitreus,direct
Amphibia,Amolops wuyiensis,Amolops wuyiensis,direct
Amphibia,Amolops xinduqiao,,
Amphibia,Amolops yatseni,,
Amphibia,Amolops yunkaiensis,,
Amphibia,Batrachuperus karlschmidti,Batrachuperus karlschmidti,direct
Amphibia,Batrachuperus londongensis,Batrachuperus londongensis,direct
Amphibia,Batrachuperus pinchonii,Batrachuperus pinchonii,direct
Amphibia,Batrachuperus tibetanus,Batrachuperus tibetanus,direct
Amphibia,Bombina fortinuptialis,Bombina fortinuptialis,direct
Amphibia,Bombina lichuanensis,Bombina lichuanensis,direct
Amphibia,Bombina maxima,Bombina maxima,direct
Amphibia,Bombina microdeladigitora,Bombina microdeladigitora,direct
Amphibia,Bombina orientalis,Bombina orientalis,direct
Amphibia,Buergeria choui,,
Amphibia,Buergeria japonica,Buergeria japonica,direct
Amphibia,Buergeria otai,,
Amphibia,Buergeria oxycephala,Buergeria oxycephala,direct
Amphibia,Buergeria robusta,Buergeria robusta,direct
Amphibia,Bufo ailaoanus,Bufo ailaoanus,direct
Amphibia,Bufo aspinius,Bufo aspinius,direct
Amphibia,Bufo bankorensis,Bufo bankorensis,direct
Amphibia,Bufo bufo,Bufo bufo,direct
Amphibia,Bufo cryptotympanicus,Bufo cryptotympanicus,direct
Amphibia,Bufo gargarizans,Bufo gargarizans,direct
Amphibia,Bufo pageoti,Bufo pageoti,direct
Amphibia,Bufo stejnegeri,Bufo stejnegeri,direct
Amphibia,Bufo tuberculatus,Bufo tuberculatus,direct
Amphibia,Bufo tuberospinius,Bufo tuberospinius,direct
Amphibia,Bufotes pewzowi,Bufotes pewzowi,direct
Amphibia,Bufotes pseudoraddei,Bufotes pseudoraddei,direct
Amphibia,Chirixalus doriae,Chiromantis doriae,iucn_binomial
Amphibia,Chirixalus nongkhorensis,Chiromantis nongkhorensis,iucn_binomial
Amphibia,Clinotarsus alticola,Clinotarsus alticola,direct
Amphibia,Dryophytes immaculatus,Hyla immaculata,iucn_binomial
Amphibia,Dryophytes japonicus,Hyla japonica,iucn_binomial
Amphibia,Duttaphrynus himalayanus,Duttaphrynus himalayanus,direct
Amphibia,Duttaphrynus melanostictus,Duttaphrynus melanostictus,direct
Amphibia,Duttaphrynus stuarti,Duttaphrynus stuarti,direct
Amphibia,Echinotriton andersoni,Echinotriton andersoni,direct
Amphibia,Echinotriton chinhaiensis,Echinotriton chinhaiensis,direct
Amphibia,Euphlyctis adolfi,,
Amphibia,Euphlyctis cyanophlyctis,Euphlyctis cyanophlyctis,direct
Amphibia,Feihyla fuhua,Feihyla fuhua,direct
Amphibia,Fejervarya cancrivora,Fejervarya cancrivora,direct
Amphibia,Fejervarya kawamurai,Fejervarya kawamurai,direct
Amphibia,Fejervarya limnocharis,Fejervarya limnocharis,direct
Amphibia,Fejervarya multistriata,Fejervarya multistriata,direct
Amphibia,Firouzophrynus stomaticus,Duttaphrynus stomaticus,iucn_binomial
Amphibia,Glandirana emeljanovi,Rugosa emelianjovi,iucn_binomial
Amphibia,Glandirana minima,Glandirana minima,direct
Amphibia,Glandirana tientaiensis,Rugosa tiantaiensis,iucn_binomial
Amphibia,Glyphoglossus guttulatus,Calluella guttulata,iucn_binomial
Amphibia,Glyphoglossus yunnanensis,Calluella yunnanensis,iucn_binomial
Amphibia,Gracixalus gracilipes,Gracixalus gracilipes,direct
Amphibia,Gracixalus guangdongensis,,
Amphibia,Gracixalus jinxiuensis,Gracixalus jinxiuensis,direct
Amphibia,Gracixalus medogensis,Gracixalus medogensis,direct
Amphibia,Gracixalus nonggangensis,Gracixalus nonggangensis,direct
Amphibia,Gracixalus quangi,Gracixalus quangi,direct
Amphibia,Gracixalus yunnanensis,,
Amphibia,Hoplobatrachus crassus,Hoplobatrachus crassus,direct
Amphibia,Hoplobatrachus rugulosus,Hoplobatrachus rugulosus,direct
Amphibia,Hoplobatrachus tigerinus,Hoplobatrachus tigerinus,direct
Amphibia,Humerana humeralis,,
Amphibia,Humerana lateralis,Hylarana lateralis,iucn_binomial
Amphibia,Hyla annectans,Hyla annectans,direct
Amphibia,Hyla chinensis,Hyla chinensis,direct
Amphibia,Hyla hallowellii,Hyla hallowellii,direct
Amphibia,Hyla sanchiangensis,Hyla sanchiangensis,direct
Amphibia,Hyla simplex,Hyla simplex,direct
Amphibia,Hyla tsinlingensis,Hyla tsinlingensis,direct
Amphibia,Hyla zhaopingensis,Hyla zhaopingensis,direct
Amphibia,Hylarana annamitica,,
Amphibia,Hylarana cubitalis,Hylarana cubitalis,direct
Amphibia,Hylarana erythraea,Hylarana erythraea,direct
Amphibia,Hylarana guentheri,Hylarana guentheri,direct
Amphibia,Hylarana latouchii,Hylarana latouchii,direct
Amphibia,Hylarana leptoglossa,Hylarana leptoglossa,direct
Amphibia,Hylarana macrodactyla,Hylarana macrodactyla,direct
Amphibia,Hylarana maosonensis,Hylarana maosonensis,direct
Amphibia,Hylarana nicobariensis,Hylarana nicobariensis,direct
Amphibia,Hylarana nigrovittata,Hylarana nigrovittata,direct
Amphibia,Hylarana spinulosa,Hylarana spinulosa,direct
Amphibia,Hylarana taipehensis,Hylarana taipehensis,direct
Amphibia,Hylarana tytleri,Hylarana tytleri,direct
Amphibia,Hynobius amjiensis,Hynobius amjiensis,direct
Amphibia,Hynobius arisanensis,Hynobius arisanensis,direct
Amphibia,Hynobius formosanus,Hynobius formosanus,direct
Amphibia,Hynobius fucus,Hynobius fuca,iucn_binomial
Amphibia,Hynobius glacialis,Hynobius glacialis,direct
Amphibia,Hynobius guabangshanensis,Hynobius guabangshanensis,direct
Amphibia,Hynobius leechii,Hynobius leechii,direct
Amphibia,Hynobius maoershanensis,Hynobius maoershanensis,direct
Amphibia,Hynobius sonani,Hynobius sonani,direct
Amphibia,Hynobius yiwuensis,Hynobius yiwuensis,direct
Amphibia,Hypselotriton chenggongensis,Cynops chenggongensis,iucn_binomial
Amphibia,Hypselotriton cyanurus,Cynops cyanurus,iucn_binomial
Amphibia,Hypselotriton glaucus,Cynops glaucus,gbif_backbone
Amphibia,Hypselotriton orientalis,Cynops orientalis,iucn_binomial
Amphibia,Hypselotriton yunnanensis,,
Amphibia,Ichthyophis bannanicus,Ichthyophis bannanicus,direct
Amphibia,Ingerana borealis,Ingerana borealis,direct
Amphibia,Ingerana reticulata,Ingerana reticulata,direct
Amphibia,Ingerophrynus galeatus,Ingerophrynus galeatus,direct
Amphibia,Ingerophrynus ledongensis,Ingerophrynus ledongensis,direct
Amphibia,Ingerophrynus macrotis,Ingerophrynus macrotis,direct
Amphibia,Kalophrynus interlineatus,Kalophrynus interlineatus,direct
Amphibia,Kaloula borealis,Kaloula borealis,direct
Amphibia,Kaloula mediolineata,Kaloula mediolineata,direct
Amphibia,Kaloula nonggangensis,Kaloula nonggangensis,direct
Amphibia,Kaloula pulchra,Kaloula pulchra,direct
Amphibia,Kaloula rugifera,Kaloula rugifera,direct
Amphibia,Kaloula verrucosa,Kaloula verrucosa,direct
Amphibia,Kurixalus berylliniris,,
Amphibia,Kurixalus eiffingeri,Kurixalus eiffingeri,direct
Amphibia,Kurixalus hainanus,,
Amphibia,Kurixalus idiootocus,Kurixalus idiootocus,direct
Amphibia,Kurixalus lenquanensis,,
Amphibia,Kurixalus naso,Kurixalus naso,direct
Amphibia,Kurixalus odontotarsus,Kurixalus odontotarsus,direct
Amphibia,Kurixalus verrucosus,Kurixalus verrucosus,direct
Amphibia,Kurixalus wangi,,
Amphibia,Kurixalus yangi,,
Amphibia,Leptobrachella alpina,Leptolalax alpinus,iucn_binomial
Amphibia,Leptobrachella eos,Leptolalax eos,iucn_binomial
Amphibia,Leptobrachella laui,,
Amphibia,Leptobrachella liui,Leptolalax liui,iucn_binomial
Amphibia,Leptobrachella mangshanensis,,
Amphibia,Leptobrachella maoershanensis,,
Amphibia,Leptobrachella minima,Leptolalax minimus,iucn_binomial
Amphibia,Leptobrachella oshanensis,Leptolalax oshanensis,iucn_binomial
Amphibia,Leptobrachella petrops,,
Amphibia,Leptobrachella purpurus,,
Amphibia,Leptobrachella shangsiensis,,
Amphibia,Leptobrachella sungi,Leptolalax sungi,iucn_binomial
Amphibia,Leptobrachella tengchongensis,,
Amphibia,Leptobrachella ventripunctata,Leptolalax ventripunctatus,iucn_binomial
Amphibia,Leptobrachium ailaonicum,Leptobrachium ailaonicum,direct
Amphibia,Leptobrachium bompu,Leptobrachium bompu,direct
Amphibia,Leptobrachium boringii,Leptobrachium boringii,direct
Amphibia,Leptobrachium chapaense,Leptobrachium chapaense,direct
Amphibia,Leptobrachium guangxiense,Leptobrachium guangxiense,direct
Amphibia,Leptobrachium hainanense,Leptobrachium hainanense,direct
Amphibia,Leptobrachium huashen,Leptobrachium huashen,direct
Amphibia,Leptobrachium leishanense,Leptobrachium leishanense,direct
Amphibia,Leptobrachium liui,Leptobrachium liui,direct
Amphibia,Leptobrachium promustache,Leptobrachium promustache,direct
Amphibia,Leptobrachium tengchongense,,
Amphibia,Limnonectes bannaensis,Limnonectes bannaensis,direct
Amphibia,Limnonectes fragilis,Limnonectes fragilis,direct
Amphibia,Limnonectes fujianensis,Limnonectes fujianensis,direct
Amphibia,Limnonectes khasianus,Limnonectes khasianus,direct
Amphibia,Limnonectes limborgi,Limnonectes limborgi,direct
Amphibia,Limnonectes longchuanensis,,
Amphibia,Limnonectes taylori,Limnonectes taylori,direct
Amphibia,Liua shihi,Liua shihi,direct
Amphibia,Liua tsinpaensis,Liua tsinpaensis,direct
Amphibia,Liuixalus hainanus,Liuixalus hainanus,direct
Amphibia,Liuixalus ocellatus,Liuixalus ocellatus,direct
Amphibia,Liuixalus shiwandashan,,
Amphibia,Liurana alpina,Ingerana alpina,iucn_binomial
Amphibia,Liurana himalayana,,
Amphibia,Liurana medogensis,Ingerana medogensis,iucn_binomial
Amphibia,Liurana vallecula,,
Amphibia,Liurana xizangensis,Ingerana xizangensis,iucn_binomial
Amphibia,Megophrys acuta,,
Amphibia,Megophrys baolongensis,Xenophrys baolongensis,iucn_binomial
Amphibia,Megophrys binchuanensis,Xenophrys binchuanensis,iucn_binomial
Amphibia,Megophrys binlingensis,Xenophrys binlingensis,iucn_binomial
Amphibia,Megophrys boettgeri,Xenophrys boettgeri,iucn_binomial
Amphibia,Megophrys brachykolos,Xenophrys brachykolos,iucn_binomial
Amphibia,Megophrys caudoprocta,Xenophrys caudoprocta,iucn_binomial
Amphibia,Megophrys cheni,,
Amphibia,Megophrys chuannanensis,Brachytarsophrys chuannanensis,iucn_binomial
Amphibia,Megophrys daweimontis,Xenophrys daweimontis,iucn_binomial
Amphibia,Megophrys feae,Brachytarsophrys feae,iucn_binomial
Amphibia,Megophrys gigantica,Xenophrys gigantica,iucn_binomial
Amphibia,Megophrys glandulosa,Xenophrys glandulosa,iucn_binomial
Amphibia,Megophrys huangshanensis,Xenophrys huangshanensis,iucn_binomial
Amphibia,Megophrys jingdongensis,Xenophrys jingdongensis,iucn_binomial
Amphibia,Megophrys jinggangensis,Xenophrys jinggangensis,iucn_binomial
Amphibia,Megophrys koui,Ophryophryne pachyproctus,iucn_binomial
Amphibia,Megophrys kuatunensis,Xenophrys kuatunensis,iucn_binomial
Amphibia,Megophrys lini,,
Amphibia,Megophrys mangshanensis,Xenophrys mangshanensis,iucn_binomial
Amphibia,Megophrys maosonensis,,
Amphibia,Megophrys medogensis,Xenophrys medogensis,iucn_binomial
Amphibia,Megophrys microstoma,Ophryophryne microstoma,iucn_binomial
Amphibia,Megophrys minor,Xenophrys minor,iucn_binomial
Amphibia,Megophrys nankiangensis,Xenophrys nankiangensis,iucn_binomial
Amphibia,Megophrys obesa,,
Amphibia,Megophrys ombrophila,,
Amphibia,Megophrys omeimontis,Xenophrys omeimontis,iucn_binomial
Amphibia,Megophrys pachyproctus,Xenophrys pachyproctus,iucn_binomial
Amphibia,Megophrys palpebralespinosa,Xenophrys palpebralespinosa,iucn_binomial
Amphibia,Megophrys periosa,,
Amphibia,Megophrys platyparietus,Brachytarsophrys platyparietus,iucn_binomial
Amphibia,Megophrys popei,,
Amphibia,Megophrys robusta,Xenophrys robusta,iucn_binomial
Amphibia,Megophrys rubrimera,,
Amphibia,Megophrys shapingensis,Xenophrys shapingensis,iucn_binomial
Amphibia,Megophrys shuichengensis,Xenophrys shuichengensis,iucn_binomial
Amphibia,Megophrys spinata,Xenophrys spinata,iucn_binomial
Amphibia,Megophrys tuberogranulata,Xenophrys tuberogranulatus,iucn_binomial
Amphibia,Megophrys wawuensis,Xenophrys wawuensis,iucn_binomial
Amphibia,Megophrys wuliangshanensis,Xenophrys wuliangshanensis,iucn_binomial
Amphibia,Megophrys wushanensis,Xenophrys wushanensis,iucn_binomial
Amphibia,Megophrys zhangi,Xenophrys zhangi,iucn_binomial
Amphibia,Microhyla berdmorei,Microhyla berdmorei,direct
Amphibia,Microhyla butleri,Microhyla butleri,direct
Amphibia,Microhyla fissipes,Microhyla fissipes,direct
Amphibia,Microhyla heymonsi,Microhyla heymonsi,direct
Amphibia,Microhyla mixtura,Microhyla mixtura,direct
Amphibia,Microhyla mukhlesuri,Microhyla mukhlesuri,direct
Amphibia,Microhyla mymensinghensis,Microhyla mymensinghensis,direct
Amphibia,Microhyla nilphamariensis,,
Amphibia,Microhyla okinavensis,Microhyla okinavensis,direct
Amphibia,Microhyla pulchra,Microhyla pulchra,direct
Amphibia,Micryletta menglienica,Kalophrynus menglienicus,iucn_binomial
Amphibia,Micryletta steinegeri,Micryletta steinegeri,direct
Amphibia,Minervarya agricola,,
Amphibia,Minervarya nepalensis,Fejervarya nepalensis,iucn_binomial
Amphibia,Minervarya pierrei,Fejervarya pierrei,iucn_binomial
Amphibia,Nanorana aenea,Nanorana aenea,direct
Amphibia,Nanorana annandalii,Nanorana annandalii,direct
Amphibia,Nanorana arnoldi,Nanorana arnoldi,direct
Amphibia,Nanorana arunachalensis,,
Amphibia,Nanorana blanfordii,Nanorana blanfordii,direct
Amphibia,Nanorana chayuensis,Nanorana chayuensis,direct
Amphibia,Nanorana conaensis,Nanorana conaensis,direct
Amphibia,Nanorana kangxianensis,Nanorana kangxianensis,direct
Amphibia,Nanorana liebigii,Nanorana liebigii,direct
Amphibia,Nanorana maculosa,Nanorana maculosa,direct
Amphibia,Nanorana medogensis,Nanorana medogensis,direct
Amphibia,Nanorana minica,Nanorana minica,direct
Amphibia,Nanorana parkeri,Nanorana parkeri,direct
Amphibia,Nanorana phrynoides,,
Amphibia,Nanorana pleskei,Nanorana pleskei,direct
Amphibia,Nanorana polunini,Nanorana polunini,direct
Amphibia,Nanorana quadranus,Nanorana quadranus,direct
Amphibia,Nanorana rostandi,Nanorana rostandi,direct
Amphibia,Nanorana sichuanensis,,
Amphibia,Nanorana taihangnica,Nanorana taihangnica,direct
Amphibia,Nanorana unculuanus,Nanorana unculuanus,direct
Amphibia,Nanorana ventripunctata,Nanorana ventripunctata,direct
Amphibia,Nanorana yunnanensis,Nanorana yunnanensis,direct
Amphibia,Nasutixalus jerdonii,Philautus jerdonii,iucn_binomial
Amphibia,Nidirana adenopleura,Babina adenopleura,iucn_binomial
Amphibia,Nidirana chapaensis,Babina chapaensis,iucn_binomial
Amphibia,Nidirana daunchina,Babina daunchina,iucn_binomial
Amphibia,Nidirana hainanensis,Babina hainanensis,iucn_binomial
Amphibia,Nidirana lini,Babina lini,iucn_binomial
Amphibia,Nidirana pleuraden,Babina pleuraden,iucn_binomial
Amphibia,Occidozyga lima,Occidozyga lima,direct
Amphibia,Occidozyga martensii,Occidozyga martensii,direct
Amphibia,Odorrana amamiensis,Odorrana amamiensis,direct
Amphibia,Odorrana anlungensis,Odorrana anlungensis,direct
Amphibia,Odorrana bacboensis,Odorrana bacboensis,direct
Amphibia,Odorrana cangyuanensis,Rana cangyuanensis,iucn_binomial
Amphibia,Odorrana chapaensis,Odorrana chapaensis,direct
Amphibia,Odorrana chloronota,Odorrana chloronota,direct
Amphibia,Odorrana exiliversabilis,Odorrana exiliversabilis,direct
Amphibia,Odorrana fengkaiensis,,
Amphibia,Odorrana geminata,Odorrana geminata,direct
Amphibia,Odorrana grahami,Odorrana grahami,direct
Amphibia,Odorrana graminea,Odorrana graminea,direct
Amphibia,Odorrana hainanensis,Odorrana hainanensis,direct
Amphibia,Odorrana hejiangensis,Odorrana hejiangensis,direct
Amphibia,Odorrana huanggangensis,Odorrana huanggangensis,direct
Amphibia,Odorrana jingdongensis,Odorrana jingdongensis,direct
Amphibia,Odorrana junlianensis,Odorrana junlianensis,direct
Amphibia,Odorrana kuangwuensis,Odorrana kuangwuensis,direct
Amphibia,Odorrana kweichowensis,,
Amphibia,Odorrana lipuensis,,
Amphibia,Odorrana lungshengensis,Odorrana lungshengensis,direct
Amphibia,Odorrana macrotympana,Odorrana macrotympana,direct
Amphibia,Odorrana margaretae,Odorrana margaretae,direct
Amphibia,Odorrana mutschmanni,,
Amphibia,Odorrana nanjiangensis,Odorrana nanjiangensis,direct
Amphibia,Odorrana nasica,Odorrana nasica,direct
Amphibia,Odorrana nasuta,Odorrana nasuta,direct
Amphibia,Odorrana rotodora,Odorrana rotadora,iucn_binomial
Amphibia,Odorrana schmackeri,Odorrana schmackeri,direct
Amphibia,Odorrana swinhoana,Odorrana swinhoana,direct
Amphibia,Odorrana tianmuii,Odorrana tianmuii,direct
Amphibia,Odorrana tiannanensis,Odorrana tiannanensis,direct
Amphibia,Odorrana tormota,Odorrana tormota,direct
Amphibia,Odorrana versabilis,Odorrana versabilis,direct
Amphibia,Odorrana wuchuanensis,Odorrana wuchuanensis,direct
Amphibia,Odorrana yizhangensis,Odorrana yizhangensis,direct
Amphibia,Odorrana yunnanensis,Odorrana andersonii,iucn_binomial
Amphibia,Odorrana zhaoi,Odorrana zhaoi,direct
Amphibia,Onychodactylus zhangyapingi,Onychodactylus zhangyapingi,direct
Amphibia,Onychodactylus zhaoermii,Onychodactylus zhaoermii,direct
Amphibia,Oreolalax chuanbeiensis,Oreolalax chuanbeiensis,direct
Amphibia,Oreolalax granulosus,Oreolalax granulosus,direct
Amphibia,Oreolalax jingdongensis,Oreolalax jingdongensis,direct
Amphibia,Oreolalax lichuanensis,Oreolalax lichuanensis,direct
Amphibia,Oreolalax major,Oreolalax major,direct
Amphibia,Oreolalax multipunctatus,Oreolalax multipunctatus,direct
Amphibia,Oreolalax nanjiangensis,Oreolalax nanjiangensis,direct
Amphibia,Oreolalax omeimontis,Oreolalax omeimontis,direct
Amphibia,Oreolalax pingii,Oreolalax pingii,direct
Amphibia,Oreolalax popei,Oreolalax popei,direct
Amphibia,Oreolalax puxiongensis,Oreolalax puxiongensis,direct
Amphibia,Oreolalax rhodostigmatus,Oreolalax rhodostigmatus,direct
Amphibia,Oreolalax rugosus,Oreolalax rugosus,direct
Amphibia,Oreolalax schmidti,Oreolalax schmidti,direct
Amphibia,Oreolalax xiangchengensis,Oreolalax xiangchengensis,direct
Amphibia,Pachyhynobius shangchengensis,Pachyhynobius shangchengensis,direct
Amphibia,Pachytriton archospotus,Pachytriton archospotus,direct
Amphibia,Pachytriton brevipes,Pachytriton brevipes,direct
Amphibia,Pachytriton changi,Pachytriton changi,direct
Amphibia,Pachytriton feii,Pachytriton feii,direct
Amphibia,Pachytriton granulosus,Pachytriton granulosus,direct
Amphibia,Pachytriton inexpectatus,Pachytriton inexpectatus,direct
Amphibia,Pachytriton moi,Pachytriton moi,direct
Amphibia,Pachytriton wuguanfui,,
Amphibia,Papurana milleti,Hylarana milleti,iucn_binomial
Amphibia,Paramesotriton aurantius,,
Amphibia,Paramesotriton caudopunctatus,Paramesotriton caudopunctatus,direct
Amphibia,Paramesotriton chinensis,Paramesotriton chinensis,direct
Amphibia,Paramesotriton deloustali,Paramesotriton deloustali,direct
Amphibia,Paramesotriton fuzhongensis,Paramesotriton fuzhongensis,direct
Amphibia,Paramesotriton guangxiensis,Paramesotriton guanxiensis,iucn_binomial
Amphibia,Paramesotriton hongkongensis,Paramesotriton hongkongensis,direct
Amphibia,Paramesotriton labiatus,Paramesotriton labiatus,direct
Amphibia,Paramesotriton longliensis,Paramesotriton longliensis,direct
Amphibia,Paramesotriton qixilingensis,,
Amphibia,Paramesotriton wulingensis,Paramesotriton wulingensis,direct
Amphibia,Paramesotriton yunwuensis,Paramesotriton yunwuensis,direct
Amphibia,Paramesotriton zhijinensis,Paramesotriton zhijinensis,direct
Amphibia,Parapelophryne scalpta,Parapelophryne scalpta,direct
Amphibia,Pelophylax chosenicus,Pelophylax chosenicus,direct
Amphibia,Pelophylax fukienensis,Pelophylax fukienensis,direct
Amphibia,Pelophylax nigromaculatus,Pelophylax nigromaculatus,direct
Amphibia,Pelophylax plancyi,Pelophylax plancyi,direct
Amphibia,Pelophylax tenggerensis,Pelophylax tenggerensis,direct
Amphibia,Pelophylax terentievi,Pelophylax terentievi,direct
Amphibia,Philautus kempii,Philautus kempii,direct
Amphibia,Polypedates assamensis,Polypedates assamensis,direct
Amphibia,Polypedates braueri,Polypedates braueri,direct
Amphibia,Polypedates himalayensis,,
Amphibia,Polypedates impresus,Polypedates impresus,direct
Amphibia,Polypedates leucomystax,Polypedates leucomystax,direct
Amphibia,Polypedates megacephalus,Polypedates megacephalus,direct
Amphibia,Polypedates mutus,Polypedates mutus,direct
Amphibia,Polypedates subansiriensis,Polypedates subansiriensis,direct
Amphibia,Polypedates taeniatus,Polypedates taeniatus,direct
Amphibia,Polypedates teraiensis,Polypedates teraiensis,direct
Amphibia,Pseudohynobius flavomaculatus,Pseudohynobius flavomaculatus,direct
Amphibia,Pseudohynobius guizhouensis,Pseudohynobius guizhouensis,direct
Amphibia,Pseudohynobius kuankuoshuiensis,Pseudohynobius kuankuoshuiensis,direct
Amphibia,Pseudohynobius puxiongensis,Pseudohynobius puxiongensis,direct
Amphibia,Pseudohynobius shuichengensis,Pseudohynobius shuichengensis,direct
Amphibia,Pseudorana weiningensis,Rana weiningensis,iucn_binomial
Amphibia,Pterorana khare,Pterorana khare,direct
Amphibia,Quasipaa boulengeri,Quasipaa boulengeri,direct
Amphibia,Quasipaa delacouri,Quasipaa delacouri,direct
Amphibia,Quasipaa exilispinosa,Quasipaa exilispinosa,direct
Amphibia,Quasipaa jiulongensis,Quasipaa jiulongensis,direct
Amphibia,Quasipaa shini,Quasipaa shini,direct
Amphibia,Quasipaa spinosa,Quasipaa spinosa,direct
Amphibia,Quasipaa verrucospinosa,Quasipaa verrucospinosa,direct
Amphibia,Quasipaa yei,Quasipaa yei,direct
Amphibia,Rana amurensis,Rana amurensis,direct
Amphibia,Rana arvalis,Rana arvalis,direct
Amphibia,Rana asiatica,Rana asiatica,direct
Amphibia,Rana chaochiaoensis,Rana chaochiaoensis,direct
Amphibia,Rana chensinensis,Rana chensinensis,direct
Amphibia,Rana coreana,Rana coreana,direct
Amphibia,Rana dabieshanensis,,
Amphibia,Rana dybowskii,Rana dybowskii,direct
Amphibia,Rana hanluica,Rana hanluica,direct
Amphibia,Rana huanrensis,Rana huanrensis,direct
Amphibia,Rana johnsi,Rana johnsi,direct
Amphibia,Rana kobai,Rana kobai,direct
Amphibia,Rana kukunoris,Rana kukunoris,direct
Amphibia,Rana longicrus,Rana longicrus,direct
Amphibia,Rana omeimontis,Rana omeimontis,direct
Amphibia,Rana qianjiang,,
Amphibia,Rana sangzhiensis,Rana sangzhiensis,direct
Amphibia,Rana sauteri,Rana sauteri,direct
Amphibia,Rana shuchinae,Rana shuchinae,direct
Amphibia,Rana uenoi,,
Amphibia,Rana zhenhaiensis,Rana zhenhaiensis,direct
Amphibia,Ranodon sibiricus,Ranodon sibiricus,direct
Amphibia,Raorchestes andersoni,Theloderma andersoni,iucn_binomial
Amphibia,Raorchestes annandalii,Pseudophilautus annandalii,iucn_binomial
Amphibia,Raorchestes longchuanensis,Raorchestes longchuanensis,direct
Amphibia,Raorchestes menglaensis,Raorchestes menglaensis,direct
Amphibia,Raorchestes parvulus,Raorchestes parvulus,direct
Amphibia,Rhacophorus bipunctatus,Rhacophorus bipunctatus,direct
Amphibia,Rhacophorus hoanglienensis,Rhacophorus hoanglienensis,direct
Amphibia,Rhacophorus kio,Rhacophorus kio,direct
Amphibia,Rhacophorus rhodopus,Rhacophorus rhodopus,direct
Amphibia,Rhacophorus translineatus,Rhacophorus translineatus,direct
Amphibia,Rhacophorus tuberculatus,Rhacophorus tuberculatus,direct
Amphibia,Rhacophorus vanbanicus,,
Amphibia,Rhacophorus verrucopus,Rhacophorus verrucopus,direct
Amphibia,Rhacophorus viridimaculatus,,
Amphibia,Rohanixalus shyamrupus,Chiromantis shyamrupus,iucn_binomial
Amphibia,Rohanixalus vittatus,Chiromantis vittatus,iucn_binomial
Amphibia,Salamandrella keyserlingii,Salamandrella keyserlingii,direct
Amphibia,Salamandrella tridactyla,Salamandrella tridactyla,direct
Amphibia,Scutiger adungensis,Scutiger adungensis,direct
Amphibia,Scutiger boulengeri,Scutiger boulengeri,direct
Amphibia,Scutiger brevipes,Scutiger brevipes,direct
Amphibia,Scutiger chintingensis,Scutiger chintingensis,direct
Amphibia,Scutiger glandulatus,Scutiger glandulatus,direct
Amphibia,Scutiger gongshanensis,Scutiger gongshanensis,direct
Amphibia,Scutiger jiulongensis,Scutiger jiulongensis,direct
Amphibia,Scutiger liupanensis,Scutiger liupanensis,direct
Amphibia,Scutiger mammatus,Scutiger mammatus,direct
Amphibia,Scutiger muliensis,Scutiger muliensis,direct
Amphibia,Scutiger ningshanensis,Scutiger ningshanensis,direct
Amphibia,Scutiger nyingchiensis,Scutiger nyingchiensis,direct
Amphibia,Scutiger pingwuensis,Scutiger pingwuensis,direct
Amphibia,Scutiger sikimmensis,Scutiger sikimmensis,direct
Amphibia,Scutiger tuberculatus,Scutiger tuberculatus,direct
Amphibia,Scutiger wanglangensis,Scutiger wanglangensis,direct
Amphibia,Sphaerotheca maskeyi,Sphaerotheca maskeyi,direct
Amphibia,Strauchbufo raddei,Strauchbufo raddei,direct
Amphibia,Theloderma albopunctatum,,
Amphibia,Theloderma baibungense,,
Amphibia,Theloderma bicolor,Theloderma bicolor,direct
Amphibia,Theloderma corticale,Theloderma corticale,direct
Amphibia,Theloderma gordoni,Theloderma gordoni,direct
Amphibia,Theloderma lateriticum,Theloderma lateriticum,direct
Amphibia,Theloderma moloch,Theloderma moloch,direct
Amphibia,Theloderma petilum,Philautus petilus,iucn_binomial
Amphibia,Theloderma pyaukkya,,
Amphibia,Theloderma rhododiscus,Theloderma rhododiscus,direct
Amphibia,Tylototriton anguliceps,,
Amphibia,Tylototriton asperrimus,Tylototriton asperrimus,direct
Amphibia,Tylototriton broadoridgus,Tylototriton broadoridgus,direct
Amphibia,Tylototriton dabienicus,Tylototriton dabienicus,direct
Amphibia,Tylototriton hainanensis,Tylototriton hainanensis,direct
Amphibia,Tylototriton kweichowensis,Tylototriton kweichowensis,direct
Amphibia,Tylototriton liuyangensis,,
Amphibia,Tylototriton lizhenchangi,Tylototriton lizhenchangi,direct
Amphibia,Tylototriton panwaensis,,
Amphibia,Tylototriton pseudoverrucosus,Tylototriton pseudoverrucosus,direct
Amphibia,Tylototriton shanjing,Tylototriton shanjing,direct
Amphibia,Tylototriton taliangensis,Tylototriton taliangensis,direct
Amphibia,Tylototriton verrucosus,Tylototriton verrucosus,direct
Amphibia,Tylototriton wenxianensis,Tylototriton wenxianensis,direct
Amphibia,Tylototriton yangi,Tylototriton yangi,direct
Amphibia,Tylototriton ziegleri,Tylototriton ziegleri,direct
Amphibia,Uperodon assamensis,Kaloula assamensis,iucn_binomial
Amphibia,Uperodon globulosus,Uperodon globulosus,direct
Amphibia,Zhangixalus amamiensis,,
Amphibia,Zhangixalus arvalis,Rhacophorus arvalis,iucn_binomial
Amphibia,Zhangixalus aurantiventris,Rhacophorus aurantiventris,iucn_binomial
Amphibia,Zhangixalus burmanus,,
Amphibia,Zhangixalus chenfui,Rhacophorus chenfui,iucn_binomial
Amphibia,Zhangixalus dennysi,Rhacophorus dennysi,iucn_binomial
Amphibia,Zhangixalus dorsoviridis,Rhacophorus dorsoviridis,iucn_binomial
Amphibia,Zhangixalus duboisi,Rhacophorus duboisi,iucn_binomial
Amphibia,Zhangixalus dugritei,Rhacophorus dugritei,iucn_binomial
Amphibia,Zhangixalus feae,Rhacophorus feae,iucn_binomial
Amphibia,Zhangixalus franki,,
Amphibia,Zhangixalus hongchibaensis,Rhacophorus hongchibaensis,iucn_binomial
Amphibia,Zhangixalus hui,Polypedates hui,iucn_binomial
Amphibia,Zhangixalus hungfuensis,Rhacophorus hungfuensis,iucn_binomial
Amphibia,Zhangixalus leucofasciatus,,
Amphibia,Zhangixalus minimus,Rhacophorus minimus,iucn_binomial
Amphibia,Zhangixalus moltrechti,Rhacophorus moltrechti,iucn_binomial
Amphibia,Zhangixalus nigropunctatus,Rhacophorus nigropunctatus,iucn_binomial
Amphibia,Zhangixalus omeimontis,Rhacophorus omeimontis,iucn_binomial
Amphibia,Zhangixalus pinglongensis,,
Amphibia,Zhangixalus prasinatus,Rhacophorus prasinatus,iucn_binomial
Amphibia,Zhangixalus puerensis,Rhacophorus puerensis,iucn_binomial
Amphibia,Zhangixalus smaragdinus,Rhacophorus maximus,iucn_binomial
Amphibia,Zhangixalus suffry,Rhacophorus suffry,iucn_binomial
Amphibia,Zhangixalus taipeianus,Rhacophorus taipeianus,iucn_binomial
Amphibia,Zhangixalus yaoshanensis,Polypedates yaoshanensis,iucn_binomial
Amphibia,Zhangixalus yinggelingensis,Rhacophorus yinggelingensis,iucn_binomial
Amphibia,Zhangixalus zhoukaiyae,,
Aves,Arborophila torqueola,Arborophila torqueola,direct
Aves,Arborophila rufipectus,Arborophila rufipectus,direct
Aves,Arborophila rufogularis,Arborophila rufogularis,direct
Aves,Arborophila gingica,Arborophila gingica,direct
Aves,Arborophila atrogularis,Arborophila atrogularis,direct
Aves,Arborophila brunneopectus,Arborophila brunneopectus,direct
Aves,Arborophila crudigularis,Arborophila crudigularis,direct
Aves,Arborophila ardens,Arborophila ardens,direct
Aves,Tropicoperdix chloropus,Arborophila chloropus,iucn_binomial
Aves,Bonasa bonasia,Bonasa bonasia,direct
Aves,Bonasa sewerzowi,Bonasa sewerzowi,direct
Aves,Tetrao urogallus,Tetrao urogallus,direct
Aves,Tetrao urogalloides,Tetrao parvirostris,iucn_binomial
Aves,Lagopus lagopus,Lagopus lagopus,direct
Aves,Lagopus muta,Lagopus muta,direct
Aves,Lerwa lerwa,Lerwa lerwa,direct
Aves,Tetraophasis obscurus,Tetraophasis obscurus,direct
Aves,Tetraophasis szechenyii,Tetraophasis szechenyii,direct
Aves,Tetraogallus himalayensis,Tetraogallus himalayensis,direct
Aves,Tetraogallus tibetanus,Tetraogallus tibetanus,direct
Aves,Tetraogallus altaicus,Tetraogallus altaicus,direct
Aves,Alectoris chukar,Alectoris chukar,direct
Aves,Alectoris magna,Alectoris magna,direct
Aves,Francolinus pintadeanus,Francolinus pintadeanus,direct
Aves,Perdix perdix,Perdix perdix,direct
Aves,Perdix dauurica,Perdix dauurica,direct
Aves,Perdix hodgsoniae,Perdix hodgsoniae,direct
Aves,Coturnix coturnix,Coturnix coturnix,direct
Aves,Coturnix japonica,Coturnix japonica,direct
Aves,Synoicus chinensis,Coturnix chinensis,iucn_binomial
Aves,Bambusicola fytchii,Bambusicola fytchii,direct
Aves,Ithaginis cruentus,Ithaginis cruentus,direct
Aves,Tragopan satyra,Tragopan satyra,direct
Aves,Tragopan temminckii,Tragopan temminckii,direct
Aves,Tragopan caboti,Tragopan caboti,direct
Aves,Pucrasia macrolopha,Pucrasia macrolopha,direct
Aves,Lophophorus impejanus,Lophophorus impejanus,direct
Aves,Lophophorus sclateri,Lophophorus sclateri,direct
Aves,Lophophorus lhuysii,Lophophorus lhuysii,direct
Aves,Gallus gallus,Gallus gallus,direct
Aves,Lophura leucomelanos,Lophura leucomelanos,direct
Aves,Lophura nycthemera,Lophura nycthemera,direct
Aves,Lophura swinhoii,Lophura swinhoii,direct
Aves,Crossoptilon harmani,Crossoptilon harmani,direct
Aves,Crossoptilon crossoptilon,Crossoptilon crossoptilon,direct
Aves,Crossoptilon mantchuricum,Crossoptilon mantchuricum,direct
Aves,Crossoptilon auritum,Crossoptilon auritum,direct
Aves,Syrmaticus ellioti,Syrmaticus ellioti,direct
Aves,Syrmaticus humiae,Syrmaticus humiae,direct
Aves,Syrmaticus mikado,Syrmaticus mikado,direct
Aves,Syrmaticus reevesii,Syrmaticus reevesii,direct
Aves,Phasianus colchicus,Phasianus colchicus,direct
Aves,Chrysolophus pictus,Chrysolophus pictus,direct
Aves,Chrysolophus amherstiae,Chrysolophus amherstiae,direct
Aves,Polyplectron bicalcaratum,Polyplectron bicalcaratum,direct
Aves,Polyplectron katsumatae,Polyplectron katsumatae,direct
Aves,Pavo muticus,Pavo muticus,direct
Aves,Arborophila mandellii,Arborophila mandellii,direct
Aves,Dendrocygna javanica,Dendrocygna javanica,direct
Aves,Anser fabalis,Anser fabalis,direct
Aves,Anser anser,Anser anser,direct
Aves,Anser indicus,Anser indicus,direct
Aves,Cygnus olor,Cygnus olor,direct
Aves,Cygnus cygnus,Cygnus cygnus,direct
Aves,Tadorna tadorna,Tadorna tadorna,direct
Aves,Tadorna ferruginea,Tadorna ferruginea,direct
Aves,Aix galericulata,Aix galericulata,direct
Aves,Nettapus coromandelianus,Nettapus coromandelianus,direct
Aves,Mareca strepera,Anas strepera,iucn_binomial
Aves,Mareca falcata,Anas falcata,iucn_binomial
Aves,Mareca penelope,Anas penelope,iucn_binomial
Aves,Anas platyrhynchos,Anas platyrhynchos,direct
Aves,Anas acuta,Anas acuta,direct
Aves,Spatula querquedula,Anas querquedula,iucn_binomial
Aves,Anas crecca,Anas crecca,direct
Aves,Spatula clypeata,Anas clypeata,iucn_binomial
Aves,Netta rufina,Netta rufina,direct
Aves,Aythya ferina,Aythya ferina,direct
Aves,Aythya nyroca,Aythya nyroca,direct
Aves,Aythya baeri,Aythya baeri,direct
Aves,Aythya fuligula,Aythya fuligula,direct
Aves,Bucephala clangula,Bucephala clangula,direct
Aves,Mergellus albellus,Mergellus albellus,direct
Aves,Mergus serrator,Mergus serrator,direct
Aves,Mergus squamatus,Mergus squamatus,direct
Aves,Oxyura leucocephala,Oxyura leucocephala,direct
Aves,Mergus merganser,Mergus merganser,direct
Aves,Tachybaptus ruficollis,Tachybaptus ruficollis,direct
Aves,Podiceps grisegena,Podiceps grisegena,direct
Aves,Podiceps cristatus,Podiceps cristatus,direct
Aves,Podiceps auritus,Podiceps auritus,direct
Aves,Podiceps nigricollis,Podiceps nigricollis,direct
Aves,Columba livia,Columba livia,direct
Aves,Columba rupestris,Columba rupestris,direct
Aves,Columba leuconota,Columba leuconota,direct
Aves,Columba oenas,Columba oenas,direct
Aves,Columba palumbus,Columba palumbus,direct
Aves,Columba hodgsonii,Columba hodgsonii,direct
Aves,Columba pulchricollis,Columba pulchricollis,direct
Aves,Columba punicea,Columba punicea,direct
Aves,Streptopelia turtur,Streptopelia turtur,direct
Aves,Streptopelia orientalis,Streptopelia orientalis,direct
Aves,Streptopelia tranquebarica,Streptopelia tranquebarica,direct
Aves,Streptopelia decaocto,Streptopelia decaocto,direct
Aves,Macropygia unchall,Macropygia unchall,direct
Aves,Macropygia ruficeps,Macropygia ruficeps,direct
Aves,Chalcophaps indica,Chalcophaps indica,direct
Aves,Treron curvirostra,Treron curvirostra,direct
Aves,Treron phoenicopterus,Treron phoenicopterus,direct
Aves,Treron apicauda,Treron apicauda,direct
Aves,Treron sphenurus,Treron sphenurus,direct
Aves,Treron sieboldii,Treron sieboldii,direct
Aves,Treron formosae,Treron formosae,direct
Aves,Ramphiculus leclancheri,Ptilinopus leclancheri,iucn_binomial
Aves,Ducula aenea,Ducula aenea,direct
Aves,Ducula badia,Ducula badia,direct
Aves,Syrrhaptes tibetanus,Syrrhaptes tibetanus,direct
Aves,Syrrhaptes paradoxus,Syrrhaptes paradoxus,direct
Aves,Pterocles orientalis,Pterocles orientalis,direct
Aves,Caprimulgus europaeus,Caprimulgus europaeus,direct
Aves,Hemiprocne coronata,Hemiprocne coronata,direct
Aves,Hirundapus caudacutus,Hirundapus caudacutus,direct
Aves,Hirundapus cochinchinensis,Hirundapus cochinchinensis,direct
Aves,Cypsiurus balasiensis,Cypsiurus balasiensis,direct
Aves,Apus apus,Apus apus,direct
Aves,Apus pacificus,Apus pacificus,direct
Aves,Apus nipalensis,Apus nipalensis,direct
Aves,Centropus sinensis,Centropus sinensis,direct
Aves,Centropus bengalensis,Centropus bengalensis,direct
Aves,Phaenicophaeus tristis,Phaenicophaeus tristis,direct
Aves,Clamator jacobinus,Clamator jacobinus,direct
Aves,Clamator coromandus,Clamator coromandus,direct
Aves,Chrysococcyx maculatus,Chrysococcyx maculatus,direct
Aves,Eudynamys scolopaceus,Eudynamys scolopaceus,direct
Aves,Cacomantis sonneratii,Cacomantis sonneratii,direct
Aves,Chrysococcyx xanthorhynchus,Chrysococcyx xanthorhynchus,direct
Aves,Cacomantis merulinus,Cacomantis merulinus,direct
Aves,Hierococcyx sparverioides,Cuculus sparverioides,gbif_backbone
Aves,Cuculus poliocephalus,Cuculus poliocephalus,direct
Aves,Cuculus micropterus,Cuculus micropterus,direct
Aves,Cuculus canorus,Cuculus canorus,direct
Aves,Cuculus saturatus,Cuculus saturatus,direct
Aves,Otis tarda,Otis tarda,direct
Aves,Coturnicops exquisitus,Coturnicops exquisitus,direct
Aves,Rallina eurizonoides,Rallina eurizonoides,direct
Aves,Lewinia striata,Gallirallus striatus,iucn_binomial
Aves,Crex crex,Crex crex,direct
Aves,Porzana porzana,Porzana porzana,direct
Aves,Zapornia akool,Amaurornis akool,iucn_binomial
Aves,Zapornia parva,Porzana parva,iucn_binomial
Aves,Zapornia pusilla,Porzana pusilla,iucn_binomial
Aves,Zapornia fusca,Porzana fusca,iucn_binomial
Aves,Zapornia paykullii,Porzana paykullii,iucn_binomial
Aves,Gallicrex cinerea,Gallicrex cinerea,direct
Aves,Porphyrio porphyrio,Porphyrio porphyrio,direct
Aves,Gallinula chloropus,Gallinula chloropus,direct
Aves,Fulica atra,Fulica atra,direct
Aves,Amaurornis phoenicurus,Amaurornis phoenicurus,direct
Aves,Grus antigone,Grus antigone,direct
Aves,Grus vipio,Grus vipio,direct
Aves,Grus grus,Grus grus,direct
Aves,Grus japonensis,Grus japonensis,direct
Aves,Grus monacha,Grus monacha,direct
Aves,Grus nigricollis,Grus nigricollis,direct
Aves,Burhinus oedicnemus,Burhinus oedicnemus,direct
Aves,Esacus recurvirostris,Esacus recurvirostris,direct
Aves,Haematopus ostralegus,Haematopus ostralegus,direct
Aves,Ibidorhyncha struthersii,Ibidorhyncha struthersii,direct
Aves,Himantopus himantopus,Himantopus himantopus,direct
Aves,Recurvirostra avosetta,Recurvirostra avosetta,direct
Aves,Vanellus vanellus,Vanellus vanellus,direct
Aves,Vanellus duvaucelii,Vanellus duvaucelii,direct
Aves,Vanellus cinereus,Vanellus cinereus,direct
Aves,Charadrius placidus,Charadrius placidus,direct
Aves,Charadrius dubius,Charadrius dubius,direct
Aves,Charadrius mongolus,Charadrius mongolus,direct
Aves,Charadrius leschenaultii,Charadrius leschenaultii,direct
Aves,Charadrius veredus,Charadrius veredus,direct
Aves,Rostratula benghalensis,Rostratula benghalensis,direct
Aves,Hydrophasianus chirurgus,Hydrophasianus chirurgus,direct
Aves,Scolopax rusticola,Scolopax rusticola,direct
Aves,Gallinago solitaria,Gallinago solitaria,direct
Aves,Gallinago nemoricola,Gallinago nemoricola,direct
Aves,Gallinago gallinago,Gallinago gallinago,direct
Aves,Limnodromus semipalmatus,Limnodromus semipalmatus,direct
Aves,Limosa limosa,Limosa limosa,direct
Aves,Numenius arquata,Numenius arquata,direct
Aves,Numenius madagascariensis,Numenius madagascariensis,direct
Aves,Tringa totanus,Tringa totanus,direct
Aves,Tringa stagnatilis,Tringa stagnatilis,direct
Aves,Tringa nebularia,Tringa nebularia,direct
Aves,Tringa ochropus,Tringa ochropus,direct
Aves,Tringa glareola,Tringa glareola,direct
Aves,Xenus cinereus,Xenus cinereus,direct
Aves,Actitis hypoleucos,Actitis hypoleucos,direct
Aves,Gallinago stenura,Gallinago stenura,direct
Aves,Turnix sylvaticus,Turnix sylvaticus,direct
Aves,Turnix tanki,Turnix tanki,direct
Aves,Turnix suscitator,Turnix suscitator,direct
Aves,Glareola pratincola,Glareola pratincola,direct
Aves,Glareola maldivarum,Glareola maldivarum,direct
Aves,Glareola lactea,Glareola lactea,direct
Aves,Ciconia nigra,Ciconia nigra,direct
Aves,Ciconia ciconia,Ciconia ciconia,direct
Aves,Ciconia boyciana,Ciconia boyciana,direct
Aves,Threskiornis melanocephalus,Threskiornis melanocephalus,direct
Aves,Nipponia nippon,Nipponia nippon,direct
Aves,Platalea leucorodia,Platalea leucorodia,direct
Aves,Platalea minor,Platalea minor,direct
Aves,Oroanassa magnifica,Gorsachius magnificus,iucn_binomial
Aves,Gorsachius melanolophus,Gorsachius melanolophus,direct
Aves,Ixobrychus minutus,Ixobrychus minutus,direct
Aves,Ixobrychus sinensis,Ixobrychus sinensis,direct
Aves,Ixobrychus eurhythmus,Ixobrychus eurhythmus,direct
Aves,Ixobrychus cinnamomeus,Ixobrychus cinnamomeus,direct
Aves,Ixobrychus flavicollis,Ixobrychus flavicollis,direct
Aves,Botaurus stellaris,Botaurus stellaris,direct
Aves,Ardea cinerea,Ardea cinerea,direct
Aves,Ardea purpurea,Ardea purpurea,direct
Aves,Bubulcus ibis,Bubulcus ibis,direct
Aves,Ardeola bacchus,Ardeola bacchus,direct
Aves,Butorides striata,Butorides striata,direct
Aves,Nycticorax nycticorax,Nycticorax nycticorax,direct
Aves,Egretta garzetta,Egretta garzetta,direct
Aves,Egretta eulophotes,Egretta eulophotes,direct
Aves,Egretta sacra,Egretta sacra,direct
Aves,Pandion haliaetus,Pandion haliaetus,direct
Aves,Elanus caeruleus,Elanus caeruleus,direct
Aves,Gypaetus barbatus,Gypaetus barbatus,direct
Aves,Aviceda jerdoni,Aviceda jerdoni,direct
Aves,Aviceda leuphotes,Aviceda leuphotes,direct
Aves,Gyps fulvus,Gyps fulvus,direct
Aves,Sarcogyps calvus,Sarcogyps calvus,direct
Aves,Gyps himalayensis,Gyps himalayensis,direct
Aves,Aegypius monachus,Aegypius monachus,direct
Aves,Circaetus gallicus,Circaetus gallicus,direct
Aves,Spilornis cheela,Spilornis cheela,direct
Aves,Lophotriorchis kienerii,Lophotriorchis kienerii,direct
Aves,Nisaetus nipalensis,Nisaetus nipalensis,direct
Aves,Clanga clanga,Aquila clanga,iucn_binomial
Aves,Aquila nipalensis,Aquila nipalensis,direct
Aves,Hieraaetus pennatus,Hieraaetus pennatus,direct
Aves,Aquila heliaca,Aquila heliaca,direct
Aves,Aquila chrysaetos,Aquila chrysaetos,direct
Aves,Accipiter trivirgatus,Accipiter trivirgatus,direct
Aves,Accipiter badius,Accipiter badius,direct
Aves,Accipiter soloensis,Accipiter soloensis,direct
Aves,Accipiter gularis,Accipiter gularis,direct
Aves,Accipiter virgatus,Accipiter virgatus,direct
Aves,Accipiter nisus,Accipiter nisus,direct
Aves,Accipiter gentilis,Accipiter gentilis,direct
Aves,Circus aeruginosus,Circus aeruginosus,direct
Aves,Circus spilonotus,Circus spilonotus,direct
Aves,Circus cyaneus,Circus cyaneus,direct
Aves,Circus macrourus,Circus macrourus,direct
Aves,Circus melanoleucos,Circus melanoleucos,direct
Aves,Circus pygargus,Circus pygargus,direct
Aves,Milvus migrans,Milvus migrans,direct
Aves,Haliastur indus,Haliastur indus,direct
Aves,Haliaeetus leucogaster,Haliaeetus leucogaster,direct
Aves,Haliaeetus leucoryphus,Haliaeetus leucoryphus,direct
Aves,Haliaeetus albicilla,Haliaeetus albicilla,direct
Aves,Butastur indicus,Butastur indicus,direct
Aves,Buteo rufinus,Buteo rufinus,direct
Aves,Buteo hemilasius,Buteo hemilasius,direct
Aves,Otus spilocephalus,Otus spilocephalus,direct
Aves,Otus scops,Otus scops,direct
Aves,Otus sunia,Otus sunia,direct
Aves,Otus lettia,Otus lettia,direct
Aves,Bubo bubo,Bubo bubo,direct
Aves,Bubo nipalensis,Bubo nipalensis,direct
Aves,Bubo blakistoni,Ketupa blakistoni,iucn_binomial
Aves,Ketupa zeylonensis,Ketupa zeylonensis,direct
Aves,Ketupa flavipes,Ketupa flavipes,direct
Aves,Strix leptogrammica,Strix leptogrammica,direct
Aves,Strix uralensis,Strix uralensis,direct
Aves,Strix nebulosa,Strix nebulosa,direct
Aves,Surnia ulula,Surnia ulula,direct
Aves,Glaucidium passerinum,Glaucidium passerinum,direct
Aves,Glaucidium brodiei,Glaucidium brodiei,direct
Aves,Glaucidium cuculoides,Glaucidium cuculoides,direct
Aves,Athene noctua,Athene noctua,direct
Aves,Aegolius funereus,Aegolius funereus,direct
Aves,Asio otus,Asio otus,direct
Aves,Asio flammeus,Asio flammeus,direct
Aves,Tyto alba,Tyto alba,direct
Aves,Phodilus badius,Phodilus badius,direct
Aves,Harpactes oreskios,Harpactes oreskios,direct
Aves,Harpactes erythrocephalus,Harpactes erythrocephalus,direct
Aves,Harpactes wardi,Harpactes wardi,direct
Aves,Anorrhinus austeni,Anorrhinus austeni,direct
Aves,Aceros nipalensis,Aceros nipalensis,direct
Aves,Anthracoceros albirostris,Anthracoceros albirostris,direct
Aves,Buceros bicornis,Buceros bicornis,direct
Aves,Upupa epops,Upupa epops,direct
Aves,Nyctyornis athertoni,Nyctyornis athertoni,direct
Aves,Merops orientalis,Merops orientalis,direct
Aves,Merops viridis,Merops viridis,direct
Aves,Merops philippinus,Merops philippinus,direct
Aves,Merops leschenaulti,Merops leschenaulti,direct
Aves,Merops apiaster,Merops apiaster,direct
Aves,Coracias garrulus,Coracias garrulus,direct
Aves,Coracias affinis,,
Aves,Eurystomus orientalis,Eurystomus orientalis,direct
Aves,Halcyon pileata,Halcyon pileata,direct
Aves,Halcyon smyrnensis,Halcyon smyrnensis,direct
Aves,Alcedo atthis,Alcedo atthis,direct
Aves,Alcedo meninting,Alcedo meninting,direct
Aves,Alcedo hercules,Alcedo hercules,direct
Aves,Megaceryle lugubris,Megaceryle lugubris,direct
Aves,Ceryle rudis,Ceryle rudis,direct
Aves,Psilopogon faber,Megalaima faber,iucn_binomial
Aves,Indicator xanthonotus,Indicator xanthonotus,direct
Aves,Jynx torquilla,Jynx torquilla,direct
Aves,Picumnus innominatus,Picumnus innominatus,direct
Aves,Sasia ochracea,Sasia ochracea,direct
Aves,Picoides canicapillus,Dendrocopos canicapillus,iucn_binomial
Aves,Picoides kizuki,Dendrocopos kizuki,iucn_binomial
Aves,Dryobates minor,Dendrocopos minor,iucn_binomial
Aves,Dendrocopos hyperythrus,Dendrocopos hyperythrus,direct
Aves,Dryobates cathpharius,,
Aves,Dendrocopos darjellensis,Dendrocopos darjellensis,direct
Aves,Dendrocopos leucotos,Dendrocopos leucotos,direct
Aves,Dendrocopos leucopterus,Dendrocopos leucopterus,direct
Aves,Dendrocopos major,Dendrocopos major,direct
Aves,Picus chlorolophus,Picus chlorolophus,direct
Aves,Dryocopus javensis,Dryocopus javensis,direct
Aves,Dryocopus martius,Dryocopus martius,direct
Aves,Chrysophlegma flavinucha,Picus flavinucha,iucn_binomial
Aves,Gecinulus grantia,Gecinulus grantia,direct
Aves,Blythipicus pyrrhotis,Blythipicus pyrrhotis,direct
Aves,Micropternus brachyurus,Celeus brachyurus,iucn_binomial
Aves,Microhierax caerulescens,Microhierax caerulescens,direct
Aves,Microhierax melanoleucos,Microhierax melanoleucos,direct
Aves,Falco naumanni,Falco naumanni,direct
Aves,Falco tinnunculus,Falco tinnunculus,direct
Aves,Falco vespertinus,Falco vespertinus,direct
Aves,Falco amurensis,Falco amurensis,direct
Aves,Falco columbarius,Falco columbarius,direct
Aves,Falco subbuteo,Falco subbuteo,direct
Aves,Falco cherrug,Falco cherrug,direct
Aves,Falco peregrinus,Falco peregrinus,direct
Aves,Psittacula derbiana,Psittacula derbiana,direct
Aves,Psittacula alexandri,Psittacula alexandri,direct
Aves,Hydrornis phayrei,Pitta phayrei,iucn_binomial
Aves,Hydrornis nipalensis,Pitta nipalensis,iucn_binomial
Aves,Hydrornis soror,Pitta soror,iucn_binomial
Aves,Hydrornis oatesi,Pitta oatesi,iucn_binomial
Aves,Pitta sordida,Pitta sordida,direct
Aves,Pitta nympha,Pitta nympha,direct
Aves,Serilophus lunatus,Serilophus lunatus,direct
Aves,Psarisomus dalhousiae,Psarisomus dalhousiae,direct
Aves,Oriolus oriolus,Oriolus oriolus,direct
Aves,Oriolus chinensis,Oriolus chinensis,direct
Aves,Oriolus traillii,Oriolus traillii,direct
Aves,Oriolus mellianus,Oriolus mellianus,direct
Aves,Erpornis zantholeuca,Erpornis zantholeuca,direct
Aves,Pteruthius aeralatus,,
Aves,Pteruthius xanthochlorus,Pteruthius xanthochlorus,direct
Aves,Coracina javensis,Coracina javensis,direct
Aves,Lalage melaschistos,Coracina melaschistos,iucn_binomial
Aves,Pericrocotus roseus,Pericrocotus roseus,direct
Aves,Pericrocotus cantonensis,Pericrocotus cantonensis,direct
Aves,Pericrocotus divaricatus,Pericrocotus divaricatus,direct
Aves,Pericrocotus solaris,Pericrocotus solaris,direct
Aves,Pericrocotus ethologus,Pericrocotus ethologus,direct
Aves,Pericrocotus brevirostris,Pericrocotus brevirostris,direct
Aves,Pericrocotus flammeus,Pericrocotus flammeus,direct
Aves,Artamus fuscus,Artamus fuscus,direct
Aves,Tephrodornis virgatus,Tephrodornis gularis,iucn_binomial
Aves,Aegithina tiphia,Aegithina tiphia,direct
Aves,Aegithina lafresnayei,Aegithina lafresnayei,direct
Aves,Rhipidura albicollis,Rhipidura albicollis,direct
Aves,Rhipidura aureola,Rhipidura aureola,direct
Aves,Dicrurus macrocercus,Dicrurus macrocercus,direct
Aves,Dicrurus leucophaeus,Dicrurus leucophaeus,direct
Aves,Dicrurus aeneus,Dicrurus aeneus,direct
Aves,Dicrurus remifer,Dicrurus remifer,direct
Aves,Dicrurus hottentottus,Dicrurus hottentottus,direct
Aves,Dicrurus paradiseus,Dicrurus paradiseus,direct
Aves,Hypothymis azurea,Hypothymis azurea,direct
Aves,Terpsiphone atrocaudata,Terpsiphone atrocaudata,direct
Aves,Lanius tigrinus,Lanius tigrinus,direct
Aves,Lanius bucephalus,Lanius bucephalus,direct
Aves,Lanius collurio,Lanius collurio,direct
Aves,Lanius cristatus,Lanius cristatus,direct
Aves,Lanius collurioides,Lanius collurioides,direct
Aves,Lanius schach,Lanius schach,direct
Aves,Lanius tephronotus,Lanius tephronotus,direct
Aves,Lanius minor,Lanius minor,direct
Aves,Perisoreus infaustus,Perisoreus infaustus,direct
Aves,Perisoreus internigrans,Perisoreus internigrans,direct
Aves,Cyanopica cyanus,Cyanopica cyanus,direct
Aves,Urocissa caerulea,Urocissa caerulea,direct
Aves,Urocissa flavirostris,Urocissa flavirostris,direct
Aves,Urocissa erythroryncha,Urocissa erythrorhyncha,iucn_binomial
Aves,Cissa chinensis,Cissa chinensis,direct
Aves,Cissa hypoleuca,Cissa hypoleuca,direct
Aves,Dendrocitta formosae,Dendrocitta formosae,direct
Aves,Dendrocitta frontalis,Dendrocitta frontalis,direct
Aves,Pica pica,Pica pica,direct
Aves,Podoces hendersoni,Podoces hendersoni,direct
Aves,Podoces biddulphi,Podoces biddulphi,direct
Aves,Pyrrhocorax pyrrhocorax,Pyrrhocorax pyrrhocorax,direct
Aves,Pyrrhocorax graculus,Pyrrhocorax graculus,direct
Aves,Corvus monedula,Corvus monedula,direct
Aves,Corvus dauuricus,Corvus dauuricus,direct
Aves,Corvus splendens,Corvus splendens,direct
Aves,Corvus frugilegus,Corvus frugilegus,direct
Aves,Corvus corone,Corvus corone,direct
Aves,Corvus macrorhynchos,Corvus macrorhynchos,direct
Aves,Corvus pectoralis,Corvus torquatus,iucn_binomial
Aves,Corvus corax,Corvus corax,direct
Aves,Culicicapa ceylonensis,Culicicapa ceylonensis,direct
Aves,Cephalopyrus flammiceps,Cephalopyrus flammiceps,direct
Aves,Sylviparus modestus,Sylviparus modestus,direct
Aves,Periparus rufonuchalis,Parus rufonuchalis,iucn_binomial
Aves,Periparus rubidiventris,Parus rubidiventris,iucn_binomial
Aves,Periparus ater,Parus ater,iucn_binomial
Aves,Pardaliparus venustulus,Parus venustulus,iucn_binomial
Aves,Lophophanes dichrous,Parus dichrous,iucn_binomial
Aves,Poecile palustris,Parus palustris,iucn_binomial
Aves,Cyanistes cyanus,Parus cyanus,iucn_binomial
Aves,Pseudopodoces humilis,Pseudopodoces humilis,direct
Aves,Parus major,Parus major,direct
Aves,Parus monticolus,Parus monticolus,direct
Aves,Machlolophus spilonotus,Parus spilonotus,iucn_binomial
Aves,Machlolophus holsti,Parus holsti,iucn_binomial
Aves,Poecile superciliosus,Parus superciliosus,iucn_binomial
Aves,Poecile davidi,Parus davidi,iucn_binomial
Aves,Remiz coronatus,Remiz coronatus,direct
Aves,Remiz consobrinus,Remiz consobrinus,direct
Aves,Mirafra javanica,Mirafra javanica,direct
Aves,Melanocorypha maxima,Melanocorypha maxima,direct
Aves,Melanocorypha mongolica,Melanocorypha mongolica,direct
Aves,Alauda leucoptera,Melanocorypha leucoptera,iucn_binomial
Aves,Calandrella acutirostris,Calandrella acutirostris,direct
Aves,Alaudala rufescens,Calandrella rufescens,iucn_binomial
Aves,Galerida cristata,Galerida cristata,direct
Aves,Alauda arvensis,Alauda arvensis,direct
Aves,Alauda gulgula,Alauda gulgula,direct
Aves,Eremophila alpestris,Eremophila alpestris,direct
Aves,Panurus biarmicus,Panurus biarmicus,direct
Aves,Cisticola juncidis,Cisticola juncidis,direct
Aves,Cisticola exilis,Cisticola exilis,direct
Aves,Prinia crinigera,Prinia crinigera,direct
Aves,Prinia polychroa,Prinia polychroa,direct
Aves,Prinia rufescens,Prinia rufescens,direct
Aves,Prinia hodgsonii,Prinia hodgsonii,direct
Aves,Prinia flaviventris,Prinia flaviventris,direct
Aves,Prinia inornata,Prinia inornata,direct
Aves,Orthotomus sutorius,Orthotomus sutorius,direct
Aves,Orthotomus atrogularis,Orthotomus atrogularis,direct
Aves,Acrocephalus stentoreus,Acrocephalus stentoreus,direct
Aves,Acrocephalus schoenobaenus,Acrocephalus schoenobaenus,direct
Aves,Acrocephalus bistrigiceps,Acrocephalus bistrigiceps,direct
Aves,Acrocephalus agricola,Acrocephalus agricola,direct
Aves,Acrocephalus tangorum,Acrocephalus tangorum,direct
Aves,Acrocephalus concinens,Acrocephalus concinens,direct
Aves,Acrocephalus scirpaceus,Acrocephalus scirpaceus,direct
Aves,Acrocephalus dumetorum,Acrocephalus dumetorum,direct
Aves,Arundinax aedon,Acrocephalus aedon,iucn_binomial
Aves,Iduna caligata,Hippolais caligata,iucn_binomial
Aves,Iduna rama,Hippolais rama,iucn_binomial
Aves,Pnoepyga pusilla,Pnoepyga pusilla,direct
Aves,Locustella chengi,,
Aves,Locustella alishanensis,Bradypterus alishanensis,iucn_binomial
Aves,Locustella mandelli,Bradypterus mandelli,iucn_binomial
Aves,Locustella thoracica,Bradypterus thoracicus,iucn_binomial
Aves,Locustella major,Bradypterus major,iucn_binomial
Aves,Locustella tacsanowskia,Bradypterus tacsanowskius,iucn_binomial
Aves,Locustella luteoventris,Bradypterus luteoventris,iucn_binomial
Aves,Locustella lanceolata,Locustella lanceolata,direct
Aves,Locustella naevia,Locustella naevia,direct
Aves,Helopsaltes certhiola,Locustella certhiola,iucn_binomial
Aves,Helopsaltes pleskei,Locustella pleskei,iucn_binomial
Aves,Locustella luscinioides,Locustella luscinioides,direct
Aves,Helopsaltes fasciolata,Locustella fasciolata,gbif_backbone
Aves,Helopsaltes pryeri,Locustella pryeri,iucn_binomial
Aves,Megalurus palustris,Megalurus palustris,direct
Aves,Riparia chinensis,,
Aves,Ptyonoprogne rupestris,Hirundo rupestris,iucn_binomial
Aves,Ptyonoprogne concolor,Hirundo concolor,iucn_binomial
Aves,Hirundo rustica,Hirundo rustica,direct
Aves,Cecropis daurica,Hirundo daurica,iucn_binomial
Aves,Delichon dasypus,Delichon dasypus,direct
Aves,Delichon nipalense,Delichon nipalense,direct
Aves,Spizixos canifrons,Spizixos canifrons,direct
Aves,Spizixos semitorques,Spizixos semitorques,direct
Aves,Alcurus striatus,Pycnonotus striatus,iucn_binomial
Aves,Brachypodius atriceps,Pycnonotus atriceps,gbif_backbone
Aves,Rubigula flaviventris,,
Aves,Pycnonotus jocosus,Pycnonotus jocosus,direct
Aves,Pycnonotus xanthorrhous,Pycnonotus xanthorrhous,direct
Aves,Pycnonotus sinensis,Pycnonotus sinensis,direct
Aves,Pycnonotus taivanus,Pycnonotus taivanus,direct
Aves,Pycnonotus cafer,Pycnonotus cafer,direct
Aves,Pycnonotus aurigaster,Pycnonotus aurigaster,direct
Aves,Pycnonotus finlaysoni,Pycnonotus finlaysoni,direct
Aves,Pycnonotus flavescens,Pycnonotus flavescens,direct
Aves,Alophoixus flaveolus,Alophoixus flaveolus,direct
Aves,Alophoixus pallidus,Alophoixus pallidus,direct
Aves,Iole propinqua,Iole propinqua,direct
Aves,Hemixos flavala,Hemixos flavala,direct
Aves,Hemixos castanonotus,Hemixos castanonotus,direct
Aves,Ixos mcclellandii,Hypsipetes mcclellandii,iucn_binomial
Aves,Hypsipetes leucocephalus,Hypsipetes leucocephalus,direct
Aves,Phylloscopus sindianus,Phylloscopus sindianus,direct
Aves,Phylloscopus fuscatus,Phylloscopus fuscatus,direct
Aves,Phylloscopus fuligiventer,Phylloscopus fuligiventer,direct
Aves,Phylloscopus affinis,Phylloscopus affinis,direct
Aves,Phylloscopus subaffinis,Phylloscopus subaffinis,direct
Aves,Phylloscopus griseolus,Phylloscopus griseolus,direct
Aves,Phylloscopus armandii,Phylloscopus armandii,direct
Aves,Phylloscopus schwarzi,Phylloscopus schwarzi,direct
Aves,Phylloscopus pulcher,Phylloscopus pulcher,direct
Aves,Phylloscopus maculipennis,Phylloscopus maculipennis,direct
Aves,Phylloscopus proregulus,Phylloscopus proregulus,direct
Aves,Phylloscopus chloronotus,Phylloscopus chloronotus,direct
Aves,Phylloscopus forresti,Phylloscopus forresti,direct
Aves,Phylloscopus kansuensis,Phylloscopus kansuensis,direct
Aves,Phylloscopus yunnanensis,Phylloscopus yunnanensis,direct
Aves,Phylloscopus inornatus,Phylloscopus inornatus,direct
Aves,Phylloscopus humei,Phylloscopus humei,direct
Aves,Phylloscopus tenellipes,Phylloscopus tenellipes,direct
Aves,Phylloscopus magnirostris,Phylloscopus magnirostris,direct
Aves,Phylloscopus coronatus,Phylloscopus coronatus,direct
Aves,Phylloscopus emeiensis,Phylloscopus emeiensis,direct
Aves,Phylloscopus hainanus,Phylloscopus hainanus,direct
Aves,Phylloscopus cantator,Phylloscopus cantator,direct
Aves,Phylloscopus calciatilis,,
Aves,Phylloscopus ricketti,Phylloscopus ricketti,direct
Aves,Phylloscopus reguloides,Phylloscopus reguloides,direct
Aves,Phylloscopus intensior,Phylloscopus davisoni,iucn_binomial
Aves,Phylloscopus xanthoschistos,Phylloscopus xanthoschistos,direct
Aves,Phylloscopus intermedius,Seicercus affinis,iucn_binomial
Aves,Phylloscopus whistleri,Seicercus whistleri,iucn_binomial
Aves,Phylloscopus tephrocephalus,Seicercus tephrocephalus,iucn_binomial
Aves,Phylloscopus burkii,Seicercus burkii,iucn_binomial
Aves,Phylloscopus valentini,Seicercus valentini,iucn_binomial
Aves,Phylloscopus omeiensis,Seicercus omeiensis,iucn_binomial
Aves,Phylloscopus soror,Seicercus soror,iucn_binomial
Aves,Phylloscopus poliogenys,Seicercus poliogenys,iucn_binomial
Aves,Phylloscopus castaniceps,Seicercus castaniceps,iucn_binomial
Aves,Abroscopus superciliaris,Abroscopus superciliaris,direct
Aves,Tickellia hodgsoni,Tickellia hodgsoni,direct
Aves,Abroscopus albogularis,Abroscopus albogularis,direct
Aves,Abroscopus schisticeps,Abroscopus schisticeps,direct
Aves,Phyllergates cucullatus,Orthotomus cuculatus,iucn_binomial
Aves,Horornis canturians,Cettia canturians,iucn_binomial
Aves,Horornis fortipes,Cettia fortipes,iucn_binomial
Aves,Cettia major,Cettia major,direct
Aves,Horornis flavolivaceus,Cettia flavolivacea,iucn_binomial
Aves,Horornis acanthizoides,Cettia acanthizoides,iucn_binomial
Aves,Cettia brunnifrons,Cettia brunnifrons,direct
Aves,Cettia cetti,Cettia cetti,direct
Aves,Tesia olivea,Tesia olivea,direct
Aves,Tesia cyaniventer,Tesia cyaniventer,direct
Aves,Cettia castaneocoronata,Tesia castaneocoronata,iucn_binomial
Aves,Urosphena squameiceps,Urosphena squameiceps,direct
Aves,Hemitesia pallidipes,Cettia pallidipes,iucn_binomial
Aves,Aegithalos fuliginosus,Aegithalos fuliginosus,direct
Aves,Leptopoecile sophiae,Leptopoecile sophiae,direct
Aves,Leptopoecile elegans,Leptopoecile elegans,direct
Aves,Sylvia communis,Sylvia communis,direct
Aves,Sylvia curruca,Sylvia curruca,direct
Aves,Sylvia nana,Sylvia nana,direct
Aves,Sylvia nisoria,Sylvia nisoria,direct
Aves,Chrysomma sinense,Chrysomma sinense,direct
Aves,Moupinia poecilotis,Chrysomma poecilotis,iucn_binomial
Aves,Lioparus chrysotis,Alcippe chrysotis,iucn_binomial
Aves,Fulvetta vinipectus,Alcippe vinipectus,iucn_binomial
Aves,Fulvetta striaticollis,Alcippe striaticollis,iucn_binomial
Aves,Fulvetta ruficapilla,Alcippe ruficapilla,iucn_binomial
Aves,Fulvetta cinereiceps,Alcippe cinereiceps,iucn_binomial
Aves,Fulvetta ludlowi,Alcippe ludlowi,iucn_binomial
Aves,Myzornis pyrrhoura,Myzornis pyrrhoura,direct
Aves,Cholornis paradoxus,,
Aves,Cholornis unicolor,,
Aves,Psittiparus gularis,,
Aves,Paradoxornis guttaticollis,Paradoxornis guttaticollis,direct
Aves,Sinosuthora conspicillata,,
Aves,Sinosuthora brunnea,,
Aves,Sinosuthora webbiana,,
Aves,Sinosuthora alphonsiana,,
Aves,Sinosuthora zappeyi,,
Aves,Sinosuthora przewalskii,,
Aves,Suthora fulvifrons,Paradoxornis fulvifrons,iucn_binomial
Aves,Suthora verreauxi,Paradoxornis verreauxi,iucn_binomial
Aves,Neosuthora davidiana,,
Aves,Chleuasicus atrosuperciliaris,,
Aves,Paradoxornis heudei,Paradoxornis heudei,direct
Aves,Zosterops erythropleurus,Zosterops erythropleurus,direct
Aves,Zosterops palpebrosus,Zosterops palpebrosus,direct
Aves,Zosterops simplex,Zosterops salvadorii,iucn_binomial
Aves,Yuhina bakeri,Yuhina bakeri,direct
Aves,Yuhina flavicollis,Yuhina flavicollis,direct
Aves,Yuhina gularis,Yuhina gularis,direct
Aves,Yuhina diademata,Yuhina diademata,direct
Aves,Yuhina occipitalis,Yuhina occipitalis,direct
Aves,Yuhina brunneiceps,Yuhina brunneiceps,direct
Aves,Yuhina nigrimenta,Yuhina nigrimenta,direct
Aves,Erythrogenys hypoleucos,Pomatorhinus hypoleucos,iucn_binomial
Aves,Pomatorhinus ruficollis,Pomatorhinus ruficollis,direct
Aves,Pomatorhinus ochraceiceps,Pomatorhinus ochraceiceps,direct
Aves,Spelaeornis troglodytoides,Spelaeornis troglodytoides,direct
Aves,Spelaeornis reptatus,Spelaeornis reptatus,direct
Aves,Stachyris nonggangensis,Stachyris nonggangensis,direct
Aves,Cyanoderma ruficeps,Stachyris ruficeps,iucn_binomial
Aves,Cyanoderma chrysaeum,Stachyris chrysaea,iucn_binomial
Aves,Stachyris nigriceps,Stachyris nigriceps,direct
Aves,Mixornis gularis,Macronous gularis,iucn_binomial
Aves,Timalia pileata,Timalia pileata,direct
Aves,Pomatorhinus superciliaris,Xiphirhynchus superciliaris,iucn_binomial
Aves,Erythrogenys erythrocnemis,Pomatorhinus erythrocnemis,iucn_binomial
Aves,Stachyris roberti,Sphenocichla roberti,iucn_binomial
Aves,Trichastoma tickelli,Trichastoma tickelli,direct
Aves,Pellorneum albiventre,Pellorneum albiventre,direct
Aves,Pellorneum ruficeps,Pellorneum ruficeps,direct
Aves,Rimator malacoptilus,Rimator malacoptilus,direct
Aves,Turdinus crispifrons,,
Aves,Napothera epilepidota,Napothera epilepidota,direct
Aves,Gampsorhynchus rufulus,Gampsorhynchus rufulus,direct
Aves,Schoeniparus variegaticeps,Alcippe variegaticeps,iucn_binomial
Aves,Schoeniparus cinereus,Alcippe cinerea,iucn_binomial
Aves,Schoeniparus castaneceps,Alcippe castaneceps,iucn_binomial
Aves,Schoeniparus rufogularis,Alcippe rufogularis,iucn_binomial
Aves,Schoeniparus brunneus,Alcippe brunnea,iucn_binomial
Aves,Schoeniparus dubius,Alcippe dubia,iucn_binomial
Aves,Alcippe poioicephala,Alcippe poioicephala,direct
Aves,Alcippe morrisonia,Alcippe morrisonia,direct
Aves,Alcippe nipalensis,Alcippe nipalensis,direct
Aves,Garrulax perspicillatus,Garrulax perspicillatus,direct
Aves,Garrulax albogularis,Garrulax albogularis,direct
Aves,Garrulax leucolophus,Garrulax leucolophus,direct
Aves,Garrulax monileger,Garrulax monileger,direct
Aves,Garrulax pectoralis,Garrulax pectoralis,direct
Aves,Grammatoptila striata,Garrulax striatus,iucn_binomial
Aves,Garrulax strepitans,Garrulax strepitans,direct
Aves,Garrulax maesi,Garrulax maesi,direct
Aves,Garrulax ruficollis,Garrulax ruficollis,direct
Aves,Garrulax davidi,Garrulax davidi,direct
Aves,Garrulax sukatschewi,Garrulax sukatschewi,direct
Aves,Garrulax rufogularis,Garrulax rufogularis,direct
Aves,Garrulax bieti,Garrulax bieti,direct
Aves,Garrulax maximus,Garrulax maximus,direct
Aves,Garrulax ocellatus,Garrulax ocellatus,direct
Aves,Garrulax caerulatus,Garrulax caerulatus,direct
Aves,Garrulax poecilorhynchus,Garrulax poecilorhynchus,direct
Aves,Garrulax merulinus,Garrulax merulinus,direct
Aves,Garrulax canorus,Garrulax canorus,direct
Aves,Garrulax taewanus,Garrulax taewanus,direct
Aves,Garrulax sannio,Garrulax sannio,direct
Aves,Trochalopteron lineatum,Garrulax lineatus,iucn_binomial
Aves,Garrulax lunulatus,Garrulax lunulatus,direct
Aves,Trochalopteron squamatum,Garrulax squamatus,iucn_binomial
Aves,Trochalopteron subunicolor,Garrulax subunicolor,iucn_binomial
Aves,Trochalopteron elliotii,Garrulax elliotii,iucn_binomial
Aves,Trochalopteron variegatum,Garrulax variegatus,iucn_binomial
Aves,Trochalopteron henrici,Garrulax henrici,iucn_binomial
Aves,Trochalopteron affine,Garrulax affinis,iucn_binomial
Aves,Trochalopteron erythrocephalum,Garrulax erythrocephalus,iucn_binomial
Aves,Trochalopteron formosum,Garrulax formosus,iucn_binomial
Aves,Trochalopteron milnei,Garrulax milnei,iucn_binomial
Aves,Liocichla omeiensis,Liocichla omeiensis,direct
Aves,Liocichla steerii,Liocichla steerii,direct
Aves,Garrulax lanceolatus,Babax lanceolatus,gbif_backbone
Aves,Garrulax waddelli,Babax waddelli,gbif_backbone
Aves,Garrulax koslowi,Babax koslowi,gbif_backbone
Aves,Leiothrix argentauris,Leiothrix argentauris,direct
Aves,Leiothrix lutea,Leiothrix lutea,direct
Aves,Cutia nipalensis,Cutia nipalensis,direct
Aves,Actinodura egertoni,Actinodura egertoni,direct
Aves,Actinodura radcliffei,,
Aves,Sibia souliei,Actinodura souliei,iucn_binomial
Aves,Sibia morrisoniana,Actinodura morrisoniana,iucn_binomial
Aves,Siva cyanouroptera,Minla cyanouroptera,iucn_binomial
Aves,Chrysominla strigula,Minla strigula,iucn_binomial
Aves,Minla ignotincta,Minla ignotincta,direct
Aves,Leioptila annectens,Heterophasia annectens,iucn_binomial
Aves,Heterophasia capistrata,Heterophasia capistrata,direct
Aves,Heterophasia gracilis,Heterophasia gracilis,direct
Aves,Heterophasia melanoleuca,Heterophasia melanoleuca,direct
Aves,Heterophasia auricularis,Heterophasia auricularis,direct
Aves,Heterophasia pulchella,Heterophasia pulchella,direct
Aves,Heterophasia picaoides,Heterophasia picaoides,direct
Aves,Certhia tianquanensis,Certhia tianquanensis,direct
Aves,Certhia himalayana,Certhia himalayana,direct
Aves,Certhia nipalensis,Certhia nipalensis,direct
Aves,Certhia discolor,Certhia discolor,direct
Aves,Sitta cinnamoventris,,
Aves,Sitta europaea,Sitta europaea,direct
Aves,Sitta nagaensis,Sitta nagaensis,direct
Aves,Sitta himalayensis,Sitta himalayensis,direct
Aves,Sitta villosa,Sitta villosa,direct
Aves,Sitta yunnanensis,Sitta yunnanensis,direct
Aves,Sitta solangiae,Sitta solangiae,direct
Aves,Sitta magna,Sitta magna,direct
Aves,Sitta formosa,Sitta formosa,direct
Aves,Tichodroma muraria,Tichodroma muraria,direct
Aves,Troglodytes troglodytes,Troglodytes troglodytes,direct
Aves,Cinclus cinclus,Cinclus cinclus,direct
Aves,Cinclus pallasii,Cinclus pallasii,direct
Aves,Gracula religiosa,Gracula religiosa,direct
Aves,Acridotheres grandis,Acridotheres grandis,direct
Aves,Acridotheres cristatellus,Acridotheres cristatellus,direct
Aves,Acridotheres albocinctus,Acridotheres albocinctus,direct
Aves,Acridotheres tristis,Acridotheres tristis,direct
Aves,Acridotheres burmannicus,Sturnus burmannicus,iucn_binomial
Aves,Gracupica nigricollis,Sturnus nigricollis,iucn_binomial
Aves,Gracupica contra,Sturnus contra,iucn_binomial
Aves,Agropsar sturninus,Sturnus sturninus,iucn_binomial
Aves,Sturnia sinensis,Sturnus sinensis,iucn_binomial
Aves,Sturnia malabarica,Sturnus malabaricus,iucn_binomial
Aves,Sturnia pagodarum,Sturnus pagodarum,iucn_binomial
Aves,Pastor roseus,Sturnus roseus,iucn_binomial
Aves,Spodiopsar sericeus,Sturnus sericeus,iucn_binomial
Aves,Spodiopsar cineraceus,Sturnus cineraceus,iucn_binomial
Aves,Sturnus vulgaris,Sturnus vulgaris,direct
Aves,Geokichla citrina,Zoothera citrina,iucn_binomial
Aves,Geokichla sibirica,Zoothera sibirica,iucn_binomial
Aves,Zoothera dixoni,Zoothera dixoni,direct
Aves,Zoothera marginata,Zoothera marginata,direct
Aves,Turdus hortulorum,Turdus hortulorum,direct
Aves,Turdus dissimilis,Turdus dissimilis,direct
Aves,Turdus cardis,Turdus cardis,direct
Aves,Turdus albocinctus,Turdus albocinctus,direct
Aves,Turdus boulboul,Turdus boulboul,direct
Aves,Turdus rubrocanus,Turdus rubrocanus,direct
Aves,Turdus kessleri,Turdus kessleri,direct
Aves,Turdus feae,Turdus feae,direct
Aves,Turdus obscurus,Turdus obscurus,direct
Aves,Turdus viscivorus,Turdus viscivorus,direct
Aves,Turdus pallidus,Turdus pallidus,direct
Aves,Turdus pilaris,Turdus pilaris,direct
Aves,Otocichla mupinensis,Turdus mupinensis,iucn_binomial
Aves,Cochoa purpurea,Cochoa purpurea,direct
Aves,Cochoa viridis,Cochoa viridis,direct
Aves,Monticola saxatilis,Monticola saxatilis,direct
Aves,Monticola gularis,Monticola gularis,direct
Aves,Monticola rufiventris,Monticola rufiventris,direct
Aves,Monticola solitarius,Monticola solitarius,direct
Aves,Myophonus caeruleus,Myophonus caeruleus,direct
Aves,Myophonus insularis,Myophonus insularis,direct
Aves,Heteroxenicus stellatus,Brachypteryx stellata,iucn_binomial
Aves,Brachypteryx hyperythra,Brachypteryx hyperythra,direct
Aves,Brachypteryx leucophris,Brachypteryx leucophrys,iucn_binomial
Aves,Brachypteryx sinensis,,
Aves,Larvivora sibilans,Luscinia sibilans,iucn_binomial
Aves,Luscinia megarhynchos,Luscinia megarhynchos,direct
Aves,Calliope calliope,Luscinia calliope,iucn_binomial
Aves,Calliope pectoralis,Luscinia pectoralis,iucn_binomial
Aves,Larvivora ruficeps,Luscinia ruficeps,iucn_binomial
Aves,Calliope obscura,Luscinia obscura,iucn_binomial
Aves,Calliope pectardens,Luscinia pectardens,iucn_binomial
Aves,Larvivora brunnea,Luscinia brunnea,iucn_binomial
Aves,Larvivora cyane,Luscinia cyane,iucn_binomial
Aves,Tarsiger chrysaeus,Tarsiger chrysaeus,direct
Aves,Tarsiger indicus,Tarsiger indicus,direct
Aves,Tarsiger johnstoniae,Tarsiger johnstoniae,direct
Aves,Copsychus saularis,Copsychus saularis,direct
Aves,Kittacincla malabarica,,
Aves,Phoenicurus alaschanicus,Phoenicurus alaschanicus,direct
Aves,Phoenicurus erythronotus,Phoenicurus erythronotus,direct
Aves,Phoenicurus coeruleocephala,Phoenicurus caeruleocephala,iucn_binomial
Aves,Phoenicurus ochruros,Phoenicurus ochruros,direct
Aves,Phoenicurus hodgsoni,Phoenicurus hodgsoni,direct
Aves,Phoenicurus schisticeps,Phoenicurus schisticeps,direct
Aves,Phoenicurus auroreus,Phoenicurus auroreus,direct
Aves,Phoenicurus erythrogastrus,Phoenicurus erythrogastrus,direct
Aves,Phoenicurus frontalis,Phoenicurus frontalis,direct
Aves,Phoenicurus leucocephalus,Chaimarrornis leucocephalus,iucn_binomial
Aves,Phoenicurus fuliginosus,Rhyacornis fuliginosa,iucn_binomial
Aves,Hodgsonius phaenicuroides,Hodgsonius phaenicuroides,direct
Aves,Cinclidium frontale,Cinclidium frontale,direct
Aves,Grandala coelicolor,Grandala coelicolor,direct
Aves,Enicurus scouleri,Enicurus scouleri,direct
Aves,Enicurus schistaceus,Enicurus schistaceus,direct
Aves,Enicurus leschenaulti,Enicurus leschenaulti,direct
Aves,Enicurus maculatus,Enicurus maculatus,direct
Aves,Saxicola insignis,Saxicola insignis,direct
Aves,Saxicola caprata,Saxicola caprata,direct
Aves,Saxicola jerdoni,Saxicola jerdoni,direct
Aves,Saxicola ferreus,Saxicola ferreus,direct
Aves,Oenanthe oenanthe,Oenanthe oenanthe,direct
Aves,Oenanthe pleschanka,Oenanthe pleschanka,direct
Aves,Oenanthe deserti,Oenanthe deserti,direct
Aves,Oenanthe isabellina,Oenanthe isabellina,direct
Aves,Cyornis brunneatus,Rhinomyias brunneatus,iucn_binomial
Aves,Muscicapa striata,Muscicapa striata,direct
Aves,Muscicapa griseisticta,Muscicapa griseisticta,direct
Aves,Muscicapa sibirica,Muscicapa sibirica,direct
Aves,Muscicapa dauurica,Muscicapa dauurica,direct
Aves,Muscicapa muttui,Muscicapa muttui,direct
Aves,Muscicapa ferruginea,Muscicapa ferruginea,direct
Aves,Ficedula zanthopygia,Ficedula zanthopygia,direct
Aves,Ficedula mugimaki,Ficedula mugimaki,direct
Aves,Ficedula erithacus,,
Aves,Ficedula strophiata,Ficedula strophiata,direct
Aves,Ficedula albicilla,Ficedula albicilla,direct
Aves,Anthipes monileger,Ficedula monileger,iucn_binomial
Aves,Ficedula hyperythra,Ficedula hyperythra,direct
Aves,Ficedula westermanni,Ficedula westermanni,direct
Aves,Ficedula superciliaris,Ficedula superciliaris,direct
Aves,Ficedula tricolor,Ficedula tricolor,direct
Aves,Ficedula sapphira,Ficedula sapphira,direct
Aves,Cyanoptila cyanomelana,Cyanoptila cyanomelana,direct
Aves,Eumyias thalassinus,Eumyias thalassinus,direct
Aves,Niltava grandis,Niltava grandis,direct
Aves,Niltava macgrigoriae,Niltava macgrigoriae,direct
Aves,Niltava davidi,Niltava davidi,direct
Aves,Niltava sundara,Niltava sundara,direct
Aves,Cyornis concretus,Cyornis concretus,direct
Aves,Cyornis hainanus,Cyornis hainanus,direct
Aves,Cyornis poliogenys,Cyornis poliogenys,direct
Aves,Cyornis unicolor,Cyornis unicolor,direct
Aves,Cyornis banyumas,Cyornis banyumas,direct
Aves,Ficedula hodgsoni,Muscicapella hodgsoni,iucn_binomial
Aves,Regulus regulus,Regulus regulus,direct
Aves,Regulus goodfellowi,Regulus goodfellowi,direct
Aves,Bombycilla japonica,Bombycilla japonica,direct
Aves,Elachura formosa,Spelaeornis formosus,iucn_binomial
Aves,Irena puella,Irena puella,direct
Aves,Chloropsis moluccensis,,
Aves,Chloropsis aurifrons,Chloropsis aurifrons,direct
Aves,Dicaeum chrysorrheum,Dicaeum chrysorrheum,direct
Aves,Dicaeum minullum,,
Aves,Dicaeum ignipectus,Dicaeum ignipectus,direct
Aves,Dicaeum cruentatum,Dicaeum cruentatum,direct
Aves,Chalcoparia singalensis,Anthreptes singalensis,iucn_binomial
Aves,Kurochkinegramma hypogrammica,Hypogramma hypogrammicum,iucn_binomial
Aves,Cinnyris jugularis,Nectarinia jugularis,iucn_binomial
Aves,Cinnyris asiaticus,Nectarinia asiatica,iucn_binomial
Aves,Aethopyga gouldiae,Aethopyga gouldiae,direct
Aves,Aethopyga nipalensis,Aethopyga nipalensis,direct
Aves,Aethopyga christinae,Aethopyga christinae,direct
Aves,Aethopyga latouchii,,
Aves,Aethopyga saturata,Aethopyga saturata,direct
Aves,Aethopyga siparaja,Aethopyga siparaja,direct
Aves,Aethopyga ignicauda,Aethopyga ignicauda,direct
Aves,Arachnothera longirostra,Arachnothera longirostra,direct
Aves,Arachnothera magna,Arachnothera magna,direct
Aves,Prunella collaris,Prunella collaris,direct
Aves,Prunella himalayana,Prunella himalayana,direct
Aves,Prunella rubeculoides,Prunella rubeculoides,direct
Aves,Prunella strophiata,Prunella strophiata,direct
Aves,Prunella montanella,Prunella montanella,direct
Aves,Prunella fulvescens,Prunella fulvescens,direct
Aves,Prunella atrogularis,Prunella atrogularis,direct
Aves,Prunella koslowi,Prunella koslowi,direct
Aves,Prunella immaculata,Prunella immaculata,direct
Aves,Urocynchramus pylzowi,Urocynchramus pylzowi,direct
Aves,Ploceus manyar,Ploceus manyar,direct
Aves,Ploceus philippinus,Ploceus philippinus,direct
Aves,Lonchura striata,Lonchura striata,direct
Aves,Lonchura punctulata,Lonchura punctulata,direct
Aves,Lonchura atricapilla,Lonchura atricapilla,direct
Aves,Passer ammodendri,Passer ammodendri,direct
Aves,Passer domesticus,Passer domesticus,direct
Aves,Passer hispaniolensis,Passer hispaniolensis,direct
Aves,Passer cinnamomeus,,
Aves,Passer montanus,Passer montanus,direct
Aves,Petronia petronia,Petronia petronia,direct
Aves,Montifringilla adamsi,Montifringilla adamsi,direct
Aves,Onychostruthus taczanowskii,Montifringilla taczanowskii,iucn_binomial
Aves,Pyrgilauda davidiana,Montifringilla davidiana,iucn_binomial
Aves,Pyrgilauda ruficollis,Montifringilla ruficollis,iucn_binomial
Aves,Pyrgilauda blanfordi,Montifringilla blanfordi,iucn_binomial
Aves,Dendronanthus indicus,Dendronanthus indicus,direct
Aves,Motacilla alba,Motacilla alba,direct
Aves,Motacilla citreola,Motacilla citreola,direct
Aves,Motacilla cinerea,Motacilla cinerea,direct
Aves,Anthus richardi,Anthus richardi,direct
Aves,Anthus rufulus,Anthus rufulus,direct
Aves,Anthus campestris,Anthus campestris,direct
Aves,Anthus godlewskii,Anthus godlewskii,direct
Aves,Anthus trivialis,Anthus trivialis,direct
Aves,Anthus hodgsoni,Anthus hodgsoni,direct
Aves,Anthus gustavi,Anthus gustavi,direct
Aves,Anthus roseatus,Anthus roseatus,direct
Aves,Anthus spinoletta,Anthus spinoletta,direct
Aves,Anthus rubescens,Anthus rubescens,direct
Aves,Anthus sylvanus,Anthus sylvanus,direct
Aves,Fringilla coelebs,Fringilla coelebs,direct
Aves,Fringilla montifringilla,Fringilla montifringilla,direct
Aves,Leucosticte nemoricola,Leucosticte nemoricola,direct
Aves,Leucosticte arctoa,Leucosticte arctoa,direct
Aves,Pinicola enucleator,Pinicola enucleator,direct
Aves,Carpodacus subhimachalus,Pinicola subhimachala,iucn_binomial
Aves,Agraphospiza rubescens,Carpodacus rubescens,iucn_binomial
Aves,Procarduelis nipalensis,Carpodacus nipalensis,iucn_binomial
Aves,Carpodacus erythrinus,Carpodacus erythrinus,direct
Aves,Carpodacus pulcherrimus,Carpodacus pulcherrimus,direct
Aves,Carpodacus waltoni,Carpodacus eos,iucn_binomial
Aves,Carpodacus rodochroa,Carpodacus rodochroa,direct
Aves,Carpodacus edwardsii,Carpodacus edwardsii,direct
Aves,Carpodacus stoliczkae,,
Aves,Carpodacus trifasciatus,Carpodacus trifasciatus,direct
Aves,Carpodacus rhodochlamys,Carpodacus rhodochlamys,direct
Aves,Carpodacus rubicilloides,Carpodacus rubicilloides,direct
Aves,Carpodacus rubicilla,Carpodacus rubicilla,direct
Aves,Carpodacus puniceus,Carpodacus puniceus,direct
Aves,Carpodacus roborowskii,Carpodacus roborowskii,direct
Aves,Loxia curvirostra,Loxia curvirostra,direct
Aves,Loxia leucoptera,Loxia leucoptera,direct
Aves,Chloris spinoides,Carduelis spinoides,iucn_binomial
Aves,Chloris ambigua,Carduelis ambigua,iucn_binomial
Aves,Spinus spinus,Carduelis spinus,iucn_binomial
Aves,Spinus thibetanus,Serinus thibetanus,iucn_binomial
Aves,Carduelis caniceps,,
Aves,Chloris sinica,Carduelis sinica,iucn_binomial
Aves,Linaria flavirostris,Carduelis flavirostris,iucn_binomial
Aves,Linaria cannabina,Carduelis cannabina,iucn_binomial
Aves,Serinus pusillus,Serinus pusillus,direct
Aves,Pyrrhula nipalensis,Pyrrhula nipalensis,direct
Aves,Pyrrhula erythrocephala,Pyrrhula erythrocephala,direct
Aves,Pyrrhula erythaca,Pyrrhula erythaca,direct
Aves,Pyrrhula pyrrhula,Pyrrhula pyrrhula,direct
Aves,Coccothraustes coccothraustes,Coccothraustes coccothraustes,direct
Aves,Eophona migratoria,Eophona migratoria,direct
Aves,Eophona personata,Eophona personata,direct
Aves,Mycerobas affinis,Mycerobas affinis,direct
Aves,Mycerobas melanozanthos,Mycerobas melanozanthos,direct
Aves,Mycerobas carnipes,Mycerobas carnipes,direct
Aves,Pyrrhoplectes epauletta,Pyrrhoplectes epauletta,direct
Aves,Rhodopechys sanguineus,Rhodopechys sanguineus,direct
Aves,Bucanetes mongolicus,Eremopsaltria mongolicus,iucn_binomial
Aves,Carpodacus sibiricus,Uragus sibiricus,iucn_binomial
Aves,Carpodacus sipahi,Haematospiza sipahi,iucn_binomial
Aves,Emberiza lathami,Melophus lathami,iucn_binomial
Aves,Emberiza siemsseni,Latoucheornis siemsseni,iucn_binomial
Aves,Emberiza citrinella,Emberiza citrinella,direct
Aves,Emberiza leucocephalos,Emberiza leucocephalos,direct
Aves,Emberiza koslowi,Emberiza koslowi,direct
Aves,Emberiza cia,Emberiza cia,direct
Aves,Emberiza godlewskii,Emberiza godlewskii,direct
Aves,Emberiza cioides,Emberiza cioides,direct
Aves,Emberiza jankowskii,Emberiza jankowskii,direct
Aves,Emberiza buchanani,Emberiza buchanani,direct
Aves,Emberiza hortulana,Emberiza hortulana,direct
Aves,Emberiza yessoensis,Emberiza yessoensis,direct
Aves,Emberiza tristrami,Emberiza tristrami,direct
Aves,Emberiza fucata,Emberiza fucata,direct
Aves,Emberiza pusilla,Emberiza pusilla,direct
Aves,Emberiza rustica,Emberiza rustica,direct
Aves,Emberiza elegans,Emberiza elegans,direct
Aves,Emberiza aureola,Emberiza aureola,direct
Aves,Emberiza rutila,Emberiza rutila,direct
Aves,Emberiza bruniceps,Emberiza bruniceps,direct
Aves,Emberiza spodocephala,Emberiza spodocephala,direct
Aves,Emberiza pallasi,Emberiza pallasi,direct
Aves,Emberiza schoeniclus,Emberiza schoeniclus,direct
Aves,Emberiza calandra,Miliaria calandra,iucn_binomial
Aves,Bambusicola thoracicus,Bambusicola thoracicus,direct
Aves,Bambusicola sonorivox,,
Aves,Tragopan blythii,Tragopan blythii,direct
Aves,Lyrurus tetrix,Tetrao tetrix,iucn_binomial
Aves,Anser cygnoid,Anser cygnoides,iucn_binomial
Aves,Sarkidiornis melanotos,Sarkidiornis melanotos,direct
Aves,Anas poecilorhyncha,Anas poecilorhyncha,direct
Aves,Anas zonorhyncha,,
Aves,Marmaronetta angustirostris,Marmaronetta angustirostris,direct
Aves,Histrionicus histrionicus,Histrionicus histrionicus,direct
Aves,Melanitta stejnegeri,,
Aves,Dendrocopos atratus,Dendrocopos atratus,direct
Aves,Dryobates pernyii,,
Aves,Picoides funebris,,
Aves,Picoides tridactylus,Picoides tridactylus,direct
Aves,Picus vittatus,Picus vittatus,direct
Aves,Picus rabieri,Picus rabieri,direct
Aves,Picus guerini,Picus canus,gbif_backbone
Aves,Picus canus,Picus canus,direct
Aves,Dinopium javanense,Dinopium javanense,direct
Aves,Chrysocolaptes guttacristatus,,
Aves,Mulleripicus pulverulentus,Mulleripicus pulverulentus,direct
Aves,Psilopogon virens,Megalaima virens,iucn_binomial
Aves,Psilopogon lineatus,Megalaima lineata,iucn_binomial
Aves,Psilopogon faiostrictus,Megalaima faiostricta,iucn_binomial
Aves,Psilopogon franklinii,Megalaima franklinii,iucn_binomial
Aves,Psilopogon asiaticus,,
Aves,Psilopogon cyanotis,,
Aves,Psilopogon haemacephalus,Megalaima haemacephala,iucn_binomial
Aves,Ceyx erithaca,Ceyx erithaca,direct
Aves,Pelargopsis capensis,Pelargopsis capensis,direct
Aves,Halcyon coromanda,Halcyon coromanda,direct
Aves,Hierococcyx hyperythrus,,
Aves,Hierococcyx nisicolor,,
Aves,Surniculus dicruroides,Surniculus lugubris,gbif_backbone
Aves,Loriculus vernalis,Loriculus vernalis,direct
Aves,Alexandrinus krameri,Psittacula krameri,iucn_binomial
Aves,Himalayapsitta finschii,Psittacula finschii,iucn_binomial
Aves,Himalayapsitta roseata,Psittacula roseata,iucn_binomial
Aves,Aerodramus brevirostris,Collocalia rogersi,iucn_binomial
Aves,Aerodramus fuciphagus,Collocalia germani,iucn_binomial
Aves,Tyto longimembris,Tyto longimembris,direct
Aves,Otus semitorques,Otus semitorques,direct
Aves,Strix nivicolum,,
Aves,Strix aluco,Strix aluco,direct
Aves,Ninox scutulata,Ninox scutulata,direct
Aves,Ninox japonica,,
Aves,Batrachostomus hodgsoni,Batrachostomus hodgsoni,direct
Aves,Lyncornis macrotis,Eurostopodus macrotis,iucn_binomial
Aves,Caprimulgus jotaka,,
Aves,Caprimulgus macrurus,Caprimulgus macrurus,direct
Aves,Caprimulgus affinis,Caprimulgus affinis,direct
Aves,Columba eversmanni,Columba eversmanni,direct
Aves,Spilopelia senegalensis,Stigmatopelia senegalensis,iucn_binomial
Aves,Spilopelia chinensis,Stigmatopelia chinensis,iucn_binomial
Aves,Treron phayrei,,
Aves,Tetrax tetrax,Tetrax tetrax,direct
Aves,Chlamydotis macqueenii,,
Aves,Anthropoides virgo,Grus virgo,iucn_binomial
Aves,Rallus indicus,,
Aves,Rallus aquaticus,Rallus aquaticus,direct
Aves,Zapornia bicolor,Amaurornis bicolor,iucn_binomial
Aves,Metopidius indicus,Metopidius indicus,direct
Aves,Charadrius dealbatus,,
Aves,Charadrius alexandrinus,Charadrius alexandrinus,direct
Aves,Charadrius asiaticus,Charadrius asiaticus,direct
Aves,Eudromias morinellus,Eudromias morinellus,direct
Aves,Vanellus indicus,Vanellus indicus,direct
Aves,Vanellus gregarius,Vanellus gregarius,direct
Aves,Pernis ptilorhynchus,Pernis ptilorhyncus,iucn_binomial
Aves,Icthyophaga humilis,Ichthyophaga humilis,iucn_binomial
Aves,Neophron percnopterus,Neophron percnopterus,direct
Aves,Gyps bengalensis,Gyps bengalensis,direct
Aves,Butastur liventer,Butastur liventer,direct
Aves,Buteo japonicus,,
Aves,Buteo buteo,Buteo buteo,direct
Aves,Buteo refectus,,
Aves,Ictinaetus malaiensis,Ictinaetus malayensis,iucn_binomial
Aves,Aquila fasciata,Aquila fasciatus,iucn_binomial
Aves,Falco severus,Falco severus,direct
Aves,Gorsachius goisagi,Gorsachius goisagi,direct
Aves,Ardea alba,Casmerodius albus,iucn_binomial
Aves,Ardea intermedia,,
Aves,Ciconia episcopus,Ciconia episcopus,direct
Aves,Leptoptilos javanicus,Leptoptilos javanicus,direct
Aves,Hydrornis cyaneus,Pitta cyanea,iucn_binomial
Aves,Pitta moluccensis,Pitta moluccensis,direct
Aves,Chloropsis lazulina,Chloropsis hardwickii,gbif_backbone
Aves,Chloropsis hardwickii,Chloropsis hardwickii,direct
Aves,Lanius isabellinus,Lanius isabellinus,direct
Aves,Lanius phoenicuroides,,
Aves,Lanius borealis,,
Aves,Lanius excubitor,Lanius excubitor,direct
Aves,Lanius giganteus,,
Aves,Lanius sphenocercus,Lanius sphenocercus,direct
Aves,Garrulus leucotis,,
Aves,Garrulus bispecularis,,
Aves,Garrulus glandarius,Garrulus glandarius,direct
Aves,Urocissa xanthomelana,Urocissa whiteheadi,gbif_backbone
Aves,Urocissa whiteheadi,Urocissa whiteheadi,direct
Aves,Temnurus temnurus,Temnurus temnurus,direct
Aves,Crypsirina temia,Crypsirina temia,direct
Aves,Nucifraga hemispila,,
Aves,Nucifraga caryocatactes,Nucifraga caryocatactes,direct
Aves,Oriolus tenuirostris,Oriolus tenuirostris,direct
Aves,Oriolus xanthornus,Oriolus xanthornus,direct
Aves,Hemipus picatus,Hemipus picatus,direct
Aves,Chelidorhynx hypoxanthus,Chelidorhynx hypoxantha,iucn_binomial
Aves,Dicrurus annectens,Dicrurus annectans,iucn_binomial
Aves,Terpsiphone affinis,Terpsiphone paradisi,gbif_backbone
Aves,Terpsiphone incei,Terpsiphone paradisi,gbif_backbone
Aves,Zoothera mollissima,Zoothera mollissima,direct
Aves,Zoothera griseiceps,Zoothera mollissima,gbif_backbone
Aves,Zoothera salimalii,,
Aves,Zoothera dauma,Zoothera dauma,direct
Aves,Zoothera aurea,Zoothera imbricata,iucn_binomial
Aves,Turdus merula,Turdus merula,direct
Aves,Turdus mandarinus,,
Aves,Turdus maximus,,
Aves,Turdus niveiceps,Turdus poliocephalus,gbif_backbone
Aves,Turdus ruficollis,Turdus ruficollis,direct
Aves,Turdus atrogularis,,
Aves,Brachypteryx cruralis,Brachypteryx montana,gbif_backbone
Aves,Brachypteryx goodfellowi,,
Aves,Ficedula elisae,,
Aves,Niltava oatesi,,
Aves,Niltava vivida,Niltava vivida,direct
Aves,Cyornis rubeculoides,Cyornis rubeculoides,direct
Aves,Cyornis glaucicomans,,
Aves,Calliope tschebaiewi,,
Aves,Cyanecula svecica,Luscinia svecica,gbif_backbone
Aves,Tarsiger cyanurus,Tarsiger cyanurus,direct
Aves,Tarsiger rufilatus,,
Aves,Cyanoptila cumatilis,,
Aves,Tarsiger hyperythrus,Tarsiger hyperythrus,direct
Aves,Myiomela leucura,Cinclidium leucurum,iucn_binomial
Aves,Ampeliceps coronatus,Ampeliceps coronatus,direct
Aves,Sitta przewalskii,,
Aves,Sitta frontalis,Sitta frontalis,direct
Aves,Poecile montanus,Parus montanus,iucn_binomial
Aves,Poecile weigoldicus,,
Aves,Sittiparus varius,Parus varius,iucn_binomial
Aves,Sittiparus castaneoventris,,
Aves,Melanochlora sultanea,Melanochlora sultanea,direct
Aves,Aegithalos caudatus,Aegithalos caudatus,direct
Aves,Aegithalos glaucogularis,,
Aves,Aegithalos iredalei,,
Aves,Aegithalos concinnus,Aegithalos concinnus,direct
Aves,Aegithalos iouschistos,Aegithalos iouschistos,direct
Aves,Aegithalos bonvaloti,,
Aves,Riparia riparia,Riparia riparia,direct
Aves,Riparia diluta,,
Aves,Delichon lagopodum,Delichon urbicum,gbif_backbone
Aves,Delichon urbicum,Delichon urbicum,direct
Aves,Rhopophilus albosuperciliaris,Rhopophilus pekinensis,gbif_backbone
Aves,Rhopophilus pekinensis,Rhopophilus pekinensis,direct
Aves,Prinia superciliaris,,
Aves,Prinia atrogularis,Prinia atrogularis,direct
Aves,Locustella davidi,Bradypterus davidi,iucn_binomial
Aves,Acrocephalus arundinaceus,Acrocephalus arundinaceus,direct
Aves,Acrocephalus orientalis,,
Aves,Phylloscopus tristis,,
Aves,Phylloscopus borealis,Phylloscopus borealis,direct
Aves,Phylloscopus trochiloides,Phylloscopus trochiloides,direct
Aves,Phylloscopus plumbeitarsus,,
Aves,Graminicola striatus,,
Aves,Garrulax monachus,,
Aves,Garrulax chinensis,Garrulax chinensis,direct
Aves,Garrulax cinereiceps,Garrulax cineraceus,gbif_backbone
Aves,Garrulax cineraceus,Garrulax cineraceus,direct
Aves,Trochalopteron morrisonianum,Garrulax morrisonianus,iucn_binomial
Aves,Trochalopteron melanostigma,Garrulax melanostigma,iucn_binomial
Aves,Liocichla ripponi,,
Aves,Liocichla phoenicea,Liocichla phoenicea,direct
Aves,Pomatorhinus ferruginosus,Pomatorhinus ferruginosus,direct
Aves,Turdinus brevicaudatus,,
Aves,Stachyris strialata,Stachyris striolata,iucn_binomial
Aves,Pteruthius rufiventer,Pteruthius rufiventer,direct
Aves,Pteruthius melanotis,Pteruthius melanotis,direct
Aves,Pteruthius aenobarbus,Pteruthius aenobarbus,direct
Aves,Sibia nipalensis,Actinodura nipalensis,iucn_binomial
Aves,Sibia waldeni,Actinodura waldeni,iucn_binomial
Aves,Yuhina torqueola,Yuhina torqueola,direct
Aves,Yuhina castaniceps,Yuhina castaniceps,direct
Aves,Conostoma aemodium,,
Aves,Sinosuthora ricketti,,
Aves,Suthora nipalensis,Paradoxornis nipalensis,iucn_binomial
Aves,Psittiparus ruficeps,,
Aves,Psittiparus bakeri,,
Aves,Calandrella dukhunensis,Calandrella brachydactyla,gbif_backbone
Aves,Calandrella brachydactyla,Calandrella brachydactyla,direct
Aves,Dicaeum melanozanthum,Dicaeum melanoxanthum,iucn_binomial
Aves,Montifringilla nivalis,Montifringilla nivalis,direct
Aves,Montifringilla henrici,,
Aves,Motacilla flava,Motacilla flava,direct
Aves,Motacilla tschutschensis,,
Aves,Amandava amandava,Amandava amandava,direct
Aves,Leucosticte brandti,Leucosticte brandti,direct
Aves,Carpodacus sillemi,Leucosticte sillemi,iucn_binomial
Aves,Rhodospiza obsoleta,Rhodopechys obsoletus,iucn_binomial
Aves,Carpodacus vinaceus,Carpodacus vinaceus,direct
Aves,Carpodacus formosanus,,
Aves,Carpodacus rodopeplus,Carpodacus rodopeplus,direct
Aves,Carpodacus verreauxii,,
Aves,Carpodacus thura,Carpodacus thura,direct
Aves,Carpodacus dubius,,
Aves,Psilopogon nuchalis,Megalaima nuchalis,iucn_binomial
Aves,Certhia hodgsoni,Certhia hodgsoni,direct
Aves,Horornis brunnescens,Cettia brunnescens,iucn_binomial
Aves,Phylloscopus claudiae,Phylloscopus claudiae,direct
Aves,Phylloscopus goodsoni,Phylloscopus goodsoni,direct
Aves,Phylloscopus ogilviegranti,Phylloscopus ogilviegranti,direct
Aves,Garrulax ruficeps,Garrulax ruficeps,direct
Aves,Garrulax castanotis,Garrulax castanotis,direct
Aves,Garrulax berthemyi,Garrulax berthemyi,direct
Aves,Trochalopteron imbricatum,Garrulax imbricatus,iucn_binomial
Aves,Erythrogenys gravivox,Pomatorhinus gravivox,iucn_binomial
Aves,Erythrogenys swinhoei,Pomatorhinus swinhoei,iucn_binomial
Aves,Pomatorhinus musicus,Pomatorhinus musicus,direct
Aves,Pnoepyga formosana,Pnoepyga formosana,direct
Aves,Gampsorhynchus torquatus,Gampsorhynchus torquatus,direct
Aves,Fulvetta manipurensis,Alcippe manipurensis,iucn_binomial
Aves,Fulvetta formosana,Alcippe formosana,iucn_binomial
Aves,Heterophasia desgodinsi,Heterophasia desgodinsi,direct
Mammalia,Aeretes melanopterus,Aeretes melanopterus,direct
Mammalia,Ailuropoda melanoleuca,Ailuropoda melanoleuca,direct
Mammalia,Ailurus fulgens,Ailurus fulgens,direct
Mammalia,Alces alces,Alces alces,direct
Mammalia,Alexandromys fortis,Microtus fortis,iucn_binomial
Mammalia,Alexandromys kikuchii,Microtus kikuchii,iucn_binomial
Mammalia,Alexandromys limnophilus,Microtus limnophilus,iucn_binomial
Mammalia,Alexandromys maximowiczii,Microtus maximowiczii,iucn_binomial
Mammalia,Alexandromys mongolicus,Microtus mongolicus,iucn_binomial
Mammalia,Alexandromys oeconomus,Microtus oeconomus,iucn_binomial
Mammalia,Allactaga balikunica,Allactaga balikunica,direct
Mammalia,Allactaga bullata,Allactaga bullata,direct
Mammalia,Allactaga major,Allactaga major,direct
Mammalia,Allactaga sibirica,Allactaga sibirica,direct
Mammalia,Allocricetulus curtatus,Allocricetulus curtatus,direct
Mammalia,Allocricetulus eversmanni,Allocricetulus eversmanni,direct
Mammalia,Alticola albicaudus,Alticola albicaudus,direct
Mammalia,Alticola argentatus,Alticola argentatus,direct
Mammalia,Alticola barakshin,Alticola barakshin,direct
Mammalia,Alticola macrotis,Alticola macrotis,direct
Mammalia,Alticola roylei,Alticola roylei,direct
Mammalia,Alticola semicanus,Alticola semicanus,direct
Mammalia,Alticola stoliczkanus,Alticola stoliczkanus,direct
Mammalia,Alticola strelzowi,Alticola strelzowi,direct
Mammalia,Anourosorex assamensis,Anourosorex assamensis,direct
Mammalia,Anourosorex squamipes,Anourosorex squamipes,direct
Mammalia,Anourosorex yamashinai,Anourosorex yamashinai,direct
Mammalia,Aonyx cinereus,Aonyx cinerea,iucn_binomial
Mammalia,Apodemus agrarius,Apodemus agrarius,direct
Mammalia,Apodemus chevrieri,Apodemus chevrieri,direct
Mammalia,Apodemus draco,Apodemus draco,direct
Mammalia,Apodemus latronum,Apodemus latronum,direct
Mammalia,Apodemus pallipes,Apodemus pallipes,direct
Mammalia,Apodemus peninsulae,Apodemus peninsulae,direct
Mammalia,Apodemus semotus,Apodemus semotus,direct
Mammalia,Apodemus uralensis,Apodemus uralensis,direct
Mammalia,Arctictis binturong,Arctictis binturong,direct
Mammalia,Arctogalidia trivirgata,Arctogalidia trivirgata,direct
Mammalia,Arctonyx albogularis,,
Mammalia,Arctonyx collaris,Arctonyx collaris,direct
Mammalia,Arielulus circumdatus,Arielulus circumdatus,direct
Mammalia,Arielulus torquatus,Arielulus torquatus,direct
Mammalia,Arvicola amphibius,Arvicola amphibius,direct
Mammalia,Aselliscus dongbacanus,,
Mammalia,Aselliscus stoliczkanus,Aselliscus stoliczkanus,direct
Mammalia,Atherurus macrourus,Atherurus macrourus,direct
Mammalia,Axis porcinus,Axis porcinus,direct
Mammalia,Bandicota bengalensis,Bandicota bengalensis,direct
Mammalia,Bandicota indica,Bandicota indica,direct
Mammalia,Barbastella beijingensis,Barbastella beijingensis,direct
Mammalia,Barbastella darjelingensis,,
Mammalia,Barbastella leucomelas,Barbastella leucomelas,direct
Mammalia,Belomys pearsonii,Belomys pearsonii,direct
Mammalia,Berylmys berdmorei,Berylmys berdmorei,direct
Mammalia,Berylmys bowersii,Berylmys bowersi,gbif_backbone
Mammalia,Berylmys latouchei,,
Mammalia,Berylmys mackenziei,Berylmys mackenziei,direct
Mammalia,Berylmys manipulus,Berylmys manipulus,direct
Mammalia,Biswamoyopterus biswasi,Biswamoyopterus biswasi,direct
Mammalia,Blarinella griselda,Blarinella griselda,direct
Mammalia,Blarinella quadraticauda,Blarinella quadraticauda,direct
Mammalia,Blarinella wardi,Blarinella wardi,direct
Mammalia,Bos gaurus,Bos gaurus,direct
Mammalia,Bos mutus,Bos mutus,direct
Mammalia,Brachiones przewalskii,Brachiones przewalskii,direct
Mammalia,Budorcas taxicolor,Budorcas taxicolor,direct
Mammalia,Callosciurus caniceps,Callosciurus caniceps,direct
Mammalia,Callosciurus erythraeus,Callosciurus erythraeus,direct
Mammalia,Callosciurus inornatus,Callosciurus inornatus,direct
Mammalia,Callosciurus phayrei,Callosciurus phayrei,direct
Mammalia,Callosciurus pygerythrus,Callosciurus pygerythrus,direct
Mammalia,Callosciurus quinquestriatus,Callosciurus quinquestriatus,direct
Mammalia,Camelus ferus,Camelus ferus,direct
Mammalia,Canis aureus,Canis aureus,direct
Mammalia,Canis lupus,Canis lupus,direct
Mammalia,Cannomys badius,Cannomys badius,direct
Mammalia,Cansumys canus,Cansumys canus,direct
Mammalia,Capra sibirica,Capra sibirica,direct
Mammalia,Capreolus pygargus,Capreolus pygargus,direct
Mammalia,Capricornis rubidus,Capricornis rubidus,direct
Mammalia,Capricornis sumatraensis,Capricornis sumatraensis,direct
Mammalia,Capricornis swinhoei,Capricornis swinhoei,direct
Mammalia,Cardiocranius paradoxus,Cardiocranius paradoxus,direct
Mammalia,Caryomys eva,Caryomys eva,direct
Mammalia,Caryomys inez,Caryomys inez,direct
Mammalia,Catopuma temminckii,Catopuma temminckii,direct
Mammalia,Cervus albirostris,Cervus albirostris,direct
Mammalia,Cervus canadensis,Cervus elaphus,gbif_backbone
Mammalia,Cervus hanglu,,
Mammalia,Cervus nippon,Cervus nippon,direct
Mammalia,Chaetocauda sichuanensis,Chaetocauda sichuanensis,direct
Mammalia,Chimarrogale himalayica,Chimarrogale himalayica,direct
Mammalia,Chimarrogale styani,Chimarrogale styani,direct
Mammalia,Chiromyscus chiropus,Chiromyscus chiropus,direct
Mammalia,Chiropodomys gliroides,Chiropodomys gliroides,direct
Mammalia,Chodsigoa caovansunga,Chodsigoa caovansunga,direct
Mammalia,Chodsigoa hypsibia,Chodsigoa hypsibia,direct
Mammalia,Chodsigoa lamula,Chodsigoa lamula,direct
Mammalia,Chodsigoa parca,Chodsigoa parca,direct
Mammalia,Chodsigoa parva,Chodsigoa parva,direct
Mammalia,Chodsigoa salenskii,Chodsigoa salenskii,direct
Mammalia,Chodsigoa smithii,Chodsigoa smithii,direct
Mammalia,Chodsigoa sodalis,Chodsigoa sodalis,direct
Mammalia,Chrotogale owstoni,Chrotogale owstoni,direct
Mammalia,Clethrionomys centralis,Myodes centralis,iucn_binomial
Mammalia,Clethrionomys rutilus,Myodes rutilus,iucn_binomial
Mammalia,Cnephaeus gobiensis,,
Mammalia,Cnephaeus nilssonii,,
Mammalia,Cnephaeus ognevi,,
Mammalia,Cnephaeus pachyomus,,
Mammalia,Cnephaeus pachyotis,,
Mammalia,Cnephaeus serotinus,,
Mammalia,Coelops frithii,Coelops frithii,direct
Mammalia,Craseomys regulus,Myodes regulus,iucn_binomial
Mammalia,Craseomys rufocanus,Myodes rufocanus,iucn_binomial
Mammalia,Craseomys shanseius,Myodes shanseius,iucn_binomial
Mammalia,Cricetulus barabensis,Cricetulus barabensis,direct
Mammalia,Cricetulus lama,Cricetulus lama,direct
Mammalia,Cricetulus longicaudatus,Cricetulus longicaudatus,direct
Mammalia,Cricetulus sokolovi,Cricetulus sokolovi,direct
Mammalia,Cricetulus tibetanus,Cricetulus tibetanus,direct
Mammalia,Cricetus cricetus,Cricetus cricetus,direct
Mammalia,Crocidura attenuata,Crocidura attenuata,direct
Mammalia,Crocidura fuliginosa,Crocidura fuliginosa,direct
Mammalia,Crocidura gmelini,Crocidura gmelini,direct
Mammalia,Crocidura indochinensis,Crocidura indochinensis,direct
Mammalia,Crocidura lasiura,Crocidura lasiura,direct
Mammalia,Crocidura orii,Crocidura orii,direct
Mammalia,Crocidura rapax,Crocidura rapax,direct
Mammalia,Crocidura shantungensis,Crocidura shantungensis,direct
Mammalia,Crocidura sibirica,Crocidura sibirica,direct
Mammalia,Crocidura suaveolens,Crocidura suaveolens,direct
Mammalia,Crocidura tanakae,Crocidura tanakae,direct
Mammalia,Crocidura vorax,Crocidura vorax,direct
Mammalia,Crocidura watasei,Crocidura watasei,direct
Mammalia,Crocidura wuchihensis,Crocidura wuchihensis,direct
Mammalia,Cuon alpinus,Cuon alpinus,direct
Mammalia,Cynopterus brachyotis,Cynopterus brachyotis,direct
Mammalia,Cynopterus sphinx,Cynopterus sphinx,direct
Mammalia,Dacnomys millardi,Dacnomys millardi,direct
Mammalia,Diplothrix legata,Diplothrix legata,direct
Mammalia,Dipus sagitta,Dipus sagitta,direct
Mammalia,Dremomys gularis,Dremomys gularis,direct
Mammalia,Dremomys lokriah,Dremomys lokriah,direct
Mammalia,Dremomys pernyi,Dremomys pernyi,direct
Mammalia,Dremomys pyrrhomerus,Dremomys pyrrhomerus,direct
Mammalia,Dremomys rufigenis,Dremomys rufigenis,direct
Mammalia,Dryomys nitedula,Dryomys nitedula,direct
Mammalia,Elaphodus cephalophus,Elaphodus cephalophus,direct
Mammalia,Elaphurus davidianus,Elaphurus davidianus,direct
Mammalia,Elephas maximus,Elephas maximus,direct
Mammalia,Ellobius tancrei,Ellobius tancrei,direct
Mammalia,Eolagurus luteus,Eolagurus luteus,direct
Mammalia,Eolagurus przewalskii,Eolagurus przewalskii,direct
Mammalia,Eonycteris spelaea,Eonycteris spelaea,direct
Mammalia,Eospalax fontanierii,Eospalax fontanierii,direct
Mammalia,Eospalax rothschildi,Eospalax rothschildi,direct
Mammalia,Eospalax smithii,Eospalax smithii,direct
Mammalia,Eothenomys cachinus,Eothenomys cachinus,direct
Mammalia,Eothenomys chinensis,Eothenomys chinensis,direct
Mammalia,Eothenomys custos,Eothenomys custos,direct
Mammalia,Eothenomys melanogaster,Eothenomys melanogaster,direct
Mammalia,Eothenomys miletus,Eothenomys miletus,direct
Mammalia,Eothenomys olitor,Eothenomys olitor,direct
Mammalia,Eothenomys proditor,Eothenomys proditor,direct
Mammalia,Eothenomys wardi,Eothenomys wardi,direct
Mammalia,Eozapus setchuanus,Eozapus setchuanus,direct
Mammalia,Episoriculus caudatus,Episoriculus caudatus,direct
Mammalia,Episoriculus fumidus,Episoriculus fumidus,direct
Mammalia,Episoriculus leucops,Episoriculus leucops,direct
Mammalia,Episoriculus macrurus,Episoriculus macrurus,direct
Mammalia,Equus ferus,Equus ferus,direct
Mammalia,Equus hemionus,Equus hemionus,direct
Mammalia,Equus kiang,Equus kiang,direct
Mammalia,Erinaceus amurensis,Erinaceus amurensis,direct
Mammalia,Euchoreutes naso,Euchoreutes naso,direct
Mammalia,Euroscaptor grandis,Euroscaptor grandis,direct
Mammalia,Euroscaptor klossi,Euroscaptor klossi,direct
Mammalia,Euroscaptor longirostris,Euroscaptor longirostris,direct
Mammalia,Euroscaptor micrura,Euroscaptor micrura,direct
Mammalia,Euroscaptor parvidens,Euroscaptor parvidens,direct
Mammalia,Eutamias sibiricus,Tamias sibiricus,iucn_binomial
Mammalia,Falsistrellus mordax,Falsistrellus mordax,direct
Mammalia,Felis bieti,Felis bieti,direct
Mammalia,Felis chaus,Felis chaus,direct
Mammalia,Felis lybica,Felis silvestris,gbif_backbone
Mammalia,Gazella subgutturosa,Gazella subgutturosa,direct
Mammalia,Glischropus bucephalus,Glischropus bucephalus,direct
Mammalia,Gulo gulo,Gulo gulo,direct
Mammalia,Hadromys yunnanensis,Hadromys yunnanensis,direct
Mammalia,Hapalomys delacouri,Hapalomys delacouri,direct
Mammalia,Harpiocephalus harpia,Harpiocephalus harpia,direct
Mammalia,Harpiola isodon,Harpiola isodon,direct
Mammalia,Helarctos malayanus,Helarctos malayanus,direct
Mammalia,Hemiechinus auritus,Hemiechinus auritus,direct
Mammalia,Hemitragus jemlahicus,Hemitragus jemlahicus,direct
Mammalia,Hipposideros armiger,Hipposideros armiger,direct
Mammalia,Hipposideros cineraceus,Hipposideros cineraceus,direct
Mammalia,Hipposideros gentilis,,
Mammalia,Hipposideros grandis,Hipposideros grandis,direct
Mammalia,Hipposideros larvatus,Hipposideros larvatus,direct
Mammalia,Hipposideros lylei,Hipposideros lylei,direct
Mammalia,Hipposideros pratti,Hipposideros pratti,direct
Mammalia,Hoolock tianxing,,
Mammalia,Hydropotes inermis,Hydropotes inermis,direct
Mammalia,Hylobates lar,Hylobates lar,direct
Mammalia,Hylomys suillus,Hylomys suillus,direct
Mammalia,Hylopetes alboniger,Hylopetes alboniger,direct
Mammalia,Hylopetes phayrei,Hylopetes phayrei,direct
Mammalia,Hypsugo affinis,Falsistrellus affinis,iucn_binomial
Mammalia,Hypsugo alaschanicus,Pipistrellus alaschanicus,iucn_binomial
Mammalia,Hypsugo anthonyi,Pipistrellus anthonyi,iucn_binomial
Mammalia,Hypsugo cadornae,Pipistrellus cadornae,iucn_binomial
Mammalia,Hypsugo pulveratus,Pipistrellus pulveratus,iucn_binomial
Mammalia,Hypsugo savii,Pipistrellus savii,iucn_binomial
Mammalia,Hystrix brachyura,Hystrix brachyura,direct
Mammalia,Hystrix indica,Hystrix indica,direct
Mammalia,Ia io,Ia io,direct
Mammalia,Kerivoula furva,,
Mammalia,Kerivoula hardwickii,Kerivoula hardwickii,direct
Mammalia,Kerivoula kachinensis,Kerivoula kachinensis,direct
Mammalia,Kerivoula picta,Kerivoula picta,direct
Mammalia,Kerivoula titania,Kerivoula titania,direct
Mammalia,Lagurus lagurus,Lagurus lagurus,direct
Mammalia,Lasiopodomys brandtii,Lasiopodomys brandtii,direct
Mammalia,Lasiopodomys mandarinus,Lasiopodomys mandarinus,direct
Mammalia,Lemmus amurensis,Lemmus amurensis,direct
Mammalia,Leopoldamys edwardsi,Leopoldamys edwardsi,direct
Mammalia,Leopoldamys sabanus,Leopoldamys sabanus,direct
Mammalia,Lepus capensis,Lepus capensis,direct
Mammalia,Lepus comus,Lepus comus,direct
Mammalia,Lepus coreanus,Lepus coreanus,direct
Mammalia,Lepus hainanus,Lepus hainanus,direct
Mammalia,Lepus mandshuricus,Lepus mandshuricus,direct
Mammalia,Lepus nigricollis,Lepus nigricollis,direct
Mammalia,Lepus oiostolus,Lepus oiostolus,direct
Mammalia,Lepus peguensis,Lepus peguensis,direct
Mammalia,Lepus sinensis,Lepus sinensis,direct
Mammalia,Lepus tibetanus,Lepus tibetanus,direct
Mammalia,Lepus timidus,Lepus timidus,direct
Mammalia,Lepus tolai,Lepus tolai,direct
Mammalia,Lepus yarkandensis,Lepus yarkandensis,direct
Mammalia,Lutra lutra,Lutra lutra,direct
Mammalia,Lutrogale perspicillata,Lutrogale perspicillata,direct
Mammalia,Lynx lynx,Lynx lynx,direct
Mammalia,Lyroderma lyra,Megaderma lyra,iucn_binomial
Mammalia,Macaca arctoides,Macaca arctoides,direct
Mammalia,Macaca assamensis,Macaca assamensis,direct
Mammalia,Macaca cyclopis,Macaca cyclopis,direct
Mammalia,Macaca leonina,Macaca leonina,direct
Mammalia,Macaca leucogenys,Macaca leucogenys,direct
Mammalia,Macaca mulatta,Macaca mulatta,direct
Mammalia,Macaca munzala,Macaca munzala,direct
Mammalia,Macaca thibetana,Macaca thibetana,direct
Mammalia,Macroglossus sobrinus,Macroglossus sobrinus,direct
Mammalia,Manis javanica,Manis javanica,direct
Mammalia,Manis pentadactyla,Manis pentadactyla,direct
Mammalia,Marmota baibacina,Marmota baibacina,direct
Mammalia,Marmota caudata,Marmota caudata,direct
Mammalia,Marmota himalayana,Marmota himalayana,direct
Mammalia,Marmota sibirica,Marmota sibirica,direct
Mammalia,Martes flavigula,Martes flavigula,direct
Mammalia,Martes foina,Martes foina,direct
Mammalia,Martes zibellina,Martes zibellina,direct
Mammalia,Maxomys surifer,Maxomys surifer,direct
Mammalia,Megaderma spasma,Megaderma spasma,direct
Mammalia,Megaerops ecaudatus,Megaerops ecaudatus,direct
Mammalia,Megaerops niphanae,Megaerops niphanae,direct
Mammalia,Meles leucurus,Meles leucurus,direct
Mammalia,Melogale moschata,Melogale moschata,direct
Mammalia,Melogale personata,Melogale personata,direct
Mammalia,Melursus ursinus,Melursus ursinus,direct
Mammalia,Menetes berdmorei,Menetes berdmorei,direct
Mammalia,Meriones chengi,Meriones chengi,direct
Mammalia,Meriones libycus,Meriones libycus,direct
Mammalia,Meriones meridianus,Meriones meridianus,direct
Mammalia,Meriones tamariscinus,Meriones tamariscinus,direct
Mammalia,Meriones unguiculatus,Meriones unguiculatus,direct
Mammalia,Mesechinus dauuricus,Mesechinus dauuricus,direct
Mammalia,Mesechinus hughi,Mesechinus hughi,direct
Mammalia,Micromys minutus,Micromys minutus,direct
Mammalia,Microtus agrestis,Microtus agrestis,direct
Mammalia,Microtus ilaeus,Microtus ilaeus,direct
Mammalia,Microtus juldaschi,Blanfordimys juldaschi,iucn_binomial
Mammalia,Microtus obscurus,Microtus arvalis,gbif_backbone
Mammalia,Microtus socialis,Microtus socialis,direct
Mammalia,Miniopterus fuscus,Miniopterus fuscus,direct
Mammalia,Miniopterus magnater,Miniopterus magnater,direct
Mammalia,Miniopterus pusillus,Miniopterus pusillus,direct
Mammalia,Mogera insularis,Mogera insularis,direct
Mammalia,Mogera robusta,Mogera robusta,direct
Mammalia,Mops plicatus,Chaerephon plicatus,iucn_binomial
Mammalia,Moschus anhuiensis,Moschus anhuiensis,direct
Mammalia,Moschus berezovskii,Moschus berezovskii,direct
Mammalia,Moschus chrysogaster,Moschus chrysogaster,direct
Mammalia,Moschus fuscus,Moschus fuscus,direct
Mammalia,Moschus leucogaster,Moschus leucogaster,direct
Mammalia,Moschus moschiferus,Moschus moschiferus,direct
Mammalia,Muntiacus crinifrons,Muntiacus crinifrons,direct
Mammalia,Muntiacus gongshanensis,Muntiacus gongshanensis,direct
Mammalia,Muntiacus putaoensis,Muntiacus putaoensis,direct
Mammalia,Muntiacus reevesi,Muntiacus reevesi,direct
Mammalia,Muntiacus rooseveltorum,Muntiacus rooseveltorum,direct
Mammalia,Muntiacus vaginalis,Muntiacus vaginalis,direct
Mammalia,Murina aurata,Murina aurata,direct
Mammalia,Murina bicolor,Murina bicolor,direct
Mammalia,Murina chrysochaetes,Murina chrysochaetes,direct
Mammalia,Murina cyclotis,Murina cyclotis,direct
Mammalia,Murina eleryi,Murina eleryi,direct
Mammalia,Murina feae,,
Mammalia,Murina fusca,Murina fusca,direct
Mammalia,Murina gracilis,Murina gracilis,direct
Mammalia,Murina harrisoni,Murina harrisoni,direct
Mammalia,Murina hilgendorfi,Murina hilgendorfi,direct
Mammalia,Murina huttoni,Murina huttoni,direct
Mammalia,Murina leucogaster,Murina leucogaster,direct
Mammalia,Murina lorelieae,Murina loreliae,iucn_binomial
Mammalia,Murina puta,Murina puta,direct
Mammalia,Murina recondita,Murina recondita,direct
Mammalia,Murina ryukyuana,Murina ryukyuana,direct
Mammalia,Murina shuipuensis,Murina shuipuensis,direct
Mammalia,Murina ussuriensis,Murina ussuriensis,direct
Mammalia,Mus caroli,Mus caroli,direct
Mammalia,Mus cervicolor,Mus cervicolor,direct
Mammalia,Mus cookii,Mus cookii,direct
Mammalia,Mus pahari,Mus pahari,direct
Mammalia,Mus saxicola,Mus saxicola,direct
Mammalia,Mus shortridgei,Mus shortridgei,direct
Mammalia,Mustela altaica,Mustela altaica,direct
Mammalia,Mustela erminea,Mustela erminea,direct
Mammalia,Mustela eversmanii,Mustela eversmanii,direct
Mammalia,Mustela kathiah,Mustela kathiah,direct
Mammalia,Mustela nivalis,Mustela nivalis,direct
Mammalia,Mustela russelliana,Mustela nivalis,gbif_backbone
Mammalia,Mustela sibirica,Mustela sibirica,direct
Mammalia,Mustela strigidorsa,Mustela strigidorsa,direct
Mammalia,Myopus schisticolor,Myopus schisticolor,direct
Mammalia,Myospalax aspalax,Myospalax aspalax,direct
Mammalia,Myospalax myospalax,Myospalax myospalax,direct
Mammalia,Myospalax psilurus,Myospalax psilurus,direct
Mammalia,Myotis altarium,Myotis altarium,direct
Mammalia,Myotis annectans,Myotis annectans,direct
Mammalia,Myotis badius,Myotis badius,direct
Mammalia,Myotis blythii,Myotis blythii,direct
Mammalia,Myotis bombinus,Myotis bombinus,direct
Mammalia,Myotis chinensis,Myotis chinensis,direct
Mammalia,Myotis davidii,Myotis davidii,direct
Mammalia,Myotis fimbriatus,Myotis fimbriatus,direct
Mammalia,Myotis formosus,Myotis formosus,direct
Mammalia,Myotis frater,Myotis frater,direct
Mammalia,Myotis hasseltii,Myotis hasseltii,direct
Mammalia,Myotis horsfieldii,Myotis horsfieldii,direct
Mammalia,Myotis ikonnikovi,Myotis ikonnikovi,direct
Mammalia,Myotis indochinensis,,
Mammalia,Myotis laniger,Myotis laniger,direct
Mammalia,Myotis longicaudatus,,
Mammalia,Myotis longipes,Myotis longipes,direct
Mammalia,Myotis macrodactylus,Myotis macrodactylus,direct
Mammalia,Myotis montivagus,Myotis montivagus,direct
Mammalia,Myotis muricola,Myotis muricola,direct
Mammalia,Myotis nipalensis,Myotis nipalensis,direct
Mammalia,Myotis pequinius,Myotis pequinius,direct
Mammalia,Myotis petax,Myotis petax,direct
Mammalia,Myotis pilosus,Myotis pilosus,direct
Mammalia,Myotis rufoniger,,
Mammalia,Myotis secundus,Myotis secundus,direct
Mammalia,Myotis sibiricus,,
Mammalia,Myotis sicarius,Myotis sicarius,direct
Mammalia,Myotis siligorensis,Myotis siligorensis,direct
Mammalia,Myotis soror,Myotis soror,direct
Mammalia,Naemorhedus baileyi,Naemorhedus baileyi,direct
Mammalia,Naemorhedus caudatus,Naemorhedus caudatus,direct
Mammalia,Naemorhedus goral,Naemorhedus goral,direct
Mammalia,Nectogale elegans,Nectogale elegans,direct
Mammalia,Neodon clarkei,Microtus clarkei,iucn_binomial
Mammalia,Neodon forresti,Neodon forresti,direct
Mammalia,Neodon fuscus,Neodon fuscus,direct
Mammalia,Neodon irene,Neodon irene,direct
Mammalia,Neodon linzhiensis,Neodon linzhiensis,direct
Mammalia,Neodon sikimensis,Neodon sikimensis,direct
Mammalia,Neofelis nebulosa,Neofelis nebulosa,direct
Mammalia,Neohylomys hainanensis,Neohylomys hainanensis,direct
Mammalia,Neomys fodiens,Neomys fodiens,direct
Mammalia,Neotetracus sinensis,Neotetracus sinensis,direct
Mammalia,Nesokia indica,Nesokia indica,direct
Mammalia,Niviventer andersoni,Niviventer andersoni,direct
Mammalia,Niviventer brahma,Niviventer brahma,direct
Mammalia,Niviventer confucianus,Niviventer confucianus,direct
Mammalia,Niviventer coninga,Niviventer coninga,direct
Mammalia,Niviventer culturatus,Niviventer culturatus,direct
Mammalia,Niviventer eha,Niviventer eha,direct
Mammalia,Niviventer excelsior,Niviventer excelsior,direct
Mammalia,Niviventer fulvescens,Niviventer fulvescens,direct
Mammalia,Niviventer langbianis,,
Mammalia,Niviventer niviventer,Niviventer niviventer,direct
Mammalia,Niviventer tenaster,Niviventer tenaster,direct
Mammalia,Nomascus concolor,Nomascus concolor,direct
Mammalia,Nomascus hainanus,Nomascus hainanus,direct
Mammalia,Nomascus leucogenys,Nomascus leucogenys,direct
Mammalia,Nomascus nasutus,Nomascus nasutus,direct
Mammalia,Nothocricetulus migratorius,Cricetulus migratorius,iucn_binomial
Mammalia,Nyctalus aviator,Nyctalus aviator,direct
Mammalia,Nyctalus noctula,Nyctalus noctula,direct
Mammalia,Nyctalus plancyi,Nyctalus plancyi,direct
Mammalia,Nyctereutes procyonoides,Nyctereutes procyonoides,direct
Mammalia,Nycticebus bengalensis,Nycticebus bengalensis,direct
Mammalia,Ochotona alpina,Ochotona alpina,direct
Mammalia,Ochotona argentata,Ochotona argentata,direct
Mammalia,Ochotona cansus,Ochotona cansus,direct
Mammalia,Ochotona coreana,Ochotona coreana,direct
Mammalia,Ochotona curzoniae,Ochotona curzoniae,direct
Mammalia,Ochotona dauurica,Ochotona dauurica,direct
Mammalia,Ochotona erythrotis,Ochotona erythrotis,direct
Mammalia,Ochotona forresti,Ochotona forresti,direct
Mammalia,Ochotona gloveri,Ochotona gloveri,direct
Mammalia,Ochotona hyperborea,Ochotona hyperborea,direct
Mammalia,Ochotona iliensis,Ochotona iliensis,direct
Mammalia,Ochotona koslowi,Ochotona koslowi,direct
Mammalia,Ochotona ladacensis,Ochotona ladacensis,direct
Mammalia,Ochotona macrotis,Ochotona macrotis,direct
Mammalia,Ochotona mantchurica,Ochotona mantchurica,direct
Mammalia,Ochotona nubrica,Ochotona nubrica,direct
Mammalia,Ochotona pallasii,Ochotona pallasi,gbif_backbone
Mammalia,Ochotona pusilla,Ochotona pusilla,direct
Mammalia,Ochotona roylii,,
Mammalia,Ochotona rutila,Ochotona rutila,direct
Mammalia,Ochotona syrinx,Ochotona syrinx,direct
Mammalia,Ochotona thibetana,Ochotona thibetana,direct
Mammalia,Ochotona thomasi,Ochotona thomasi,direct
Mammalia,Ondatra zibethicus,Ondatra zibethicus,direct
Mammalia,Otocolobus manul,Otocolobus manul,direct
Mammalia,Ovis ammon,Ovis ammon,direct
Mammalia,Paguma larvata,Paguma larvata,direct
Mammalia,Panthera pardus,Panthera pardus,direct
Mammalia,Panthera tigris,Panthera tigris,direct
Mammalia,Panthera uncia,Panthera uncia,direct
Mammalia,Pantholops hodgsonii,Pantholops hodgsonii,direct
Mammalia,Paradoxurus hermaphroditus,Paradoxurus hermaphroditus,direct
Mammalia,Parascaptor leucura,Parascaptor leucura,direct
Mammalia,Pardofelis marmorata,Pardofelis marmorata,direct
Mammalia,Petaurista alborufus,Petaurista alborufus,direct
Mammalia,Petaurista elegans,Petaurista elegans,direct
Mammalia,Petaurista magnificus,Petaurista magnificus,direct
Mammalia,Petaurista mechukaensis,Petaurista mechukaensis,direct
Mammalia,Petaurista mishmiensis,Petaurista mishmiensis,direct
Mammalia,Petaurista nobilis,Petaurista nobilis,direct
Mammalia,Petaurista petaurista,Petaurista petaurista,direct
Mammalia,Petaurista philippensis,Petaurista philippensis,direct
Mammalia,Petaurista xanthotis,Petaurista xanthotis,direct
Mammalia,Phaiomys leucurus,Neodon leucurus,iucn_binomial
Mammalia,Phoca largha,Phoca largha,direct
Mammalia,Phodopus campbelli,Phodopus campbelli,direct
Mammalia,Phodopus roborovskii,Phodopus roborovskii,direct
Mammalia,Pipistrellus abramus,Pipistrellus abramus,direct
Mammalia,Pipistrellus aladdin,Pipistrellus pipistrellus,gbif_backbone
Mammalia,Pipistrellus ceylonicus,Pipistrellus ceylonicus,direct
Mammalia,Pipistrellus coromandra,Pipistrellus coromandra,direct
Mammalia,Pipistrellus javanicus,Pipistrellus javanicus,direct
Mammalia,Pipistrellus paterculus,Pipistrellus paterculus,direct
Mammalia,Pipistrellus pipistrellus,Pipistrellus pipistrellus,direct
Mammalia,Plecotus ariel,,
Mammalia,Plecotus homochrous,,
Mammalia,Plecotus ognevi,Plecotus ognevi,direct
Mammalia,Plecotus strelkovi,,
Mammalia,Plecotus taivanus,Plecotus taivanus,direct
Mammalia,Plecotus wardi,,
Mammalia,Prionailurus bengalensis,Prionailurus bengalensis,direct
Mammalia,Prionodon pardicolor,Prionodon pardicolor,direct
Mammalia,Procapra gutturosa,Procapra gutturosa,direct
Mammalia,Procapra picticaudata,Procapra picticaudata,direct
Mammalia,Procapra przewalskii,Procapra przewalskii,direct
Mammalia,Proedromys bedfordi,Proedromys bedfordi,direct
Mammalia,Proedromys liangshanensis,Proedromys liangshanensis,direct
Mammalia,Pseudois nayaur,Pseudois nayaur,direct
Mammalia,Pteromys volans,Pteromys volans,direct
Mammalia,Pteropus medius,Pteropus giganteus,iucn_binomial
Mammalia,Pygeretmus pumilio,Pygeretmus pumilio,direct
Mammalia,Rattus andamanensis,Rattus andamanensis,direct
Mammalia,Rattus losea,Rattus losea,direct
Mammalia,Rattus nitidus,Rattus nitidus,direct
Mammalia,Rattus norvegicus,Rattus norvegicus,direct
Mammalia,Rattus pyctoris,Rattus pyctoris,direct
Mammalia,Rattus rattus,Rattus rattus,direct
Mammalia,Rattus tanezumi,Rattus tanezumi,direct
Mammalia,Ratufa bicolor,Ratufa bicolor,direct
Mammalia,Rhinoceros unicornis,Rhinoceros unicornis,direct
Mammalia,Rhinolophus affinis,Rhinolophus affinis,direct
Mammalia,Rhinolophus ferrumequinum,Rhinolophus ferrumequinum,direct
Mammalia,Rhinolophus formosae,Rhinolophus formosae,direct
Mammalia,Rhinolophus hipposideros,Rhinolophus hipposideros,direct
Mammalia,Rhinolophus huananus,Rhinolophus huananus,direct
Mammalia,Rhinolophus lepidus,Rhinolophus lepidus,direct
Mammalia,Rhinolophus luctus,Rhinolophus luctus,direct
Mammalia,Rhinolophus macrotis,Rhinolophus macrotis,direct
Mammalia,Rhinolophus malayanus,Rhinolophus malayanus,direct
Mammalia,Rhinolophus marshalli,Rhinolophus marshalli,direct
Mammalia,Rhinolophus microglobosus,,
Mammalia,Rhinolophus osgoodi,Rhinolophus osgoodi,direct
Mammalia,Rhinolophus paradoxolophus,Rhinolophus paradoxolophus,direct
Mammalia,Rhinolophus pearsonii,Rhinolophus pearsonii,direct
Mammalia,Rhinolophus pusillus,Rhinolophus pusillus,direct
Mammalia,Rhinolophus rex,Rhinolophus rex,direct
Mammalia,Rhinolophus schnitzleri,Rhinolophus schnitzleri,direct
Mammalia,Rhinolophus siamensis,Rhinolophus siamensis,direct
Mammalia,Rhinolophus sinicus,Rhinolophus sinicus,direct
Mammalia,Rhinolophus stheno,Rhinolophus stheno,direct
Mammalia,Rhinolophus subbadius,Rhinolophus subbadius,direct
Mammalia,Rhinolophus thomasi,Rhinolophus thomasi,direct
Mammalia,Rhinolophus trifoliatus,Rhinolophus trifoliatus,direct
Mammalia,Rhinolophus xinanzhongguoensis,Rhinolophus xinanzhongguoensis,direct
Mammalia,Rhinolophus yunanensis,Rhinolophus yunanensis,direct
Mammalia,Rhinopithecus avunculus,Rhinopithecus avunculus,direct
Mammalia,Rhinopithecus bieti,Rhinopithecus bieti,direct
Mammalia,Rhinopithecus brelichi,Rhinopithecus brelichi,direct
Mammalia,Rhinopithecus roxellana,Rhinopithecus roxellana,direct
Mammalia,Rhizomys pruinosus,Rhizomys pruinosus,direct
Mammalia,Rhizomys sinensis,Rhizomys sinensis,direct
Mammalia,Rhizomys sumatrensis,Rhizomys sumatrensis,direct
Mammalia,Rhombomys opimus,Rhombomys opimus,direct
Mammalia,Rousettus amplexicaudatus,Rousettus amplexicaudatus,direct
Mammalia,Rousettus leschenaultii,Rousettus leschenaultii,direct
Mammalia,Rucervus eldii,Rucervus eldii,direct
Mammalia,Rusa unicolor,Rusa unicolor,direct
Mammalia,Salpingotus crassicauda,Salpingotus crassicauda,direct
Mammalia,Salpingotus kozlovi,Salpingotus kozlovi,direct
Mammalia,Scapanulus oweni,Scapanulus oweni,direct
Mammalia,Scaptochirus moschatus,Scaptochirus moschatus,direct
Mammalia,Scaptonyx fusicaudus,Scaptonyx fusicaudus,direct
Mammalia,Scarturus elater,Allactaga elater,iucn_binomial
Mammalia,Sciurotamias davidianus,Sciurotamias davidianus,direct
Mammalia,Sciurotamias forresti,Sciurotamias forresti,direct
Mammalia,Sciurus vulgaris,Sciurus vulgaris,direct
Mammalia,Scotomanes ornatus,Scotomanes ornatus,direct
Mammalia,Scotophilus heathii,Scotophilus heathii,direct
Mammalia,Scotophilus kuhlii,Scotophilus kuhlii,direct
Mammalia,Selevinia betpakdalaensis,Selevinia betpakdalaensis,direct
Mammalia,Semnopithecus schistaceus,Semnopithecus schistaceus,direct
Mammalia,Sicista caudata,Sicista caudata,direct
Mammalia,Sicista concolor,Sicista concolor,direct
Mammalia,Sicista pseudonapaea,Sicista pseudonapaea,direct
Mammalia,Sicista subtilis,Sicista subtilis,direct
Mammalia,Sicista tianschanica,Sicista tianshanica,gbif_backbone
Mammalia,Sicista zhetysuica,,
Mammalia,Sorex araneus,Sorex araneus,direct
Mammalia,Sorex asper,Sorex asper,direct
Mammalia,Sorex bedfordiae,Sorex bedfordiae,direct
Mammalia,Sorex caecutiens,Sorex caecutiens,direct
Mammalia,Sorex cansulus,Sorex cansulus,direct
Mammalia,Sorex cylindricauda,Sorex cylindricauda,direct
Mammalia,Sorex daphaenodon,Sorex daphaenodon,direct
Mammalia,Sorex excelsus,Sorex excelsus,direct
Mammalia,Sorex gracillimus,Sorex gracillimus,direct
Mammalia,Sorex isodon,Sorex isodon,direct
Mammalia,Sorex kozlovi,Sorex kozlovi,direct
Mammalia,Sorex minutissimus,Sorex minutissimus,direct
Mammalia,Sorex minutus,Sorex minutus,direct
Mammalia,Sorex mirabilis,Sorex mirabilis,direct
Mammalia,Sorex planiceps,Sorex planiceps,direct
Mammalia,Sorex roboratus,Sorex roboratus,direct
Mammalia,Sorex sinalis,Sorex sinalis,direct
Mammalia,Sorex thibetanus,Sorex thibetanus,direct
Mammalia,Sorex tundrensis,Sorex tundrensis,direct
Mammalia,Sorex unguiculatus,Sorex unguiculatus,direct
Mammalia,Soriculus nigrescens,Soriculus nigrescens,direct
Mammalia,Spermophilus alashanicus,Spermophilus alashanicus,direct
Mammalia,Spermophilus brevicauda,Spermophilus brevicauda,direct
Mammalia,Spermophilus dauricus,Spermophilus dauricus,direct
Mammalia,Spermophilus erythrogenys,Spermophilus erythrogenys,direct
Mammalia,Spermophilus fulvus,Spermophilus fulvus,direct
Mammalia,Spermophilus pallidicauda,Spermophilus pallidicauda,direct
Mammalia,Spermophilus ralli,Spermophilus ralli,direct
Mammalia,Spermophilus relictus,Spermophilus relictus,direct
Mammalia,Sphaerias blanfordi,Sphaerias blanfordi,direct
Mammalia,Stenocranius gregalis,,
Mammalia,Stenocranius raddei,,
Mammalia,Stylodipus andrewsi,Stylodipus andrewsi,direct
Mammalia,Stylodipus sungorus,Stylodipus sungorus,direct
Mammalia,Stylodipus telum,Stylodipus telum,direct
Mammalia,Submyotodon latirostris,Submyotodon latirostris,direct
Mammalia,Suncus etruscus,Suncus etruscus,direct
Mammalia,Suncus murinus,Suncus murinus,direct
Mammalia,Suncus stoliczkanus,Suncus stoliczkanus,direct
Mammalia,Sus scrofa,Sus scrofa,direct
Mammalia,Tadarida latouchei,Tadarida latouchei,direct
Mammalia,Tadarida teniotis,Tadarida teniotis,direct
Mammalia,Tamiops maritimus,Tamiops maritimus,direct
Mammalia,Tamiops mcclellandii,Tamiops macclellandii,iucn_binomial
Mammalia,Tamiops swinhoei,Tamiops swinhoei,direct
Mammalia,Taphozous melanopogon,Taphozous melanopogon,direct
Mammalia,Taphozous theobaldi,Taphozous theobaldi,direct
Mammalia,Thainycteris aureocollaris,Arielulus aureocollaris,iucn_binomial
Mammalia,Tokudaia tokunoshimensis,Tokudaia tokunoshimensis,direct
Mammalia,Trachypithecus crepusculus,,
Mammalia,Trachypithecus francoisi,Trachypithecus francoisi,direct
Mammalia,Trachypithecus leucocephalus,,
Mammalia,Trachypithecus phayrei,Trachypithecus phayrei,direct
Mammalia,Trachypithecus pileatus,Trachypithecus pileatus,direct
Mammalia,Trachypithecus shortridgei,Trachypithecus shortridgei,direct
Mammalia,Tragulus kanchil,Tragulus kanchil,direct
Mammalia,Trogopterus xanthipes,Trogopterus xanthipes,direct
Mammalia,Tscherskia triton,Tscherskia triton,direct
Mammalia,Tupaia belangeri,Tupaia belangeri,direct
Mammalia,Tylonycteris pachypus,Tylonycteris pachypus,direct
Mammalia,Tylonycteris pygmaeus,Tylonycteris pygmaeus,direct
Mammalia,Tylonycteris robustula,Tylonycteris robustula,direct
Mammalia,Typhlomys cinereus,Typhlomys cinereus,direct
Mammalia,Urocitellus undulatus,Urocitellus undulatus,direct
Mammalia,Urocricetus alticola,Cricetulus alticola,iucn_binomial
Mammalia,Urocricetus kamensis,Cricetulus kamensis,iucn_binomial
Mammalia,Uropsilus andersoni,Uropsilus andersoni,direct
Mammalia,Uropsilus gracilis,Uropsilus gracilis,direct
Mammalia,Uropsilus investigator,Uropsilus investigator,direct
Mammalia,Uropsilus soricipes,Uropsilus soricipes,direct
Mammalia,Ursus arctos,Ursus arctos,direct
Mammalia,Ursus thibetanus,Ursus thibetanus,direct
Mammalia,Urva auropunctata,Herpestes javanicus,gbif_backbone
Mammalia,Urva javanica,Herpestes javanicus,gbif_backbone
Mammalia,Urva urva,Herpestes urva,gbif_backbone
Mammalia,Vandeleuria oleracea,Vandeleuria oleracea,direct
Mammalia,Vernaya fulva,Vernaya fulva,direct
Mammalia,Vespertilio murinus,Vespertilio murinus,direct
Mammalia,Vespertilio sinensis,Vespertilio sinensis,direct
Mammalia,Viverra zibetha,Viverra zibetha,direct
Mammalia,Viverricula indica,Viverricula indica,direct
Mammalia,Volemys millicens,Volemys millicens,direct
Mammalia,Volemys musseri,Volemys musseri,direct
Mammalia,Vormela peregusna,Vormela peregusna,direct
Mammalia,Vulpes corsac,Vulpes corsac,direct
Mammalia,Vulpes ferrilata,Vulpes ferrilata,direct
Mammalia,Vulpes vulpes,Vulpes vulpes,direct
Mammalia,Xanthonycticebus intermedius,,
Reptilia,Ablepharus alaicus,Asymblepharus alaicus,gbif_backbone
Reptilia,Ablepharus deserti,Ablepharus deserti,direct
Reptilia,Ablepharus himalayanus,Asymblepharus himalayanus,gbif_backbone
Reptilia,Ablepharus ladacensis,,
Reptilia,Ablepharus sikimmensis,Asymblepharus sikimmensis,gbif_backbone
Reptilia,Acanthosaura lepidogaster,Acanthosaura lepidogaster,direct
Reptilia,Achalinus ater,Achalinus ater,direct
Reptilia,Achalinus dehuaensis,,
Reptilia,Achalinus formosanus,Achalinus formosanus,direct
Reptilia,Achalinus hainanus,Achalinus hainanus,direct
Reptilia,Achalinus huangjietangi,,
Reptilia,Achalinus jinggangensis,Achalinus jinggangensis,direct
Reptilia,Achalinus meiguensis,Achalinus meiguensis,direct
Reptilia,Achalinus niger,Achalinus niger,direct
Reptilia,Achalinus rufescens,Achalinus rufescens,direct
Reptilia,Achalinus spinalis,Achalinus spinalis,direct
Reptilia,Achalinus werneri,Achalinus werneri,direct
Reptilia,Achalinus yangdatongi,,
Reptilia,Achalinus yunkaiensis,,
Reptilia,Ahaetulla fronticincta,Ahaetulla fronticincta,direct
Reptilia,Ahaetulla nasuta,Ahaetulla nasuta,direct
Reptilia,Ahaetulla prasina,Ahaetulla prasina,direct
Reptilia,Alsophylax pipiens,Alsophylax pipiens,direct
Reptilia,Alsophylax przewalskii,Alsophylax przewalskii,direct
Reptilia,Amphiesma stolatum,Amphiesma stolatum,direct
Reptilia,Amphiesmoides ornaticeps,Amphiesmoides ornaticeps,direct
Reptilia,Archelaphe bella,Archelaphe bella,direct
Reptilia,Argyrophis diardii,Argyrophis diardii,direct
Reptilia,Argyrophis koshunensis,Argyrophis koshunensis,direct
Reptilia,Ateuchosaurus chinensis,Ateuchosaurus chinensis,direct
Reptilia,Ateuchosaurus pellopleurus,Ateuchosaurus pellopleurus,direct
Reptilia,Azemiops feae,Azemiops feae,direct
Reptilia,Blythia reticulata,Blythia reticulata,direct
Reptilia,Boiga cyanea,Boiga cyanea,direct
Reptilia,Boiga gocool,,
Reptilia,Boiga guangxiensis,Boiga guangxiensis,direct
Reptilia,Boiga kraepelini,Boiga kraepelini,direct
Reptilia,Boiga multifasciata,Boiga multifasciata,direct
Reptilia,Boiga multomaculata,Boiga multomaculata,direct
Reptilia,Boiga ochracea,Boiga ochracea,direct
Reptilia,Boiga quincunciata,Boiga quincunciata,direct
Reptilia,Boiga siamensis,Boiga siamensis,direct
Reptilia,Boiga trigonata,Boiga trigonata,direct
Reptilia,Bungarus bungaroides,Bungarus bungaroides,direct
Reptilia,Bungarus caeruleus,Bungarus caeruleus,direct
Reptilia,Bungarus fasciatus,Bungarus fasciatus,direct
Reptilia,Bungarus lividus,Bungarus lividus,direct
Reptilia,Bungarus magnimaculatus,Bungarus magnimaculatus,direct
Reptilia,Bungarus multicinctus,Bungarus multicinctus,direct
Reptilia,Bungarus niger,Bungarus niger,direct
Reptilia,Bungarus wanghaotingi,Bungarus multicinctus,gbif_backbone
Reptilia,Calamaria pavimentata,Calamaria pavimentata,direct
Reptilia,Calamaria septentrionalis,Calamaria septentrionalis,direct
Reptilia,Calamaria yunnanensis,Calamaria yunnanensis,direct
Reptilia,Calotes emma,Calotes emma,direct
Reptilia,Calotes jerdoni,Calotes jerdoni,direct
Reptilia,Calotes medogensis,Calotes medogensis,direct
Reptilia,Calotes mystaceus,Calotes mystaceus,direct
Reptilia,Calotes versicolor,Calotes versicolor,direct
Reptilia,Caretta caretta,Caretta caretta,direct
Reptilia,Chelonia mydas,Chelonia mydas,direct
Reptilia,Chrysopelea ornata,Chrysopelea ornata,direct
Reptilia,Coelognathus helena,Coelognathus helena,direct
Reptilia,Coelognathus radiatus,Coelognathus radiatus,direct
Reptilia,Crocodylus palustris,Crocodylus palustris,direct
Reptilia,Cuora amboinensis,Cuora amboinensis,direct
Reptilia,Cuora galbinifrons,Cuora galbinifrons,direct
Reptilia,Cuora mouhotii,Cuora mouhotii,direct
Reptilia,Cuora trifasciata,Cuora trifasciata,direct
Reptilia,Cyclemys gemeli,Cyclemys gemeli,direct
Reptilia,Cylindrophis ruffus,Cylindrophis ruffus,direct
Reptilia,Cyrtodactylus cayuensis,,
Reptilia,Cyrtodactylus medogensis,Cyrtopodion medogense,iucn_binomial
Reptilia,Cyrtodactylus tibetanus,Cyrtodactylus tibetanus,direct
Reptilia,Cyrtodactylus wayakonei,Cyrtodactylus wayakonei,direct
Reptilia,Cyrtodactylus zhaoermii,Cyrtodactylus zhaoermii,direct
Reptilia,Daboia russelii,Daboia russelii,direct
Reptilia,Daboia siamensis,Daboia siamensis,direct
Reptilia,Deinagkistrodon acutus,Deinagkistrodon acutus,direct
Reptilia,Dendrelaphis biloreatus,Dendrelaphis biloreatus,direct
Reptilia,Dendrelaphis cyanochloris,Dendrelaphis cyanochloris,direct
Reptilia,Dendrelaphis ngansonensis,Dendrelaphis ngansonensis,direct
Reptilia,Dendrelaphis pictus,Dendrelaphis pictus,direct
Reptilia,Dendrelaphis subocularis,Dendrelaphis subocularis,direct
Reptilia,Dendrelaphis vogeli,,
Reptilia,Dermochelys coriacea,Dermochelys coriacea,direct
Reptilia,Dibamus bourreti,Dibamus bourreti,direct
Reptilia,Diploderma batangense,Japalura batangensis,iucn_binomial
Reptilia,Diploderma brevicauda,,
Reptilia,Diploderma brevipes,Japalura brevipes,iucn_binomial
Reptilia,Diploderma dymondi,Japalura dymondi,iucn_binomial
Reptilia,Diploderma fasciatum,Japalura fasciata,iucn_binomial
Reptilia,Diploderma flaviceps,Japalura flaviceps,iucn_binomial
Reptilia,Diploderma grahami,Japalura grahami,iucn_binomial
Reptilia,Diploderma iadinum,,
Reptilia,Diploderma laeviventre,,
Reptilia,Diploderma luei,Japalura luei,iucn_binomial
Reptilia,Diploderma makii,Japalura makii,iucn_binomial
Reptilia,Diploderma micangshanensis,Japalura micangshanensis,iucn_binomial
Reptilia,Diploderma polygonatum,Japalura polygonata,iucn_binomial
Reptilia,Diploderma slowinskii,,
Reptilia,Diploderma splendidum,Japalura splendida,iucn_binomial
Reptilia,Diploderma swinhonis,Japalura swinhonis,iucn_binomial
Reptilia,Diploderma varcoae,Japalura varcoae,iucn_binomial
Reptilia,Diploderma vela,,
Reptilia,Diploderma yulongense,Japalura yulongensis,iucn_binomial
Reptilia,Diploderma yunnanense,,
Reptilia,Diploderma zhaoermii,Japalura zhaoermii,iucn_binomial
Reptilia,Dopasia gracilis,Dopasia gracilis,direct
Reptilia,Dopasia hainanensis,Dopasia hainanensis,direct
Reptilia,Dopasia harti,Dopasia harti,direct
Reptilia,Dopasia ludovici,Dopasia ludovici,direct
Reptilia,Draco blanfordii,Draco blanfordii,direct
Reptilia,Draco maculatus,Draco maculatus,direct
Reptilia,Echis carinatus,Echis carinatus,direct
Reptilia,Elaphe anomala,Elaphe anomala,direct
Reptilia,Elaphe bimaculata,Elaphe bimaculata,direct
Reptilia,Elaphe cantoris,Orthriophis cantoris,iucn_binomial
Reptilia,Elaphe carinata,Elaphe carinata,direct
Reptilia,Elaphe davidi,Elaphe davidi,direct
Reptilia,Elaphe dione,Elaphe dione,direct
Reptilia,Elaphe moellendorffi,Orthriophis moellendorffi,iucn_binomial
Reptilia,Elaphe schrenckii,Elaphe schrenckii,direct
Reptilia,Elaphe taeniura,Orthriophis taeniurus,iucn_binomial
Reptilia,Elaphe zoigeensis,Elaphe zoigeensis,direct
Reptilia,Emoia atrocostata,Emoia atrocostata,direct
Reptilia,Eremias argus,Eremias argus,direct
Reptilia,Eremias arguta,Eremias arguta,direct
Reptilia,Eremias brenchleyi,Eremias brenchleyi,direct
Reptilia,Eremias buechneri,Eremias buechneri,direct
Reptilia,Eremias grammica,Eremias grammica,direct
Reptilia,Eremias kokshaaliensis,Eremias kokshaaliensis,direct
Reptilia,Eremias lineolata,Eremias lineolata,direct
Reptilia,Eremias multiocellata,Eremias multiocellata,direct
Reptilia,Eremias przewalskii,Eremias przewalskii,direct
Reptilia,Eremias quadrifrons,Eremias quadrifrons,direct
Reptilia,Eremias scripta,Eremias scripta,direct
Reptilia,Eremias stummeri,Eremias stummeri,direct
Reptilia,Eremias velox,Eremias velox,direct
Reptilia,Eremias vermiculata,Eremias vermiculata,direct
Reptilia,Eremias yarkandensis,Eremias yarkandensis,direct
Reptilia,Eretmochelys imbricata,Eretmochelys imbricata,direct
Reptilia,Eryx tataricus,Eryx tataricus,direct
Reptilia,Euprepiophis mandarinus,Euprepiophis mandarinus,direct
Reptilia,Euprepiophis perlacea,Euprepiophis perlacea,direct
Reptilia,Eutropis dissimilis,Eutropis dissimilis,direct
Reptilia,Eutropis longicaudata,Eutropis longicaudata,direct
Reptilia,Eutropis macularia,Eutropis macularia,direct
Reptilia,Eutropis multifasciata,Eutropis multifasciata,direct
Reptilia,Fowlea flavipunctata,Xenochrophis flavipunctatus,gbif_backbone
Reptilia,Fowlea piscator,,
Reptilia,Fowlea sanctijohannis,Xenochrophis sanctijohannis,iucn_binomial
Reptilia,Fowlea yunnanensis,Atretium yunnanensis,iucn_binomial
Reptilia,Gavialis gangeticus,Gavialis gangeticus,direct
Reptilia,Gehyra mutilata,Gehyra mutilata,direct
Reptilia,Gekko auriverrucosus,Gekko auriverrucosus,direct
Reptilia,Gekko chinensis,Gekko chinensis,direct
Reptilia,Gekko gecko,Gekko gecko,direct
Reptilia,Gekko hokouensis,Gekko hokouensis,direct
Reptilia,Gekko japonicus,Gekko japonicus,direct
Reptilia,Gekko kwangsiensis,,
Reptilia,Gekko liboensis,,
Reptilia,Gekko melli,Gekko melli,direct
Reptilia,Gekko palmatus,Gekko palmatus,direct
Reptilia,Gekko reevesii,Gekko reevesii,direct
Reptilia,Gekko scabridus,Gekko scabridus,direct
Reptilia,Gekko similignum,Gekko similignum,direct
Reptilia,Gekko subpalmatus,Gekko subpalmatus,direct
Reptilia,Gekko swinhonis,Gekko swinhonis,direct
Reptilia,Gekko taibaiensis,Gekko taibaiensis,direct
Reptilia,Gekko vertebralis,Gekko vertebralis,direct
Reptilia,Gekko wenxianensis,Gekko wenxianensis,direct
Reptilia,Geoclemys hamiltonii,Geoclemys hamiltonii,direct
Reptilia,Geoemyda spengleri,Geoemyda spengleri,direct
Reptilia,Gloydius brevicauda,Gloydius brevicaudus,iucn_binomial
Reptilia,Gloydius halys,Gloydius halys,direct
Reptilia,Gloydius himalayanus,Gloydius himalayanus,direct
Reptilia,Gloydius intermedius,Gloydius intermedius,direct
Reptilia,Gloydius monticola,Gloydius monticola,direct
Reptilia,Gloydius strauchi,Gloydius strauchi,direct
Reptilia,Gloydius ussuriensis,Gloydius ussuriensis,direct
Reptilia,Gongylosoma frenata,,
Reptilia,Goniurosaurus araneus,Goniurosaurus araneus,direct
Reptilia,Goniurosaurus bawanglingensis,Goniurosaurus bawanglingensis,direct
Reptilia,Goniurosaurus hainanensis,Goniurosaurus hainanensis,direct
Reptilia,Goniurosaurus liboensis,Goniurosaurus liboensis,direct
Reptilia,Goniurosaurus luii,Goniurosaurus luii,direct
Reptilia,Goniurosaurus splendens,Goniurosaurus splendens,direct
Reptilia,Goniurosaurus zhelongi,Goniurosaurus zhelongi,direct
Reptilia,Goniurosaurus zhoui,,
Reptilia,Gonyosoma boulengeri,Gonyosoma boulengeri,direct
Reptilia,Gonyosoma frenatum,Gonyosoma frenatus,iucn_binomial
Reptilia,Gonyosoma hainanense,,
Reptilia,Gonyosoma prasinum,Gonyosoma prasinus,iucn_binomial
Reptilia,Hardella thurjii,Hardella thurjii,direct
Reptilia,Hebius atemporalis,Hebius atemporale,iucn_binomial
Reptilia,Hebius bitaeniatus,Hebius bitaeniatum,iucn_binomial
Reptilia,Hebius boulengeri,Hebius boulengeri,direct
Reptilia,Hebius clerki,,
Reptilia,Hebius craspedogaster,Hebius craspedogaster,direct
Reptilia,Hebius johannis,Hebius johannis,direct
Reptilia,Hebius khasiensis,Hebius khasiense,iucn_binomial
Reptilia,Hebius metusia,Hebius metusium,iucn_binomial
Reptilia,Hebius miyajimae,Hebius miyajimae,direct
Reptilia,Hebius modestus,Hebius modestum,iucn_binomial
Reptilia,Hebius octolineatus,Hebius octolineatum,iucn_binomial
Reptilia,Hebius optatus,Hebius optatum,iucn_binomial
Reptilia,Hebius parallelus,Hebius parallelum,iucn_binomial
Reptilia,Hebius popei,Hebius popei,direct
Reptilia,Hebius pryeri,Hebius pryeri,direct
Reptilia,Hebius sangzhiensis,,
Reptilia,Hebius sauteri,Hebius sauteri,direct
Reptilia,Hebius septemlineatus,,
Reptilia,Hebius venningi,Hebius venningi,direct
Reptilia,Hebius vibakari,Hebius vibakari,direct
Reptilia,Hebius weixiensis,,
Reptilia,Hebius yanbianensis,,
Reptilia,Hemidactylus aquilonius,Hemidactylus aquilonius,direct
Reptilia,Hemidactylus bowringii,Hemidactylus bowringii,direct
Reptilia,Hemidactylus brookii,Hemidactylus brookii,direct
Reptilia,Hemidactylus frenatus,Hemidactylus frenatus,direct
Reptilia,Hemidactylus garnotii,Hemidactylus garnotii,direct
Reptilia,Hemidactylus platyurus,Hemidactylus platyurus,direct
Reptilia,Hemidactylus stejnegeri,Hemidactylus stejnegeri,direct
Reptilia,Hemidactylus vietnamensis,Hemidactylus vietnamensis,direct
Reptilia,Hemiphyllodactylus changningensis,,
Reptilia,Hemiphyllodactylus typus,Hemiphyllodactylus typus,direct
Reptilia,Hemiphyllodactylus yunnanensis,Hemiphyllodactylus yunnanensis,direct
Reptilia,Hemiphyllodactylus zugi,Hemiphyllodactylus zugi,direct
Reptilia,Herpetoreas platyceps,Herpetoreas platyceps,direct
Reptilia,Herpetoreas sieboldii,Herpetoreas sieboldii,direct
Reptilia,Herpetoreas xenura,Hebius xenura,iucn_binomial
Reptilia,Hypsiscopus plumbea,Hypsiscopus plumbea,direct
Reptilia,Indotestudo elongata,Indotestudo elongata,direct
Reptilia,Indotyphlops braminus,Indotyphlops braminus,direct
Reptilia,Indotyphlops jerdoni,Indotyphlops jerdoni,direct
Reptilia,Indotyphlops porrectus,Indotyphlops porrectus,direct
Reptilia,Japalura andersoniana,Japalura andersoniana,direct
Reptilia,Japalura austeniana,Pseudocalotes austeniana,iucn_binomial
Reptilia,Japalura major,Japalura major,direct
Reptilia,Japalura sagittifera,Japalura sagittifera,direct
Reptilia,Japalura tricarinata,Japalura tricarinata,direct
Reptilia,Japalura variegata,Japalura variegata,direct
Reptilia,Lacerta agilis,Lacerta agilis,direct
Reptilia,Lamprolepis smaragdina,Lamprolepis smaragdina,direct
Reptilia,Laticauda colubrina,Laticauda colubrina,direct
Reptilia,Laticauda laticaudata,Laticauda laticaudata,direct
Reptilia,Laticauda semifasciata,Laticauda semifasciata,direct
Reptilia,Laudakia papenfussi,Laudakia papenfussi,direct
Reptilia,Laudakia sacra,Laudakia sacra,direct
Reptilia,Laudakia tuberculata,Laudakia tuberculata,direct
Reptilia,Laudakia wui,Laudakia wui,direct
Reptilia,Leiolepis reevesii,Leiolepis reevesii,direct
Reptilia,Lepidochelys olivacea,Lepidochelys olivacea,direct
Reptilia,Lepidodactylus lugubris,Lepidodactylus lugubris,direct
Reptilia,Lissemys punctata,Lissemys punctata,direct
Reptilia,Lycodon aulicus,Lycodon aulicus,direct
Reptilia,Lycodon capucinus,Lycodon capucinus,direct
Reptilia,Lycodon cathaya,,
Reptilia,Lycodon davisonii,Dryocalamus davisonii,iucn_binomial
Reptilia,Lycodon fasciatus,Lycodon fasciatus,direct
Reptilia,Lycodon flavozonatus,Lycodon flavozonatus,direct
Reptilia,Lycodon futsingensis,Lycodon futsingensis,direct
Reptilia,Lycodon gammiei,Lycodon gammiei,direct
Reptilia,Lycodon gongshan,Lycodon gongshan,direct
Reptilia,Lycodon laoensis,Lycodon laoensis,direct
Reptilia,Lycodon liuchengchaoi,Lycodon liuchengchaoi,direct
Reptilia,Lycodon meridionalis,,
Reptilia,Lycodon multizonatus,Lycodon multizonatus,direct
Reptilia,Lycodon pictus,,
Reptilia,Lycodon rosozonatus,Lycodon rosozonatus,direct
Reptilia,Lycodon rufozonatus,Lycodon rufozonatus,direct
Reptilia,Lycodon ruhstrati,Lycodon ruhstrati,direct
Reptilia,Lycodon semicarinatus,Lycodon semicarinatus,direct
Reptilia,Lycodon septentrionalis,Lycodon septentrionalis,direct
Reptilia,Lycodon serratus,,
Reptilia,Lycodon subcinctus,Lycodon subcinctus,direct
Reptilia,Lycodon synaptor,Lycodon synaptor,direct
Reptilia,Lygosoma siamense,,
Reptilia,Manouria impressa,Manouria impressa,direct
Reptilia,Mauremys mutica,Mauremys mutica,direct
Reptilia,Mauremys sinensis,Mauremys sinensis,direct
Reptilia,Mediodactylus russowii,Mediodactylus russowii,direct
Reptilia,Melanochelys tricarinata,Melanochelys tricarinata,direct
Reptilia,Melanochelys trijuga,Melanochelys trijuga,direct
Reptilia,Morenia petersi,Morenia petersi,direct
Reptilia,Myrrophis bennettii,Myrrophis bennettii,direct
Reptilia,Myrrophis chinensis,Myrrophis chinensis,direct
Reptilia,Naja atra,Naja atra,direct
Reptilia,Naja kaouthia,Naja kaouthia,direct
Reptilia,Naja naja,Naja naja,direct
Reptilia,Natrix natrix,Natrix natrix,direct
Reptilia,Natrix tessellata,Natrix tessellata,direct
Reptilia,Nilssonia gangetica,Nilssonia gangetica,direct
Reptilia,Nilssonia hurum,Nilssonia hurum,direct
Reptilia,Nilssonia nigricans,Nilssonia nigricans,direct
Reptilia,Oligodon albocinctus,Oligodon albocinctus,direct
Reptilia,Oligodon arnensis,Oligodon arnensis,direct
Reptilia,Oligodon catenatus,Oligodon catenatus,direct
Reptilia,Oligodon chinensis,Oligodon chinensis,direct
Reptilia,Oligodon cinereus,Oligodon cinereus,direct
Reptilia,Oligodon cyclurus,Oligodon cyclurus,direct
Reptilia,Oligodon dorsalis,Oligodon dorsalis,direct
Reptilia,Oligodon eberhardti,Oligodon eberhardti,direct
Reptilia,Oligodon erythrogaster,Oligodon erythrogaster,direct
Reptilia,Oligodon erythrorhachis,Oligodon erythrorhachis,direct
Reptilia,Oligodon fasciolatus,Oligodon fasciolatus,direct
Reptilia,Oligodon formosanus,Oligodon formosanus,direct
Reptilia,Oligodon lacroixi,Oligodon lacroixi,direct
Reptilia,Oligodon lipipengi,,
Reptilia,Oligodon lungshenensis,Oligodon lungshenensis,direct
Reptilia,Oligodon ornatus,Oligodon ornatus,direct
Reptilia,Oligodon taeniolatus,Oligodon taeniolatus,direct
Reptilia,Oocatochus rufodorsatus,Oocatochus rufodorsatus,direct
Reptilia,Ophiophagus hannah,Ophiophagus hannah,direct
Reptilia,Opisthotropis andersonii,Opisthotropis andersonii,direct
Reptilia,Opisthotropis cheni,Opisthotropis cheni,direct
Reptilia,Opisthotropis guangxiensis,Opisthotropis guangxiensis,direct
Reptilia,Opisthotropis hungtai,,
Reptilia,Opisthotropis jacobi,Opisthotropis jacobi,direct
Reptilia,Opisthotropis kuatunensis,Opisthotropis kuatunensis,direct
Reptilia,Opisthotropis lateralis,Opisthotropis lateralis,direct
Reptilia,Opisthotropis latouchii,Opisthotropis latouchii,direct
Reptilia,Opisthotropis maculosa,Opisthotropis maculosa,direct
Reptilia,Opisthotropis maxwelli,Opisthotropis maxwelli,direct
Reptilia,Opisthotropis shenzhenensis,,
Reptilia,Opisthotropis zhaoermii,,
Reptilia,Oreocryptophis porphyraceus,Oreocryptophis porphyraceus,direct
Reptilia,Orientocoluber spinalis,Orientocoluber spinalis,direct
Reptilia,Ovophis makazayazaya,Ovophis makazayazaya,direct
Reptilia,Ovophis monticola,Ovophis monticola,direct
Reptilia,Ovophis okinavensis,Ovophis okinavensis,direct
Reptilia,Ovophis tonkinensis,Ovophis tonkinensis,direct
Reptilia,Ovophis zayuensis,Ovophis zayuensis,direct
Reptilia,Palea steindachneri,Palea steindachneri,direct
Reptilia,Pangshura smithii,Pangshura smithii,direct
Reptilia,Pangshura sylhetensis,Pangshura sylhetensis,direct
Reptilia,Pangshura tecta,Pangshura tecta,direct
Reptilia,Pangshura tentoria,Pangshura tentoria,direct
Reptilia,Paralaudakia himalayana,Paralaudakia himalayana,direct
Reptilia,Paralaudakia stoliczkana,Paralaudakia stoliczkana,direct
Reptilia,Pareas boulengeri,Pareas boulengeri,direct
Reptilia,Pareas carinatus,Pareas carinatus,direct
Reptilia,Pareas chinensis,Pareas chinensis,direct
Reptilia,Pareas formosensis,Pareas formosensis,direct
Reptilia,Pareas hamptoni,Pareas hamptoni,direct
Reptilia,Pareas margaritophorus,Pareas margaritophorus,direct
Reptilia,Pareas monticola,Pareas monticola,direct
Reptilia,Pareas niger,,
Reptilia,Pareas nigriceps,Pareas nigriceps,direct
Reptilia,Pareas stanleyi,Pareas stanleyi,direct
Reptilia,Pelochelys cantorii,Pelochelys cantorii,direct
Reptilia,Phrynocephalus alpherakii,Phrynocephalus guttatus,gbif_backbone
Reptilia,Phrynocephalus axillaris,Phrynocephalus axillaris,direct
Reptilia,Phrynocephalus erythrurus,Phrynocephalus erythrurus,direct
Reptilia,Phrynocephalus forsythii,Phrynocephalus forsythii,direct
Reptilia,Phrynocephalus frontalis,,
Reptilia,Phrynocephalus guttatus,Phrynocephalus guttatus,direct
Reptilia,Phrynocephalus helioscopus,Phrynocephalus helioscopus,direct
Reptilia,Phrynocephalus kuschakewitschi,Phrynocephalus guttatus,gbif_backbone
Reptilia,Phrynocephalus melanurus,Phrynocephalus guttatus,gbif_backbone
Reptilia,Phrynocephalus mystaceus,Phrynocephalus mystaceus,direct
Reptilia,Phrynocephalus przewalskii,Phrynocephalus przewalskii,direct
Reptilia,Phrynocephalus putjatai,Phrynocephalus putjatai,direct
Reptilia,Phrynocephalus theobaldi,Phrynocephalus theobaldi,direct
Reptilia,Phrynocephalus versicolor,Phrynocephalus versicolor,direct
Reptilia,Phrynocephalus vlangalii,Phrynocephalus vlangalii,direct
Reptilia,Physignathus cocincinus,Physignathus cocincinus,direct
Reptilia,Plagiopholis blakewayi,Plagiopholis blakewayi,direct
Reptilia,Plagiopholis nuchalis,Plagiopholis nuchalis,direct
Reptilia,Plagiopholis styani,Plagiopholis styani,direct
Reptilia,Platysternon megacephalum,Platysternon megacephalum,direct
Reptilia,Plestiodon barbouri,Plestiodon barbouri,direct
Reptilia,Plestiodon capito,Plestiodon capito,direct
Reptilia,Plestiodon chinensis,Plestiodon chinensis,direct
Reptilia,Plestiodon elegans,Plestiodon elegans,direct
Reptilia,Plestiodon leucostictus,,
Reptilia,Plestiodon liui,Plestiodon liui,direct
Reptilia,Plestiodon marginatus,Plestiodon marginatus,direct
Reptilia,Plestiodon oshimensis,Plestiodon oshimensis,direct
Reptilia,Plestiodon popei,Plestiodon popei,direct
Reptilia,Plestiodon quadrilineatus,Plestiodon quadrilineatus,direct
Reptilia,Plestiodon tamdaoensis,Plestiodon tamdaoensis,direct
Reptilia,Plestiodon tunganus,Plestiodon tunganus,direct
Reptilia,Protobothrops cornutus,Protobothrops cornutus,direct
Reptilia,Protobothrops flavoviridis,Protobothrops flavoviridis,direct
Reptilia,Protobothrops himalayanus,Protobothrops himalayanus,direct
Reptilia,Protobothrops jerdonii,Protobothrops jerdonii,direct
Reptilia,Protobothrops kaulbacki,Protobothrops kaulbacki,direct
Reptilia,Protobothrops mangshanensis,Protobothrops mangshanensis,direct
Reptilia,Protobothrops maolanensis,Protobothrops maolanensis,direct
Reptilia,Protobothrops mucrosquamatus,Protobothrops mucrosquamatus,direct
Reptilia,Protobothrops trungkhanhensis,Protobothrops trungkhanhensis,direct
Reptilia,Protobothrops xiangchengensis,Protobothrops xiangchengensis,direct
Reptilia,Psammodynastes pulverulentus,Psammodynastes pulverulentus,direct
Reptilia,Psammophis lineolatus,Psammophis lineolatus,direct
Reptilia,Psammophis turpanensis,,
Reptilia,Pseudagkistrodon rudis,Macropisthodon rudis,iucn_binomial
Reptilia,Pseudocalotes brevipes,Pseudocalotes brevipes,direct
Reptilia,Pseudocalotes kakhienensis,Pseudocalotes kakhienensis,direct
Reptilia,Pseudocalotes kingdonwardi,Pseudocalotes kingdonwardi,direct
Reptilia,Pseudocalotes microlepis,Pseudocalotes microlepis,direct
Reptilia,Pseudoxenodon bambusicola,Pseudoxenodon bambusicola,direct
Reptilia,Pseudoxenodon karlschmidti,Pseudoxenodon karlschmidti,direct
Reptilia,Pseudoxenodon macrops,Pseudoxenodon macrops,direct
Reptilia,Pseudoxenodon stejnegeri,Pseudoxenodon stejnegeri,direct
Reptilia,Ptyas dhumnades,Ptyas dhumnades,direct
Reptilia,Ptyas doriae,Cyclophiops doriae,iucn_binomial
Reptilia,Ptyas korros,Ptyas korros,direct
Reptilia,Ptyas major,Cyclophiops major,iucn_binomial
Reptilia,Ptyas mucosa,Ptyas mucosa,direct
Reptilia,Ptyas multicinctus,Cyclophiops multicinctus,iucn_binomial
Reptilia,Ptyas nigromarginata,Ptyas nigromarginata,direct
Reptilia,Ptyas semicarinatus,Cyclophiops semicarinatus,iucn_binomial
Reptilia,Ptyctolaemus gularis,Ptyctolaemus gularis,direct
Reptilia,Python bivittatus,Python bivittatus,direct
Reptilia,Rhabdophis adleri,Rhabdophis adleri,direct
Reptilia,Rhabdophis callichroma,Rhabdophis callichroma,direct
Reptilia,Rhabdophis chiwen,,
Reptilia,Rhabdophis chrysargos,Rhabdophis chrysargos,direct
Reptilia,Rhabdophis confusus,,
Reptilia,Rhabdophis guangdongensis,Rhabdophis guangdongensis,direct
Reptilia,Rhabdophis himalayanus,Rhabdophis himalayanus,direct
Reptilia,Rhabdophis leonardi,Rhabdophis leonardi,direct
Reptilia,Rhabdophis nigrocinctus,Rhabdophis nigrocinctus,direct
Reptilia,Rhabdophis nuchalis,Rhabdophis nuchalis,direct
Reptilia,Rhabdophis pentasupralabialis,,
Reptilia,Rhabdophis plumbicolor,Macropisthodon plumbicolor,iucn_binomial
Reptilia,Rhabdophis subminiatus,Rhabdophis subminiatus,direct
Reptilia,Rhabdophis swinhonis,Rhabdophis swinhonis,direct
Reptilia,Rhabdophis tigrinus,Rhabdophis tigrinus,direct
Reptilia,Riopa albopunctata,,
Reptilia,Riopa punctata,,
Reptilia,Sacalia quadriocellata,Sacalia quadriocellata,direct
Reptilia,Scincella barbouri,Scincella barbouri,direct
Reptilia,Scincella doriae,Scincella doriae,direct
Reptilia,Scincella formosensis,Scincella formosensis,direct
Reptilia,Scincella huanrenensis,Scincella huanrenensis,direct
Reptilia,Scincella modesta,Scincella modesta,direct
Reptilia,Scincella monticola,Scincella monticola,direct
Reptilia,Scincella ochracea,Scincella ochracea,direct
Reptilia,Scincella potanini,Scincella potanini,direct
Reptilia,Scincella przewalskii,Scincella przewalskii,direct
Reptilia,Scincella reevesii,Scincella reevesii,direct
Reptilia,Scincella schmidti,Scincella schmidti,direct
Reptilia,Scincella tsinlingensis,Scincella tsinlingensis,direct
Reptilia,Shinisaurus crocodilurus,Shinisaurus crocodilurus,direct
Reptilia,Sibynophis chinensis,Sibynophis chinensis,direct
Reptilia,Sibynophis collaris,Sibynophis collaris,direct
Reptilia,Sinomicrurus japonicus,Sinomicrurus japonicus,direct
Reptilia,Sinomicrurus kelloggi,Sinomicrurus kelloggi,direct
Reptilia,Sinomicrurus macclellandi,Sinomicrurus macclellandi,direct
Reptilia,Sinomicrurus sauteri,Sinomicrurus sauteri,direct
Reptilia,Smithophis bicolor,Rhabdops bicolor,iucn_binomial
Reptilia,Sphenomorphus courcyanus,Sphenomorphus courcyanum,iucn_binomial
Reptilia,Sphenomorphus cryptotis,Sphenomorphus cryptotis,direct
Reptilia,Sphenomorphus incognitus,Sphenomorphus incognitus,direct
Reptilia,Sphenomorphus indicus,Sphenomorphus indicus,direct
Reptilia,Sphenomorphus maculatus,Sphenomorphus maculatus,direct
Reptilia,Sphenomorphus taiwanensis,Sphenomorphus taiwanensis,direct
Reptilia,Sphenomorphus tonkinensis,Sphenomorphus tonkinensis,direct
Reptilia,Stichophanes ningshaanensis,Stichophanes ningshaanensis,direct
Reptilia,Subdoluseps bowringii,Lygosoma bowringii,iucn_binomial
Reptilia,Takydromus albomaculosus,,
Reptilia,Takydromus amurensis,Takydromus amurensis,direct
Reptilia,Takydromus formosanus,Takydromus formosanus,direct
Reptilia,Takydromus hsuehshanensis,Takydromus hsuehshanensis,direct
Reptilia,Takydromus intermedius,Takydromus intermedius,direct
Reptilia,Takydromus kuehnei,Takydromus kuehnei,direct
Reptilia,Takydromus luyeanus,Takydromus luyeanus,direct
Reptilia,Takydromus sauteri,Takydromus sauteri,direct
Reptilia,Takydromus septentrionalis,Takydromus septentrionalis,direct
Reptilia,Takydromus sexlineatus,Takydromus sexlineatus,direct
Reptilia,Takydromus smaragdinus,Takydromus smaragdinus,direct
Reptilia,Takydromus stejnegeri,Takydromus stejnegeri,direct
Reptilia,Takydromus sylvaticus,Takydromus sylvaticus,direct
Reptilia,Takydromus viridipunctatus,Takydromus viridipunctatus,direct
Reptilia,Takydromus wolteri,Takydromus wolteri,direct
Reptilia,Tenuidactylus dadunensis,Tenuidactylus dadunensis,direct
Reptilia,Tenuidactylus elongatus,Tenuidactylus elongatus,direct
Reptilia,Teratoscincus przewalskii,Teratoscincus przewalskii,direct
Reptilia,Teratoscincus roborowskii,Teratoscincus roborowskii,direct
Reptilia,Teratoscincus scincus,Teratoscincus scincus,direct
Reptilia,Thermophis baileyi,Thermophis baileyi,direct
Reptilia,Thermophis shangrila,,
Reptilia,Thermophis zhaoermii,Thermophis zhaoermii,direct
Reptilia,Trachischium fuscum,Trachischium fuscum,direct
Reptilia,Trachischium monticola,Trachischium monticola,direct
Reptilia,Trachischium tenuiceps,Trachischium tenuiceps,direct
Reptilia,Trapelus sanguinolentus,Trapelus sanguinolentus,direct
Reptilia,Trimeresurus albolabris,Trimeresurus albolabris,direct
Reptilia,Trimeresurus gracilis,Trimeresurus gracilis,direct
Reptilia,Trimeresurus gumprechti,Trimeresurus gumprechti,direct
Reptilia,Trimeresurus medoensis,Trimeresurus medoensis,direct
Reptilia,Trimeresurus popeiorum,Trimeresurus popeiorum,direct
Reptilia,Trimeresurus septentrionalis,Trimeresurus septentrionalis,direct
Reptilia,Trimeresurus sichuanensis,Trimeresurus sichuanensis,direct
Reptilia,Trimeresurus stejnegeri,Trimeresurus stejnegeri,direct
Reptilia,Trimeresurus tibetanus,Trimeresurus tibetanus,direct
Reptilia,Trimeresurus yunnanensis,Trimeresurus yunnanensis,direct
Reptilia,Trimerodytes aequifasciatus,Sinonatrix aequifasciata,iucn_binomial
Reptilia,Trimerodytes annularis,Sinonatrix annularis,iucn_binomial
Reptilia,Trimerodytes balteatus,Opisthotropis balteata,iucn_binomial
Reptilia,Trimerodytes percarinatus,Sinonatrix percarinata,iucn_binomial
Reptilia,Trimerodytes praemaxillaris,,
Reptilia,Trimerodytes yapingi,,
Reptilia,Trimerodytes yunnanensis,Sinonatrix yunnanensis,iucn_binomial
Reptilia,Tropidophorus baviensis,Tropidophorus baviensis,direct
Reptilia,Tropidophorus berdmorei,Tropidophorus berdmorei,direct
Reptilia,Tropidophorus guangxiensis,Tropidophorus guangxiensis,direct
Reptilia,Tropidophorus hainanus,Tropidophorus hainanus,direct
Reptilia,Tropidophorus sinicus,Tropidophorus sinicus,direct
Reptilia,Varanus bengalensis,Varanus bengalensis,direct
Reptilia,Varanus flavescens,Varanus flavescens,direct
Reptilia,Varanus salvator,Varanus salvator,direct
Reptilia,Vipera berus,Vipera berus,direct
Reptilia,Vipera renardi,Vipera renardi,direct
Reptilia,Xenopeltis hainanensis,Xenopeltis hainanensis,direct
Reptilia,Xenopeltis unicolor,Xenopeltis unicolor,direct
Reptilia,Zootoca vivipara,Zootoca vivipara,direct
